code,name
R40.1,Sững sờ
R40.2,"Hôn mê, không đặc hiệu"
R40.0,Buồn ngủ
R43.0,Mất khứu giác
R43.1,Loạn khứu giác
R43.2,Loạn vị giác
R43.8,Rối loạn khác và không xác định về mùi và vị
R46.3,Tăng động
R46.0,Ý thức vệ sinh cá nhân kém
R46.5,Nghi ngờ và lảng tránh rõ rệt
R46.8,Triệu chứng khác về vẻ bề ngoài và hành vi
R46.6,Lo lắng và bận tâm quá mức vì stress
R46.2,Hành vi kỳ lạ và khó hiểu
R46.7,Chứng nói dài và quá chi tiết gây khó hiểu
R46.1,Vẻ bề ngoài kỳ quặc con người
R46.4,Phản ứng nghèo nàn và chậm chạp
R44.1,Ảo giác nhìn
R44.0,Ảo giác âm thanh
R44.3,"Ảo giác, không đặc hiệu"
R44.8,Triệu chứng khác và không xác định về cảm giác và tri giác toàn thể
R44.2,Các ảo giác khác
R41.0,"Mất định hướng, không đặc hiệu"
R41.2,Quên ngược chiều
R41.3,Các loại quên khác
R41.8,Triệu chứng không xác định liên quan đến chức năng nhận thức và nhận biết
R41.1,Quên thuận chiều
R45.8,Triệu chứng khác về trạng thái cảm xúc
R45.3,Vô đạo đức và vô cảm
R45.6,Bạo hành về thể xác (thể lực)
R45.0,Căng thẳng
R45.1,Bồn chồn và kích động
R45.4,Cáu gắt và tức giận
R45.5,Thù định
R45.2,Bất ổn
R45.7,"Trạng thái sốc cảm xúc và stress, không đặc hiệu"
R76.0,Tăng chuẩn độ kháng thể
R76.8,Các kết quả miễn dịch bất thường đặc hiệu khác của huyết thanh
R76.1,Phản ứng bất thường với test tuberculin
R76.2,Test huyết thanh dương tính giả với giang mai
R76.9,"Phát hiện miễn dịch bất thường trong huyết thanh, không đặc hiệu"
R70.1,Bất thường độ nhớt huyết tương
R70.0,Tăng độ lắng hồng cầu
R77.9,"Bất thường của protein huyết tương, không đặc hiệu"
R77.8,Bất thường đặc hiệu khác của protein huyết tương
R77.2,Bất thường của alphafetoprotein
R77.1,Bất thường của globulin
R77.0,Bất thường của albumin
R78.7,Phát hiện nồng độ kim loại nặng bất thường trong máu
R78.8,Phát hiện các chất đặc hiệu khác mà bình thường không có trong máu
R78.2,Phát hiện cocain trong máu
R78.4,Phát hiện các chất khác có khả năng gây nghiện trong máu
R78.1,Phát hiện các chế phẩm thuốc phiện trong máu
R78.9,Phát hiện chất không xác định mà bình thường không có trong máu
R78.5,Phát hiện các chất hướng thần trong máu
R78.6,Phát hiện chất stieroid trong máu
R78.3,Phát hiện chất gây ảo giác trong máu
R78.0,Phát hiện có cồn trong máu
R74.9,Bất thường nồng độ của enzym huyết thanh không xác định
R74.0,Tăng mức men transaminase và men acid lactic dehydrogenase (LDH)
R74.8,Các bất thường nồng độ enzym huyết thanh khác
R73.0,Xét nghiệm dung nạp glucoza bất thường
R73.9,"Tăng đường huyết, không đặc hiệu"
R79.9,"Phát hiện bất thường về hoá sinh máu, không đặc hiệu"
R79.8,Các phát hiện bất thường đặc hiệu khác về hoá sinh máu
R79.0,Bất thường nồng độ khoáng chất trong máu
R30.0,Đái khó
R30.1,Đau thắt bàng quang
R30.9,"Đái dắt đau, không đặc hiệu"
R39.2,Urê máu cao ngoài thận
R39.0,Tràn máu nước tiểu
R39.1,Các khó khăn khác khi tiểu tiện
R39.8,Triệu chứng không xác định liên quan tới hệ tiết niệu
R00.1,"Nhịp tim chậm, không đặc hiệu"
R00.0,"Nhịp nhanh tim, không đặc hiệu"
R00.8,Bất thường khác và không xác định của nhịp tim
R00.3,"Ngừng tim với hoạt động điện vô mạch (PEA), không phân loại nơi khác"
R00.2,Đánh trống ngực
R04.8,Chảy máu các vị trí khác của đường hô hấp
R04.2,Ho ra máu
R04.0,Chảy máu cam
R04.9,Chảy máu đường hô hấp không đặc hiệu
R04.1,Chảy máu họng
R07.4,Đau ngực không đặc hiệu
R07.0,Đau tại họng
R07.1,Đau ngực khi thở
R07.3,Đau ngực khác
R07.2,Đau trước tim
R06.6,Thở nấc
R06.7,Hắt hơi
R06.5,Thở bằng miệng
R06.0,Khó thở
R06.2,Thở khò khè
R06.3,Thở có tính chu kỳ
R06.1,Thở rít
R06.4,Tăng thông khí
R06.8,Bất thường khác và không xác định về nhịp thở
R01.1,"Tiếng thổi tim, không đặc hiệu"
R01.2,Tiếng tim khác
R01.0,Tiếng thổi tim lành tính và không hại
R03.1,Số đo huyết áp thấp không xác định
R03.0,"Số đo huyết áp tăng, không chẩn đoán tăng huyết áp"
R09.1,Viêm màng phổi
R09.8,Các triệu chứng đặc hiệu khác liên quan tới hệ tuần hoàn và hô hấp
R09.3,Đờm bất thường
R09.2,Ngừng thở
R09.0,Ngạt
R19.1,Tiếng ruột bất thường
R19.2,Nhu động ruột có thể nhìn được
R19.5,Bất thường khác của phân
R19.6,Chứng hôi miệng
R19.3,Cứng bụng
R19.4,Thay đổi thói quen của ruột
R19.8,Triệu chứng đặc hiệu khác liên quan tới hệ tiêu hoá và bụng
R19.0,Sưng hoặc khối u trong bụng và vùng vùng chậu
R10.3,Đau khu trú tại các vùng khác của bụng dưới
R10.0,Đau bụng cấp
R10.2,Đau vùng chậu và đáy chậu
R10.4,Đau bụng khác và không xác định
R10.1,Đau bụng khu trú bụng trên
R16.2,"Gan to kèm lách to, không phân loại nơi khác"
R16.0,"Gan to, không phân loại nơi khác"
R16.1,"Lách to, không phân loại nơi khác"
R17.9,"Tăng bilirubin huyết không đề cập đến vàng da, không phân loại nơi khác"
R17.0,"Tăng bilirubin huyết có đề cập đến vàng da, không phân loại nơi khác"
R48.8,Rối loạn chức năng nhận dạng ký tự khác và không xác định
R48.1,Mất nhận thức
R48.2,Mất khả năng điều khiển động tác
R48.0,Rối loạn khả năng đọc và mất khả năng đọc
R47.0,Rối loạn khả năng ngôn ngữ và mất khả năng ngôn ngữ
R47.8,Rối loạn ngôn ngữ khác và không xác định
R47.1,Rối loạn vận ngôn và mất vận ngôn
R49.2,Giọng mũi cao và giọng âm mũi thấp
R49.8,Rối loạn giọng nói khác và không xác định
R49.0,Chứng khó phát âm
R49.1,Mất tiếng
R27.0,"Mất điều hoà vận động, không đặc hiệu"
R27.8,Thiếu phối hợp khác và không xác định
R29.8,Triệu chứng khác và không xác định liên quan tới hệ thần kinh và cơ xương
R29.3,Tư thế bất thường
R29.6,"Dễ ngã, không phân loại nơi khác"
R29.4,Chậu hông khoèo
R29.2,Phản xạ bất thường
R29.0,Co cứng
R29.1,Hội chứng (co cứng) màng não
R25.8,Vận động không tự chủ bất thường khác và không xác định
R25.3,Co cứng cơ cục bộ
R25.0,Bất thường vận động đầu
R25.2,Chuột rút và co cứng
R25.1,"Rung, không đặc hiệu"
R26.0,Dáng đi mất điều vận
R26.1,Dáng đi liệt
R26.8,Dáng đi và di chuyển bất thường khác và không xác định
R26.2,"Khó khăn khi đi, không phân loại nơi khác"
R26.3,Bất động
R62.8,Phát triển sinh lý không bình thường khác
R62.0,Chậm đạt các mốc phát triển
R62.9,"Phát triển sinh lí không bình thường, không đặc hiệu"
R68.3,Chứng ngón tay hình dùi trống
R68.2,Miệng khô không đặc hiệu
R68.0,"Hạ thân nhiệt, không liên quan đến nhiệt độ môi trường thấp"
R68.8,Triệu chứng toàn thể xác định khác
R68.1,Triệu chứng riêng không đặc hiệu của trẻ em
R63.0,Chán ăn
R63.4,Giảm cân bất thường
R63.2,Chứng ăn nhiều
R63.6,Thiếu ăn và uống
R63.5,Tăng cân bất thường
R63.1,Chứng khát nước nhiều
R63.8,Triệu chứng khác liên quan đến thức ăn và dịch đưa vào cơ thể
R63.3,Khó khăn khi cho ăn và quản lý kém
R60.9,Phù không đặc hiệu
R60.1,Phù toàn thể
R60.0,Phù khu trú
R59.0,Hạch to khu trú
R59.1,Hạch to toàn thân
R59.9,"Hạch to, không đặc hiệu"
R52.0,Đau cấp tính
R52.1,Đau mạn tính khó chữa
R52.9,"Đau, không đặc hiệu"
R52.2,Đau mạn tính khác
R50.8,Sốt xác định khác
R50.2,Sốt do thuốc
R50.9,"Sốt, không đặc hiệu"
R65.0,Hội chứng đáp ứng viêm hệ thống do nhiễm trùng không suy tạng
R65.1,Hội chứng đáp ứng viêm hệ thống do nhiễm trùng có suy tạng
R65.3,Hội chứng đáp ứng viêm hệ thống không do nhiễm trùng có suy tạng
R65.2,Hội chứng đáp ứng viêm hệ thống không do nhiễm trùng không suy tạng
R65.9,"Hội chứng đáp ứng viêm hệ thống, không đặc hiệu"
R61.1,Tăng tiết mồ hôi toàn thể
R61.9,"Tăng tiết mồ hôi, không đặc hiệu"
R61.0,Tăng tiết mồ hôi khu trú
R57.1,Sốc giảm thể tích
R57.8,Sốc khác
R57.9,Sốc không đặc hiệu
R57.0,Sốc tim
R57.2,Sốc nhiễm khuẩn
R56.8,Co giật khác và không xác định
R56.0,Co giật do sốt
R82.6,Nồng độ bất thường của các chất không phải là thuốc điều trị
R82.0,Dưỡng chấp niệu
R82.1,Myoglobin niệu
R82.5,"Nồng độ tăng cao trong nước tiểu của thuốc, dược phẩm và chất sinh học"
R82.3,Haemoglobin niệu
R82.8,Phát hiện bất thường về xét nghiệm tế bào và tổ chức học trong nước tiểu
R82.4,Aceton niệu
R82.7,Các phát hiện bất thường về xét nghiệm vi khuẩn trong nước tiểu
R82.2,Đái sắc tố mật
R82.9,Phát hiện bất thường khác và không xác định trong nước tiểu
R87.7,Các phát hiện bất thường trong bệnh phẩm của cơ quan sinh dục nữ: bất thường về mô
R87.9,Các phát hiện bất thường trong bệnh phẩm của cơ quan sinh dục nữ: bất thường không xác định
R87.8,Các phát hiện bất thường trong bệnh phẩm của cơ quan sinh dục nữ: bất thường khác
R87.2,"Các phát hiện bất thường trong bệnh phẩm của cơ quan sinh dục nữ: nồng độ bất thường của thuốc, dược phẩm và chất sinh học"
R87.0,Các phát hiện bất thường trong bệnh phẩm của cơ quan sinh dục nữ: nồng độ bất thường của men
R87.1,Các phát hiện bất thường trong bệnh phẩm của cơ quan sinh dục nữ: nồng độ bất thường của hormon
R87.5,Các phát hiện bất thường trong bệnh phẩm của cơ quan sinh dục nữ: bất thường về vi sinh
R87.3,"Các phát hiện bất thường trong bệnh phẩm của cơ quan sinh dục nữ: nồng độ bất thường của thuốc, dược phẩm và chất sinh học khác"
R87.6,Các phát hiện bất thường trong bệnh phẩm của cơ quan sinh dục nữ: bất thường về tế bào
R87.4,Các phát hiện bất thường trong bệnh phẩm của cơ quan sinh dục nữ: bất thường về miễn dịch
R86.1,Các phát hiện bất thường trong mẫu vật của cơ quan sinh dục nam: nồng độ bất thường của hormon
R86.2,"Các phát hiện bất thường trong mẫu vật của cơ quan sinh dục nam: nồng độ bất thường của thuốc, dược phẩm và chất sinh học khác"
R86.5,Các phát hiện bất thường trong mẫu vật của cơ quan sinh dục nam: bất thường về vi sinh
R86.4,Các phát hiện bất thường trong mẫu vật của cơ quan sinh dục nam: bất thường về miễn dịch
R86.7,Các phát hiện bất thường trong mẫu vật của cơ quan sinh dục nam: bất thường về mô
R86.9,Các phát hiện bất thường trong mẫu vật của cơ quan sinh dục nam: bất thường không xác định
R86.6,Các phát hiện bất thường trong mẫu vật của cơ quan sinh dục nam: bất thường về tế bào
R86.0,Các phát hiện bất thường trong mẫu vật của cơ quan sinh dục nam: nồng độ bất thường của men
R86.3,Các phát hiện bất thường trong mẫu vật của cơ quan sinh dục nam: nồng độ bất thường của các chất không phải là thuốc điều trị
R86.8,Các phát hiện bất thường trong mẫu vật của cơ quan sinh dục nam: bất thường khác
R85.9,Các phát hiện bất thường trong mẫu bệnh phẩm từ cơ quan tiêu hoá và ổ bụng: bất thường không xác định
R85.3,Các phát hiện bất thường trong mẫu bệnh phẩm từ cơ quan tiêu hoá và ổ bụng: nồng độ bất thường của các chất không phải là thuốc điều trị
R85.0,Các phát hiện bất thường trong mẫu bệnh phẩm từ cơ quan tiêu hoá và ổ bụng: nồng độ bất thường của men
R85.8,Các phát hiện bất thường trong mẫu bệnh phẩm từ cơ quan tiêu hoá và ổ bụng: bất thường khác
R85.4,Các phát hiện bất thường trong mẫu bệnh phẩm từ cơ quan tiêu hoá và ổ bụng: bất thường về miễn dịch
R85.5,Các phát hiện bất thường trong mẫu bệnh phẩm từ cơ quan tiêu hoá và ổ bụng: bất thường về vi sinh
R85.1,Các phát hiện bất thường trong mẫu bệnh phẩm từ cơ quan tiêu hoá và ổ bụng: nồng độ bất thường của hormon
R85.7,Các phát hiện bất thường trong mẫu bệnh phẩm từ cơ quan tiêu hoá và ổ bụng: bất thường về mô
R85.2,"Các phát hiện bất thường trong mẫu bệnh phẩm từ cơ quan tiêu hoá và ổ bụng: nồng độ bất thường của thuốc, dược phẩm và chất sinh học"
R85.6,Các phát hiện bất thường trong mẫu bệnh phẩm từ cơ quan tiêu hoá và ổ bụng: bất thường về tế bào
R83.3,Các phát hiện bất thường về xét nghiệm dịch não tuỷ: nồng độ bất thường của các chất không phải là thuốc điều trị
R83.6,Các phát hiện bất thường về xét nghiệm dịch não tuỷ: bất thường về tế bào
R83.0,Các phát hiện bất thường về xét nghiệm dịch não tuỷ: nồng độ bất thường của men
R83.9,Các phát hiện bất thường về xét nghiệm dịch não tuỷ: bất thường không xác định
R83.7,Các phát hiện bất thường về xét nghiệm dịch não tuỷ: bất thường về mô
R83.5,Các phát hiện bất thường về xét nghiệm dịch não tuỷ: bất thường về vi sinh
R83.2,"Các phát hiện bất thường về xét nghiệm dịch não tuỷ: nồng đô bất thường của thuốc, dược phẩm và chất sinh học"
R83.4,Các phát hiện bất thường về xét nghiệm dịch não tuỷ: bất thường về miễn dịch
R83.8,Các phát hiện bất thường về xét nghiệm dịch não tuỷ: bất thường khác
R83.1,Các phát hiện bất thường về xét nghiệm dịch não tuỷ: nồng độ bất thường của hormon
R89.2,"Các phát hiện bất thường trong mẫu vật của các cơ quan, hệ thống và mô khác: nồng độ bất thường của thuốc, dược phẩm và chất sinh học"
R89.4,"Các phát hiện bất thường trong mẫu vật của các cơ quan, hệ thống và mô khác: bất thường về miễn dịch"
R89.5,"Các phát hiện bất thường trong mẫu vật của các cơ quan, hệ thống và mô khác: bất thường về vi sinh"
R89.1,"Các phát hiện bất thường trong mẫu vật của các cơ quan, hệ thống và mô khác: nồng độ bất thường của hormon"
R89.9,"Các phát hiện bất thường trong mẫu vật của các cơ quan, hệ thống và mô khác: bất thường không xác định"
R89.3,"Các phát hiện bất thường trong mẫu vật của các cơ quan, hệ thống và mô khác: nồng độ bất thường của các chất không phải là thuốc điều trị"
R89.0,"Các phát hiện bất thường trong mẫu vật của các cơ quan, hệ thống và mô khác: nồng độ bất thường của men"
R89.7,"Các phát hiện bất thường trong mẫu vật của các cơ quan, hệ thống và mô khác: bất thường về mô"
R89.8,"Các phát hiện bất thường trong mẫu vật của các cơ quan, hệ thống và mô khác: bất thường khác"
R89.6,"Các phát hiện bất thường trong mẫu vật của các cơ quan, hệ thống và mô khác: bất thường về tế bào"
R84.2,"Các phát hiện bất thường trong dịch não tuỷ: nồng độ bất thường của thuốc, dược phẩm và chất sinh học"
R84.7,Các phát hiện bất thường trong mẫu bệnh phẩm từ cơ quan hô hấp và lồng ngực: bất thường về mô
R84.4,Các phát hiện bất thường trong mẫu bệnh phẩm từ cơ quan hô hấp và lồng ngực: bất thường về các chất kh
R84.8,Các phát hiện bất thường trong mẫu bệnh phẩm từ cơ quan hô hấp và lồng ngực: bất thường khác
R84.1,Các phát hiện bất thường trong mẫu bệnh phẩm từ cơ quan hô hấp và lồng ngực: nồng độ bất thường của hormon
R84.0,Các phát hiện bất thường trong mẫu bệnh phẩm từ cơ quan hô hấp và lồng ngực: nồng độ bất thường về men
R84.3,Các phát hiện bất thường trong mẫu bệnh phẩm từ cơ quan hô hấp và lồng ngực: nồng độ bất thường của các chất không phải là thuốc điều trị
R84.6,Các phát hiện bất thường trong mẫu bệnh phẩm từ cơ quan hô hấp và lồng ngực: bất thường về tế bào
R84.5,Các phát hiện bất thường trong mẫu bệnh phẩm từ cơ quan hô hấp và lồng ngực: bất thường về vi sinh
R84.9,Các phát hiện bất thường trong mẫu bệnh phẩm từ cơ quan hô hấp và lồng ngực: bất thường không xác định
R93.7,Các phát hiện bất thường về chẩn đoán hình ảnh của các phần khác của hệ xương
R93.8,Các phát hiện bất thường về chẩn đoán hình ảnh của các cấu trúc cơ thể xác định khác
R93.1,"Các phát hiện bất thường về chẩn đoán hình ảnh của tim và mạch vành, không đặc hiệu"
R93.4,Các phát hiện bất thường về chẩn đoán hình ảnh của cơ quan tiết niệu
R93.6,Các phát hiện bất thường về chẩn đoán hình ảnh của các chi
R93.5,"Các phát hiện bất thường về chẩn đoán hình ảnh của vùng bụng khác, kể cả khoang sau màng bụng"
R93.0,"Các phát hiện bất thường về chẩn đoán hình ảnh của xương sọ và đầu, không phân loại nơi khác"
R93.3,Các phát hiện bất thường về chẩn đoán hình ảnh của các phần khác của đường tiêu hoá
R93.2,Các phát hiện bất thường về chẩn đoán hình ảnh của gan và đường dẫn mật
R90.0,Tổn thương choán chỗ nội sọ
R90.8,Các phát hiện bất thường khác về chẩn đoán hình ảnh của hệ thần kinh trung ương
R94.8,Kết quả bất thường về thăm dò chức năng các cơ quan và hệ thống khác
R94.6,Kết quả bất thường về thăm dò chức năng tuyến giáp
R94.3,Kết quả bất thường về thăm dò chức năng tuần hoàn
R94.1,Kết quả bất thường về thăm dò chức năng của hệ thần kinh ngoại biên và các giác quan đặc hiệu
R94.0,Kết quả bất thường về thăm dò chức năng của hệ thần kinh trung ương
R94.2,Kết quả bất thường về thăm dò chức năng phổi
R94.4,Kết quả bất thường về thăm dò chức năng thận
R94.7,Kết quả bất thường về thăm dò chức năng nội tiết khác
R94.5,Kết quả bất thường về thăm dò chức năng gan
R96.1,"Tử vong dưới 24 giờ sau khi khởi phát các triệu chứng, không có cách giải thích"
R96.0,Đột tử
R95.9,Hội chứng đột tử trẻ em không đề cập đến khám nghiệm tử thi
R95.0,Hội chứng đột tử trẻ em có đề cập đến khám nghiệm tử thi
R22.1,"Sưng khu trú, khối và cục ở cổ"
R22.2,"Sưng khu trú, khối và cục ở thân mình"
R22.4,"Sưng khu trú, khối và cục ở chi dưới"
R22.3,"Sưng khu trú, khối và cục ở chi trên"
R22.0,"Sưng khu trú, khối và cục ở đầu"
R22.7,"Sưng khu trú, khối và cục ở nhiều vị trí"
R22.9,"Sưng khu trú, khối và cục, không đặc hiệu"
R23.4,Thay đổi kết cấu da
R23.2,Chứng đỏ bừng mặt
R23.1,Da xanh nhợt
R23.0,Da xanh tím
R23.3,Ban xuất huyết ngẫu phát
R23.8,Các thay đổi khác và không xác định của da
R20.1,Giảm cảm giác da
R20.3,Tăng cảm giác
R20.0,Mất cảm giác da
R20.8,Rối loạn khác và không xác định của cảm giác da
R20.2,Dị cảm da
D55.0,Thiếu máu do thiếu men glucose- 6- phosphate dehydrogenase
D55.9,"Thiếu máu do rối loạn men, không đặc hiệu"
D55.3,Thiếu máu do rối loạn chuyển hoá nucleotide
D55.2,Thiếu máu do rối loạn các men phân giải glucose
D55.1,Thiếu máu do các rối loạn chuyển hoá glutathione khác
D55.8,Thiếu máu khác do rối loạn men
D57.3,Hồng cầu hình liềm thể nhẹ
D57.8,Rối loạn hồng cầu hình liềm khác
D57.2,Di hợp tử kép hồng cầu hình liềm với các Hb bất thường khác
D57.1,Thiếu máu hồng cầu hình liềm không có cơn tan máu
D57.0,Thiếu máu hồng cầu hình liềm có cơn tan máu
D59.2,Thiếu máu tan máu do thuốc không phải tự miễn dịch
D59.6,Đái huyết sắc tố do tan máu từ những nguyên nhân ngoại sinh khác
D59.8,Các thiếu máu tan máu mắc phải khác
D59.0,Thiếu máu tan máu tự miễn dịch do thuốc
D59.5,Đái huyết sắc tố kịch phát ban đêm [Hội chứng Marchifava- Micheli]
D59.3,Hội chứng tan máu tăng urê máu
D59.4,Các thiếu máu tan máu không phải tự miễn dịch khác
D59.9,Thiếu máu tan máu mắc phải không đặc hiệu
D59.1,Các thiếu máu tan máu tự miễn dịch khác
D56.2,Bệnh thalassemia thể delta- beta
D56.9,Thalassemia không đặc hiệu
D56.0,Bệnh Alpha thalassemia
D56.4,Tồn tại di truyền huyết sắc tố bào thai
D56.8,Các bệnh Thalassemia thể khác
D56.3,Bệnh Thalassemia thể nhẹ
D56.1,Bệnh Beta thalassemia
D58.0,Hồng cầu hình cầu di truyền
D58.9,Thiếu máu tan máu di truyền không đặc hiệu
D58.8,Các thiếu máu tan máu di truyền đặc hiệu khác
D58.1,Hồng cầu hình elip di truyền
D58.2,Các bệnh huyết sắc tố khác
D51.9,"Thiếu máu thiếu vitamin B12, không đặc hiệu"
D51.0,Thiếu máu thiếu vitamin B12 do thiếu yếu tố nội sinh
D51.2,Thiếu Transcobalamin II
D51.8,Thiếu máu thiếu vitamin B12 khác
D51.3,Thiếu máu thiếu vitamin B12 do chế độ ăn khác
D51.1,Thiếu vitamin B12 do giảm hấp thu chọn lọc vitamin B12 kèm theo protein niệu
D53.9,Thiếu máu dinh dưỡng không đặc hiệu
D53.8,Các thiếu máu dinh dưỡng đặc hiệu khác
D53.1,"Các thiếu máu nguyên hồng cầu khổng lồ khác, không phân loại nơi khác"
D53.0,Thiếu máu do thiếu protein
D53.2,Thiếu máu thiếu vitamin C
D52.8,Thiếu máu thiếu folate khác
D52.1,Thiếu máu thiếu folate do thuốc
D52.9,Thiếu máu thiếu folate không đặc hiệu
D52.0,Thiếu máu thiếu folate do chế độ ăn
D50.8,Thiếu máu thiếu sắt khác
D50.9,Thiếu máu thiếu sắt không đặc hiệu
D50.1,Chứng khó nuốt do thiếu sắt
D50.0,Thiếu máu thiếu sắt thứ phát do mất máu (mạn tính)
D83.9,Suy giảm miễn dịch biến thiên phổ biến không đặc hiệu
D83.0,Suy giảm miễn dịch một số biến thể do bất thường về số lượng và chức năng lympho B
D83.2,Suy giảm miễn dịch biến thể phổ biến với tự kháng thể chống lympho B hoặc T
D83.8,Suy giảm miễn dịch biến thiên phổ biến khác
D83.1,Suy giảm miễn dịch biến thể chủ yếu do rối loạn điều hoà miễn dịch của lympho T
D82.4,Hội chứng tăng immunoglobulin E [IgE]
D82.1,Hội chứng Di George
D82.3,Suy giảm miễn dịch sau đáp ứng bị khuyết thiếu với vi rút Epstein- Barr mang tính di truyền
D82.2,Suy giảm miễn dịch kèm chứng ngắn chi
D82.0,Hội chứng Wiskott- Aldrich
D82.9,"Suy giảm miễn dịch khiếm khuyết chủ yếu, không đặc hiệu"
D82.8,Suy giảm miễn dịch liên quan với các bất thường lớn đặc hiệu khác
D86.3,Bệnh sarcoid (u hạt) da
D86.1,Bệnh sarcoid (u hạt) hạch bạch huyết
D86.8,Bệnh sarcoid (u hạt) hỗn hợp và tại các khu vực khác
D86.0,Bệnh sarcoid (u hạt) phổi
D86.2,Bệnh sarcoid (u hạt) phổi và hạch bạch huyết
D86.9,Bệnh sarcoid (u hạt) không đặc hiệu
D80.7,Giảm gammaglobulin máu thoáng qua ở trẻ nhỏ
D80.9,"Thiếu hụt miễn dịch do thiếu kháng thể là chủ yếu, không đặc hiệu"
D80.1,Giảm gammaglobulin máu không có yếu tố gia đình
D80.0,Giảm gammaglobulin máu di truyền
D80.5,Suy giảm miễn dịch có tăng immunoglobulin M [IgM]
D80.2,Thiếu hụt immunoglobulin A IgA chọn lọc
D80.8,Suy giảm miễn dịch khác do thiếu kháng thể là chủ yếu
D80.3,Thiếu hụt phân nhóm immunoglobulin G IgG chọn lọc
D80.4,Thiếu hụt immunoglobulin M [IgM] chọn lọc
D80.6,Thiếu hụt kháng thể với hàm lượng các immunoglobulin giảm ít hoặc tăng immuglobulin máu
D89.8,"Rối loạn xác định khác liên quan đến cơ chế miễn dịch, không phân loại nơi khác"
D89.0,Tăng gammaglobulin máu đa dòng
D89.3,Hội chứng tái tạo miễn dịch
D89.9,"Rối loạn liên quan đến cơ chế miễn dịch, không đặc hiệu"
D89.1,Bệnh kháng thể (tăng globulin) ngưng kết lạnh
D89.2,Tăng gammaglobulin máu không đặc hiệu
D81.2,Thiếu hụt miễn dịch kết hợp nghiêm trọng [SCID] với số lượng lympho B thấp hoặc bình thường
D81.3,Thiếu hụt enzim adenosine deaminase [ADA]
D81.6,Thiếu hụt phức hợp hoà hợp tổ chức lớp I (MHC I)
D81.4,Hội chứng Nezelof
D81.8,Suy giảm miễn dịch kết hợp khác
D81.9,Suy giảm miễn dịch hỗn hợp không đặc hiệu
D81.1,Thiếu hụt miễn dịch kết hợp nghiêm trọng [SCID] với giảm số lượng lympho T và B
D81.7,Thiếu hụt phức hợp hoà hợp tổ chức lớp II (MHC II)
D81.0,Thiếu hụt miễn dịch kết hợp nghiêm trọng [SCID] với loạn sinh liên võng
D81.5,Thiếu hụt emzim purine nucleoside phosphorylase [PNP]
D84.0,Bất thường kháng nguyên chức năng 1 của lymphocyte [LFA- 1]
D84.9,Suy giảm miễn dịch không đặc hiệu
D84.8,Suy giảm miễn dịch đặc hiệu khác
D84.1,Bất thường của hệ thống bổ thể
D73.4,Nang lách
D73.1,Cường lách
D73.5,Nhồi máu lách
D73.2,Lách to sung huyết mạn tính
D73.3,Áp xe lách
D73.0,Thiểu năng lách
D73.8,Bệnh khác của lách
D73.9,Bệnh lách không đặc hiệu
D74.8,Methemoglobin huyết khác
D74.9,"Methaemoglobin huyết, không đặc hiệu"
D74.0,Methemoglobin huyết bẩm sinh
D75.1,Bệnh tăng hồng cầu thứ phát
D75.8,Bệnh đặc hiệu khác của máu và cơ quan tạo máu
D75.0,Tăng hồng cầu gia đình
D75.9,Bệnh của máu và cơ quan tạo máu không đặc hiệu
D72.8,Rối loạn đặc hiệu khác của bạch cầu
D72.9,Rối loạn bạch cầu không đặc hiệu
D72.1,Tình trạng tăng bạch cầu ưa acid
D72.0,Bất thường di truyền của bạch cầu
D76.2,Hội chứng thực bào máu liên quan đến nhiễm trùng
D76.3,Hội chứng mô bào khác
D76.1,Hội chứng thực bào máu (HLH)
D63.8*,Thiếu máu trong bệnh mạn tính phân loại nơi khác
D63.0*,Thiếu máu trong bệnh ác tính (C00- D48†)
D64.8,Thiếu máu đặc hiệu khác
D64.9,Thiếu máu không đặc hiệu
D64.4,Thiếu máu rối loạn sinh sản dòng hồng cầu bẩm sinh
D64.2,Thiếu máu nguyên hồng cầu sắt thứ phát do thuốc và độc chất
D64.0,Thiếu máu nguyên hồng cầu sắt di truyền
D64.3,Các thiếu máu nguyên hồng cầu sắt khác
D64.1,Thiếu máu nguyên hồng cầu sắt thứ phát do bệnh lý
D61.0,Suy tuỷ xương bẩm sinh
D61.1,Suy tuỷ xương do thuốc
D61.3,Suy tuỷ xương vô căn
D61.2,Suy tuỷ xương do các nguyên nhân ngoại sinh khác
D61.9,Suy tuỷ xương không đặc hiệu khác
D61.8,Suy tuỷ xương đặc hiệu khác
D60.9,Suy tuỷ xương một dòng hồng cầu mắc phải không đặc hiệu
D60.0,Suy tuỷ xương một dòng hồng cầu mắc phải mạn tính
D60.1,Suy tuỷ xương một dòng hồng cầu mắc phải thoáng qua
D60.8,Suy tuỷ xương một dòng hồng cầu mắc phải khác
D68.5,Bệnh tăng đông máu nguyên phát
D68.0,Bệnh Von Willebrand
D68.2,Thiếu các yếu tố đông máu khác do di truyền
D68.6,Bệnh tăng đông máu khác
D68.1,Thiếu yếu tố XI di truyền
D68.9,Rối loạn đông máu không đặc hiệu
D68.4,Thiếu hụt yếu tố đông máu mắc phải
D68.3,Xuất huyết do có kháng đông lưu hành
D68.8,Rối loạn đông máu đặc hiệu khác
D69.6,Giảm tiểu cầu không đặc hiệu
D69.1,Bất thường chất lượng tiểu cầu
D69.5,Giảm tiểu cầu thứ phát
D69.9,Tình trạng xuất huyết không đặc hiệu
D69.8,Tình trạng xuất huyết đặc hiệu khác
D69.0,Ban xuất huyết dị ứng
D69.3,Giảm tiểu cầu miễn dịch nguyên phát
D69.4,Giảm tiểu cầu tiên phát khác
D69.2,Ban xuất huyết không giảm tiểu cầu khác
Y06.1,Bị bỏ bê hay bỏ rơi: Do cha mẹ
Y06.0,Bị bỏ bê hay bỏ rơi: Do vợ chồng hay người cộng tác
Y06.9,"Bị bỏ bê hay bỏ rơi: Do người khác, không xác định"
Y06.8,"Bị bỏ bê hay bỏ rơi: Do người khác, xác định"
Y06.2,Bị bỏ bê hay bỏ rơi: Do người quen hay bạn
X88.0,Tấn công bằng carbon monoxide từ khí thải động cơ đốt trong
X88.2,Tấn công bằng khí carbon monoxide từ nhiên liệu hoá thạch dân dụng khác
X88.1,Tấn công bằng khí carbon monoxide từ khí ga tiêu dùng
X88.9,Tấn công bằng khí ga và hơi không xác định
X88.3,Tấn công bằng khí carbon monoxide từ nguồn khác
X88.4,Tấn công bằng khí carbon monoxide từ nguồn không xác định
X88.8,Tấn công bằng khí carbon monoxide từ khí ga và hơi xác định khác
Y07.1,Bị hành hạ: Do cha mẹ
Y07.9,Bị hành hạ: Do người không xác định
Y07.8,Bị hành hạ: Do người xác định khác
Y07.3,Bị hành hạ: Do công chức có thẩm quyền
Y07.2,Bị hành hạ: Do người quen hay bạn
Y07.0,"Bị hành hạ: Do vợ, chồng hay bạn tình"
Y35.4,Can thiệp pháp lý bằng vật sắc nhọn
Y35.7,"Can thiệp pháp lý, phương tiện không xác định"
Y35.1,Can thiệp pháp lý bằng chất nổ
Y35.2,Can thiệp pháp lý bằng hơi cay
Y35.6,Can thiệp pháp lý bằng các phương tiện xác định khác
Y35.5,Hành hình hợp pháp
Y35.3,Can thiệp pháp lý bằng vật tầy
Y35.0,Can thiệp pháp lý bằng súng đạn
Y36.0,Hoạt động chiến tranh do hoả khí của lính thuỷ gây ra
Y36.8,Hoạt động chiến tranh xảy ra sau khi đã chấm dứt chiến sự
Y36.4,Hoạt động chiến tranh liên quan đạn súng cầm tay và các loại súng thông thường khác trong chiến tranh
Y36.2,Hoạt động chiến tranh liên quan đến chất nổ và bom khác
Y36.6,Hoạt động chiến tranh liên quan vũ khí sinh học
Y36.9,"Hoạt động chiến tranh, không xác định"
Y36.7,Hoạt động chiến tranh liên quan đến vũ khí hoá học và các vũ khí khác không theo qui ước chiến tranh
Y36.1,Hoạt động chiến tranh liên quan đến phá huỷ phương tiện bay
Y36.3,"Hoạt động chiến tranh liên quan đến đám cháy, hoả hoạn và chất nóng"
Y36.5,Hoạt động chiến tranh liên quan vũ khí hạt nhân
Y51.5,"Thuốc gây tác dụng không mong muốn [ADR] trong điều trị: Chất ưu tiên trên cảm thụ anpha- adrenergic, không phân loại nơi khác"
Y51.4,"Thuốc gây tác dụng không mong muốn [ADR] trong điều trị: Chất ưu tiên cảm thụ alpha- adrenergic, không phân loại nơi khác"
Y51.8,"Thuốc gây tác dụng không mong muốn [ADR] trong điều trị: Chất hoạt động ở trung ương và chẹn hệ adrenergic, không phân loại nơi khác"
Y51.2,"Thuốc gây tác dụng không mong muốn [ADR] trong điều trị: Thuốc chẹn hạch, không phân loại nơi khác"
Y51.7,"Thuốc gây tác dụng không mong muốn [ADR] trong điều trị: Chất đối kháng cảm thụ Beta- adrenoreceptor, không phân loại nơi khác"
Y51.0,Thuốc gây tác dụng không mong muốn [ADR] trong điều trị: Chất kháng cholinesterase
Y51.9,Thuốc gây tác dụng không mong muốn [ADR] trong điều trị: Thuốc tác dụng trước hết lên hệ thần kinh tự chủ khác và không xác định
Y51.3,"Thuốc gây tác dụng không mong muốn [ADR] trong điều trị: Các thuốc giải phó giao cảm (kháng cholinergic và kháng muscarin) và giảm co bóp khác, không phân loại nơi khác"
Y51.6,"Thuốc gây tác dụng không mong muốn [ADR] trong điều trị: Chất đối kháng cảm thụ anpha- adrenalin, không phân loại nơi khác"
Y51.1,Thuốc gây tác dụng không mong muốn [ADR] trong điều trị: Chất giống phó giao cảm khác (cholinergic)
Y57.5,Thuốc gây tác dụng không mong muốn [ADR] trong điều trị: Chất cản quang [đối quang]
Y57.4,Thuốc gây tác dụng không mong muốn [ADR] trong điều trị: Tá dược
Y57.7,"Thuốc gây tác dụng không mong muốn [ADR] trong điều trị: Vitamin, không phân loại nơi khác"
Y57.9,"Thuốc gây tác dụng không mong muốn [ADR] trong điều trị: Thuốc, dược chất không xác định"
Y57.3,Thuốc gây tác dụng không mong muốn [ADR] trong điều trị: Thuốc giải rượu
Y57.8,"Thuốc gây tác dụng không mong muốn [ADR] trong điều trị: Thuốc, dược chất khác"
Y57.2,"Thuốc gây tác dụng không mong muốn [ADR] trong điều trị: Chất giải độc và chất chelating, không phân loại nơi khác"
Y57.1,Thuốc gây tác dụng không mong muốn [ADR] trong điều trị: Thuốc hướng mỡ
Y57.0,Thuốc gây tác dụng không mong muốn [ADR] trong điều trị: Giảm ngon miệng (làm chán ăn)
Y57.6,Thuốc gây tác dụng không mong muốn [ADR] trong điều trị: Các chất dùng để chẩn đoán khác
Y40.0,Thuốc gây tác dụng không mong muốn [ADR] trong điều trị: Penicillin
Y40.8,Thuốc gây tác dụng không mong muốn [ADR] trong điều trị: Các kháng sinh dùng đường toàn thân khác
Y40.3,Thuốc gây tác dụng không mong muốn [ADR] trong điều trị: Macrolid
Y40.7,Thuốc gây tác dụng không mong muốn [ADR] trong điều trị: Kháng sinh chống nấm dùng đường toàn thân
Y40.6,Thuốc gây tác dụng không mong muốn [ADR] trong điều trị: Rifamycin
Y40.2,Thuốc gây tác dụng không mong muốn [ADR] trong điều trị: Nhóm chloramphenicol
Y40.5,Thuốc gây tác dụng không mong muốn [ADR] trong điều trị: Aminoglycosid
Y40.4,Thuốc gây tác dụng không mong muốn [ADR] trong điều trị: Tetracyclin
Y40.9,Thuốc gây tác dụng không mong muốn [ADR] trong điều trị: Kháng sinh toàn thân không xác định
Y40.1,Thuốc gây tác dụng không mong muốn [ADR] trong điều trị: Cefalosporin và các kháng sinh β- lactam khác
Y48.5,Thuốc gây tác dụng không mong muốn [ADR] trong điều trị: Khí điều trị
Y48.0,Thuốc gây tác dụng không mong muốn [ADR] trong điều trị: Thuốc gây mê hô hấp
Y48.3,Thuốc gây tác dụng không mong muốn [ADR] trong điều trị: Thuốc tê tại chỗ
Y48.1,Thuốc gây tác dụng không mong muốn [ADR] trong điều trị: Thuốc gây mê tiêm
Y48.2,Thuốc gây tác dụng không mong muốn [ADR] trong điều trị: Thuốc gây mê toàn thân khác và không xác định
Y48.4,"Thuốc gây tác dụng không mong muốn [ADR] trong điều trị: Thuốc mê- tê, không xác định"
Y42.8,"Thuốc gây tác dụng không mong muốn [ADR] trong điều trị: Các hormon khác, không xác định và các chất thay thế tổng hợp của chúng"
Y42.6,"Thuốc gây tác dụng không mong muốn [ADR] trong điều trị: Kháng gonadotrophin, kháng estrogen, kháng androgen, không phân loại nơi khác"
Y42.9,Thuốc gây tác dụng không mong muốn [ADR] trong điều trị: Các thuốc đối kháng hormon khác và không xác định
Y42.1,Thuốc gây tác dụng không mong muốn [ADR] trong điều trị: Hormon giáp trạng và chế phẩm
Y42.4,Thuốc gây tác dụng không mong muốn [ADR] trong điều trị: Thuốc chống thụ thai đường uống
Y42.3,Thuốc gây tác dụng không mong muốn [ADR] trong điều trị: Insulin và thuốc hạ đường huyết đường uống [chống đái tháo đường]
Y42.5,Thuốc gây tác dụng không mong muốn [ADR] trong điều trị: Các thuốc estrogen và progestogen khác
Y42.2,Thuốc gây tác dụng không mong muốn [ADR] trong điều trị: Thuốc kháng giáp trạng
Y42.7,Thuốc gây tác dụng không mong muốn [ADR] trong điều trị: Androgen và các chất dị hoá
Y42.0,Thuốc gây tác dụng không mong muốn [ADR] trong điều trị: Glucocorticoid và chất tổng hợp
Y43.8,"Thuốc gây tác dụng không mong muốn [ADR] trong điều trị: Các chất tác dụng hệ thống đầu tiên, không phân loại nơi khác"
Y43.1,Thuốc gây tác dụng không mong muốn [ADR] trong điều trị: Chống chuyển hoá chống sinh u
Y43.6,"Thuốc gây tác dụng không mong muốn [ADR] trong điều trị: Men, không phân loại nơi khác"
Y43.9,Thuốc gây tác dụng không mong muốn [ADR] trong điều trị: Chất tác dụng chủ yếu khác cho hệ thống không xác định
Y43.3,Thuốc gây tác dụng không mong muốn [ADR] trong điều trị: Thuốc chống sinh u khác
Y43.5,Thuốc gây tác dụng không mong muốn [ADR] trong điều trị: Chất làm toan hoá và kiềm hoá
Y43.2,Thuốc gây tác dụng không mong muốn [ADR] trong điều trị: Sản phẩm thiên nhiên chống sinh u
Y43.4,Thuốc gây tác dụng không mong muốn [ADR] trong điều trị: Chất suy giảm miễn dịch
Y43.0,Thuốc gây tác dụng không mong muốn [ADR] trong điều trị: Thuốc chống dị ứng và chống nôn
Y47.5,"Thuốc gây tác dụng không mong muốn [ADR] trong điều trị: Thuốc kết hợp an thần và gây ngủ, không phân loại nơi khác"
Y47.3,Thuốc gây tác dụng không mong muốn [ADR] trong điều trị: Paraldehyd
Y47.0,"Thuốc gây tác dụng không mong muốn [ADR] trong điều trị: Barbiturat, không phân loại nơi khác"
Y47.1,Thuốc gây tác dụng không mong muốn [ADR] trong điều trị: Benzodiazepin
Y47.4,Thuốc gây tác dụng không mong muốn [ADR] trong điều trị: Chế phẩm brom
Y47.2,Thuốc gây tác dụng không mong muốn [ADR] trong điều trị: Dẫn xuất cloral
Y47.9,"Thuốc gây tác dụng không mong muốn [ADR] trong điều trị: Thuốc an thần, gây ngủ và chống lo lắng, không xác định"
Y47.8,"Thuốc gây tác dụng không mong muốn [ADR] trong điều trị: Các thuốc an thần, gây ngủ và chống lo lắng khác"
Y53.7,Thuốc gây tác dụng không mong muốn [ADR] trong điều trị: Thuốc gây nôn
Y53.4,Thuốc gây tác dụng không mong muốn [ADR] trong điều trị: Thuốc nhuận tràng khác
Y53.8,Thuốc gây tác dụng không mong muốn [ADR] trong điều trị: Thuốc khác tác dụng chủ yếu lên hệ tiêu hoá
Y53.6,Thuốc gây tác dụng không mong muốn [ADR] trong điều trị: Thuốc chống tiêu chảy
Y53.0,Thuốc gây tác dụng không mong muốn [ADR] trong điều trị: Chất đối kháng thụ thể histamln H2
Y53.3,Thuốc gây tác dụng không mong muốn [ADR] trong điều trị: Nhuận tràng muối và thẩm thấu
Y53.9,Thuốc gây tác dụng không mong muốn [ADR] trong điều trị: Thuốc không xác định tác dụng trước hết lên hệ tiêu hoá
Y53.2,Thuốc gây tác dụng không mong muốn [ADR] trong điều trị: Kích thích nhuận tràng
Y53.1,Thuốc gây tác dụng không mong muốn [ADR] trong điều trị: Thuốc kháng acid và kháng tiết toan dạ dày khác
Y53.5,Thuốc gây tác dụng không mong muốn [ADR] trong điều trị: Thuốc lợi tiểu
Y55.2,Thuốc gây tác dụng không mong muốn [ADR] trong điều trị: Thuốc tác dụng chủ yếu lên cơ khác và không xác định
Y55.5,Thuốc gây tác dụng không mong muốn [ADR] trong điều trị: Thuốc chống cảm cúm
Y55.3,Thuốc gây tác dụng không mong muốn [ADR] trong điều trị: Thuốc chống ho
Y55.1,Thuốc gây tác dụng không mong muốn [ADR] trong điều trị: Thuốc giãn cơ vân (chất chẹn thần kinh cơ)
Y55.0,Thuốc gây tác dụng không mong muốn [ADR] trong điều trị: Thuốc kích thích chuyển dạ (oxytocin)
Y55.6,"Thuốc gây tác dụng không mong muốn [ADR] trong điều trị: Thuốc chống hen, không phân loại nơi khác"
Y55.4,Thuốc gây tác dụng không mong muốn [ADR] trong điều trị: Thuốc gây long đờm
Y55.7,Thuốc gây tác dụng không mong muốn [ADR] trong điều trị: Thuốc tác dụng chủ yếu lên hệ hô hấp khác và không xác định
Y50.2,"Thuốc gây tác dụng không mong muốn [ADR] trong điều trị: Methylxanthin, không phân loại nơi khác"
Y50.1,Thuốc gây tác dụng không mong muốn [ADR] trong điều trị: Chất đối kháng thụ cảm opioid
Y50.8,Thuốc gây tác dụng không mong muốn [ADR] trong điều trị: Chất kích thích hệ thần kinh trung ương khác
Y50.9,Thuốc gây tác dụng không mong muốn [ADR] trong điều trị: Chất kích thích hệ thần kinh trung ương không xác định
Y50.0,Thuốc gây tác dụng không mong muốn [ADR] trong điều trị: Thuốc hồi sức
Y45.3,Thuốc gây tác dụng không mong muốn [ADR] trong điều trị: Thuốc kháng viêm khác không steroid
Y45.5,Thuốc gây tác dụng không mong muốn [ADR] trong điều trị: Dẫn xuất 4 aminophenol
Y45.1,Thuốc gây tác dụng không mong muốn [ADR] trong điều trị: Salicylat
Y45.9,"Thuốc gây tác dụng không mong muốn [ADR] trong điều trị: Thuốc giảm đau, hạ sốt và chống viêm không xác định"
Y45.0,Thuốc gây tác dụng không mong muốn [ADR] trong điều trị: Thuốc phiện và các chất giảm đau có liên quan
Y45.2,Thuốc gây tác dụng không mong muốn [ADR] trong điều trị: Dẫn xuất acid propionic
Y45.4,Thuốc gây tác dụng không mong muốn [ADR] trong điều trị: Chống thấp
Y45.8,Thuốc gây tác dụng không mong muốn [ADR] trong điều trị: Thuốc giảm đau và hạ sốt khác
Y41.1,Thuốc gây tác dụng không mong muốn [ADR] trong điều trị: Thuốc chống Mycobacter
Y41.5,Thuốc gây tác dụng không mong muốn [ADR] trong điều trị: Thuốc kháng vi rút
Y41.0,Thuốc gây tác dụng không mong muốn [ADR] trong điều trị: Sulfonamid
Y41.2,Thuốc gây tác dụng không mong muốn [ADR] trong điều trị: Chống sốt rét và thuốc tác dụng trên đơn bào khác trong máu
Y41.8,"Thuốc gây tác dụng không mong muốn [ADR] trong điều trị: Các thuốc đường toàn thân chống nhiễm trùng và ký sinh trùng khác, xác định"
Y41.9,Thuốc gây tác dụng không mong muốn [ADR] trong điều trị: Thuốc đường toàn thân chống nhiễm khuẩn và ký sinh trùng không xác định
Y41.4,Thuốc gây tác dụng không mong muốn [ADR] trong điều trị: Thuốc giun
Y41.3,Thuốc gây tác dụng không mong muốn [ADR] trong điều trị: Thuốc chống đơn bào khác
Y46.4,Thuốc gây tác dụng không mong muốn [ADR] trong điều trị: Iminostilben
Y46.8,Thuốc chống liệt cứng
Y46.0,Thuốc gây tác dụng không mong muốn [ADR] trong điều trị: Succinimid
Y46.7,Thuốc gây tác dụng không mong muốn [ADR] trong điều trị: Thuốc chống Parkinson
Y46.6,Thuốc gây tác dụng không mong muốn [ADR] trong điều trị: Thuốc chống động kinh khác và không xác định
Y46.2,Thuốc gây tác dụng không mong muốn [ADR] trong điều trị: Dẫn xuất hydantoin
Y46.3,Thuốc gây tác dụng không mong muốn [ADR] trong điều trị: Deoxybarbiturat
Y46.1,Thuốc gây tác dụng không mong muốn [ADR] trong điều trị: Oxazolidinedion
Y46.5,Thuốc gây tác dụng không mong muốn [ADR] trong điều trị: Acid valproic
Y56.5,Thuốc gây tác dụng không mong muốn [ADR] trong điều trị: Thuốc và chế phẩm nhãn khoa
Y56.9,Thuốc gây tác dụng không mong muốn [ADR] trong điều trị: Thuốc tại chỗ không xác định
Y56.0,"Thuốc gây tác dụng không mong muốn [ADR] trong điều trị: Thuốc tại chỗ chống nấm, chống nhiễm trùng và chống viêm, không phân loại nơi khác"
Y56.3,"Thuốc gây tác dụng không mong muốn [ADR] trong điều trị: Thuốc làm mềm, làm dịu, bảo vệ"
Y56.8,Thuốc gây tác dụng không mong muốn [ADR] trong điều trị: Các thuốc tại chỗ khác
Y56.1,Thuốc gây tác dụng không mong muốn [ADR] trong điều trị: Thuốc chống ngứa
Y56.6,Thuốc gây tác dụng không mong muốn [ADR] trong điều trị: Thuốc và chế phẩm tai mũi họng
Y56.7,Thuốc gây tác dụng không mong muốn [ADR] trong điều trị: Thuốc răng dùng tại chỗ
Y56.4,"Thuốc gây tác dụng không mong muốn [ADR] trong điều trị: Thuốc và chế phẩm phân giải keratin, tạo keratin và chữa tóc khác"
Y56.2,"Thuốc gây tác dụng không mong muốn [ADR] trong điều trị: Thuốc gây se tại chỗ, tẩy tại chỗ"
Y58.9,Thuốc gây tác dụng không mong muốn [ADR] trong điều trị: Vắc xin khác và không xác định
Y58.3,Thuốc gây tác dụng không mong muốn [ADR] trong điều trị: Vắc xin dịch hạch
Y58.2,Thuốc gây tác dụng không mong muốn [ADR] trong điều trị: Vắc xin tả
Y58.0,Thuốc gây tác dụng không mong muốn [ADR] trong điều trị: Vắc xin BCG
Y58.8,"Thuốc gây tác dụng không mong muốn [ADR] trong điều trị: Vắc xin phối hợp vi khuẩn, trừ phối hợp 1 thành phần ho gà"
Y58.6,"Thuốc gây tác dụng không mong muốn [ADR] trong điều trị: Vắc xin ho gà, bao gồm phối hợp với 1 thành phần ho gà"
Y58.4,Thuốc gây tác dụng không mong muốn [ADR] trong điều trị: Vắc xin uốn ván
Y58.1,Thuốc gây tác dụng không mong muốn [ADR] trong điều trị: Vắc xin thương hàn và phó thương hàn
Y58.5,Thuốc gây tác dụng không mong muốn [ADR] trong điều trị: Vắc xin bạch hầu
Y59.3,Thuốc gây tác dụng không mong muốn [ADR] trong điều trị: Globulin miễn dịch
Y59.9,Thuốc gây tác dụng không mong muốn [ADR] trong điều trị: Vắc xin và sinh chất không xác định
Y59.8,Thuốc gây tác dụng không mong muốn [ADR] trong điều trị: Các Vắc xin và sinh chất xác định khác
Y59.1,Thuốc gây tác dụng không mong muốn [ADR] trong điều trị: Vắc xin Rickettsia
Y59.2,Thuốc gây tác dụng không mong muốn [ADR] trong điều trị: Vắc xin đơn bào
Y59.0,Thuốc gây tác dụng không mong muốn [ADR] trong điều trị: Vắc xin vi rút
Y44.0,Thuốc gây tác dụng không mong muốn [ADR] trong điều trị: Chế phẩm sắt và những chế phẩm khác chống thiếu máu nhược sắc
Y44.7,Thuốc gây tác dụng không mong muốn [ADR] trong điều trị: Chất thay thế huyết tương
Y44.4,Thuốc gây tác dụng không mong muốn [ADR] trong điều trị: Thuốc chống huyết khối (ức chế ngưng tụ tiểu cầu)
Y44.6,Thuốc gây tác dụng không mong muốn [ADR] trong điều trị: Máu tự nhiên và sản phẩm máu
Y44.1,"Thuốc gây tác dụng không mong muốn [ADR] trong điều trị: Vitamin B12, acid folic và những chế phẩm khác chống thiếu máu đại huyết bào non (megaloblast)"
Y44.2,Thuốc gây tác dụng không mong muốn [ADR] trong điều trị: Thuốc chống đông máu
Y44.5,Thuốc gây tác dụng không mong muốn [ADR] trong điều trị: Thuốc làm tan huyết khối
Y44.3,"Thuốc gây tác dụng không mong muốn [ADR] trong điều trị: Chất đối kháng chống đông máu, vitamin K và các chất làm đông máu"
Y44.9,Thuốc gây tác dụng không mong muốn [ADR] trong điều trị: Chất khác và không xác định tác dụng lên các thành phần của máu
Y49.9,Thuốc gây tác dụng không mong muốn [ADR] trong điều trị: Thuốc hướng thần không xác định
Y49.8,"Thuốc gây tác dụng không mong muốn [ADR] trong điều trị: Các thuốc hướng thần khác, không phân loại nơi khác"
Y49.7,Thuốc gây tác dụng không mong muốn [ADR] trong điều trị: Thuốc kích thích tâm thần và lạm dụng thuốc
Y49.6,Thuốc gây tác dụng không mong muốn [ADR] trong điều trị: Thuốc hướng tâm tần [thuốc gây ảo giác]
Y49.3,Thuốc gây tác dụng không mong muốn [ADR] trong điều trị: Ức chế tâm thần và an thần loại phenothiazin
Y49.4,Thuốc gây tác dụng không mong muốn [ADR] trong điều trị: An thần loại butyrophenon và thioxanthen
Y49.0,Thuốc gây tác dụng không mong muốn [ADR] trong điều trị: Thuốc chống trầm cảm 3 vòng và 4 vòng
Y49.1,Thuốc gây tác dụng không mong muốn [ADR] trong điều trị: Thuốc chống trầm cảm ức chế men monoamin- oxidase
Y49.5,Thuốc gây tác dụng không mong muốn [ADR] trong điều trị: Ức chế tâm thần và an thần khác
Y49.2,Thuốc gây tác dụng không mong muốn [ADR] trong điều trị: Các thuốc chống trầm cảm khác và không xác định
Y52.2,"Thuốc gây tác dụng không mong muốn [ADR] trong điều trị: Các thuốc chống loạn nhịp khác, không phân loại nơi khác"
Y52.3,"Thuốc gây tác dụng không mong muốn [ADR] trong điều trị: Giãn mạch vành, không phân loại nơi khác"
Y52.4,Thuốc gây tác dụng không mong muốn [ADR] trong điều trị: Chất ức chế men chuyển angiotensin
Y52.1,Thuốc gây tác dụng không mong muốn [ADR] trong điều trị: Thuốc chẹn kênh calci
Y52.8,"Thuốc gây tác dụng không mong muốn [ADR] trong điều trị: Thuốc chống giãn tĩnh mạch, bao gồm chất gây xơ"
Y52.5,"Thuốc gây tác dụng không mong muốn [ADR] trong điều trị: Các thuốc chống tăng huyết áp khác, không phân loại nơi khác"
Y52.0,"Thuốc gây tác dụng không mong muốn [ADR] trong điều trị: Glycosid kích thích tim, và thuốc có tác dụng tương tự"
Y52.7,Thuốc gây tác dụng không mong muốn [ADR] trong điều trị: Thuốc giãn mạch ngoại vi
Y52.6,Thuốc gây tác dụng không mong muốn [ADR] trong điều trị: Thuốc chống tăng mỡ máu và chống xơ động mạch
Y52.9,Thuốc gây tác dụng không mong muốn [ADR] trong điều trị: Thuốc ảnh hưởng chủ yếu lên hệ tim mạch khác và không xác định
Y54.1,Thuốc gây tác dụng không mong muốn [ADR] trong điều trị: Thuốc đối kháng corticod chuyển hoá muối nước (đối kháng aldosteron)
Y54.5,Thuốc gây tác dụng không mong muốn [ADR] trong điều trị: Thuốc lợi tiểu khác
Y54.2,Thuốc gây tác dụng không mong muốn [ADR] trong điều trị: Ức chế carbonic- anhydrase
Y54.8,Thuốc gây tác dụng không mong muốn [ADR] trong điều trị: Chất ảnh hưởng tới chuyển hoá acid uric
Y54.4,Thuốc gây tác dụng không mong muốn [ADR] trong điều trị: Lợi tiểu vòng
Y54.3,Thuốc gây tác dụng không mong muốn [ADR] trong điều trị: Dẫn xuất benzothladiazin
Y54.9,"Thuốc gây tác dụng không mong muốn [ADR] trong điều trị: Muối khoáng, không phân loại nơi khác"
Y54.6,"Thuốc gây tác dụng không mong muốn [ADR] trong điều trị: Chất cân bằng điện giải, năng lượng và nước"
Y54.7,Thuốc gây tác dụng không mong muốn [ADR] trong điều trị: Chất ảnh hưởng calci hoá
Y54.0,Thuốc gây tác dụng không mong muốn [ADR] trong điều trị: Corticoiid chuyển hoá muối nước
Y80.8,"Dụng cụ y học vật lý liên quan đến tai biến: thiết bị khác, không phân loại nơi khác"
Y80.0,Dụng cụ y học vật lý liên quan đến tai biến: thiết bị chẩn đoán và theo dõi
Y80.1,Dụng cụ y học vật lý liên quan đến tai biến: thiết bị trị liệu (không phẫu thuật) và phục hồi chức năng
Y80.2,"Dụng cụ y học vật lý liên quan đến tai biến: thiết bị nhân tạo và các thiết bị Implant, vật liệu và phụ kiện khác"
Y80.3,"Dụng cụ y học vật lý liên quan đến tai biến: dụng cụ phẫu thuật, vật liệu và thiết bị (bao gồm cả chỉ khâu)"
Y78.0,Dụng cụ điện quang liên quan đến tai biến: thiết bị chẩn đoán và theo dõi
Y78.2,"Dụng cụ điện quang liên quan đến tai biến: thiết bị nhân tạo và các thiết bị Implant, vật liệu và phụ kiện khác"
Y78.8,"Dụng cụ điện quang liên quan đến tai biến: thiết bị khác, không phân loại nơi khác"
Y78.1,Dụng cụ điện quang liên quan đến tai biến: thiết bị trị liệu (không phẫu thuật) và phục hồi chức năng
Y78.3,"Dụng cụ điện quang liên quan đến tai biến: dụng cụ phẫu thuật, vật liệu và thiết bị (bao gồm cả chỉ khâu)"
Y81.3,"Dụng cụ phẫu thuật chung và tạo hình liên quan đến tai biến: dụng cụ phẫu thuật, vật liệu và thiết bị (bao gồm cả chỉ khâu)"
Y81.1,Dụng cụ phẫu thuật chung và tạo hình liên quan đến tai biến: thiết bị trị liệu (không phẫu thuật) và phục hồi chức năng
Y81.0,Dụng cụ phẫu thuật chung và tạo hình liên quan đến tai biến: thiết bị chẩn đoán và theo dõi
Y81.8,"Dụng cụ phẫu thuật chung và tạo hình liên quan đến tai biến: thiết bị khác, không phân loại nơi khác"
Y81.2,"Dụng cụ phẫu thuật chung và tạo hình liên quan đến tai biến: thiết bị nhân tạo và các thiết bị Implant, vật liệu và phụ kiện khác"
Y82.3,"Dụng cụ y tế khác và không xác định liên quan đến tai biến: dụng cụ phẫu thuật, vật liệu và thiết bị (bao gồm cả chỉ khâu)"
Y82.1,Dụng cụ y tế khác và không xác định liên quan đến tai biến: thiết bị trị liệu (không phẫu thuật) và phục hồi chức năng
Y82.8,"Dụng cụ y tế khác và không xác định liên quan đến tai biến: thiết bị khác, không phân loại nơi khác"
Y82.2,"Dụng cụ y tế khác và không xác định liên quan đến tai biến: thiết bị nhân tạo và các thiết bị Implant, vật liệu và phụ kiện khác"
Y82.0,Dụng cụ y tế khác và không xác định liên quan đến tai biến: thiết bị chẩn đoán và theo dõi
Y72.2,"Dụng cụ tai mũi họng liên quan đến tai biến: thiết bị nhân tạo và các thiết bị Implant, vật liệu và phụ kiện khác"
Y72.1,Dụng cụ tai mũi họng liên quan đến tai biến: thiết bị trị liệu (không phẫu thuật) và phục hồi chức năng
Y72.0,Dụng cụ tai mũi họng liên quan đến tai biến: thiết bị chẩn đoán và theo dõi
Y72.8,"Dụng cụ tai mũi họng liên quan đến tai biến: thiết bị khác, không phân loại nơi khác"
Y72.3,"Dụng cụ tai mũi họng liên quan đến tai biến: dụng cụ phẫu thuật, vật liệu và thiết bị (bao gồm cả chỉ khâu)"
Y76.3,"Dụng cụ sản phụ khoa liên quan đến tai biến: dụng cụ phẫu thuật, vật liệu và thiết bị (bao gồm cả chỉ khâu)"
Y76.1,Dụng cụ sản phụ khoa liên quan đến tai biến: thiết bị trị liệu (không phẫu thuật) và phục hồi chức năng
Y76.0,Dụng cụ sản phụ khoa liên quan đến tai biến: thiết bị chẩn đoán và theo dõi
Y76.8,"Dụng cụ sản phụ khoa liên quan đến tai biến: thiết bị khác, không phân loại nơi khác"
Y76.2,"Dụng cụ sản phụ khoa liên quan đến tai biến: thiết bị nhân tạo và các thiết bị Implant, vật liệu và phụ kiện khác"
Y74.3,"Dụng cụ bệnh viện đa khoa và phương tiện cá nhân liên quan đến tai biến: dụng cụ phẫu thuật, vật liệu và thiết bị (bao gồm cả chỉ khâu)"
Y74.8,"Dụng cụ bệnh viện đa khoa và phương tiện cá nhân liên quan đến tai biến: thiết bị khác, không phân loại nơi khác"
Y74.0,Dụng cụ bệnh viện đa khoa và phương tiện cá nhân liên quan đến tai biến: thiết bị chẩn đoán và theo dõi
Y74.2,"Dụng cụ bệnh viện đa khoa và phương tiện cá nhân liên quan đến tai biến: thiết bị nhân tạo và các thiết bị Implant, vật liệu và phụ kiện khác"
Y74.1,Dụng cụ bệnh viện đa khoa và phương tiện cá nhân liên quan đến tai biến: thiết bị trị liệu (không phẫu thuật) và phục hồi chức năng
Y73.3,"Dụng cụ tiêu hoá, tiết niệu liên quan đến tai biến: dụng cụ phẫu thuật, vật liệu và thiết bị (bao gồm cả chỉ khâu)"
Y73.0,"Dụng cụ tiêu hoá, tiết niệu liên quan đến tai biến: thiết bị chẩn đoán và theo dõi"
Y73.1,"Dụng cụ tiêu hoá, tiết niệu liên quan đến tai biến: thiết bị trị liệu (không phẫu thuật) và phục hồi chức năng"
Y73.8,"Dụng cụ tiêu hoá, tiết niệu liên quan đến tai biến: thiết bị khác, không phân loại nơi khác"
Y73.2,"Dụng cụ tiêu hoá, tiết niệu liên quan đến tai biến: thiết bị nhân tạo và các thiết bị Implant, vật liệu và phụ kiện khác"
Y75.8,"Dụng cụ thần kinh liên quan đến tai biến: thiết bị khác, không phân loại nơi khác"
Y75.2,"Dụng cụ thần kinh liên quan đến tai biến: thiết bị nhân tạo và các thiết bị Implant, vật liệu và phụ kiện khác"
Y75.3,"Dụng cụ thần kinh liên quan đến tai biến: dụng cụ phẫu thuật, vật liệu và thiết bị (bao gồm cả chỉ khâu)"
Y75.1,Dụng cụ thần kinh liên quan đến tai biến: thiết bị trị liệu (không phẫu thuật) và phục hồi chức năng
Y75.0,Dụng cụ thần kinh liên quan đến tai biến: thiết bị chẩn đoán và theo dõi
Y79.0,Dụng cụ chỉnh hình liên quan đến tai biến: thiết bị chẩn đoán và theo dõi
Y79.1,Dụng cụ chỉnh hình liên quan đến tai biến: thiết bị trị liệu (không phẫu thuật) và phục hồi chức năng
Y79.8,"Dụng cụ chỉnh hình liên quan đến tai biến: thiết bị khác, không phân loại nơi khác"
Y79.2,"Dụng cụ chỉnh hình liên quan đến tai biến: thiết bị nhân tạo và các thiết bị Implant, vật liệu và phụ kiện khác"
Y79.3,"Dụng cụ chỉnh hình liên quan đến tai biến: dụng cụ phẫu thuật, vật liệu và thiết bị (bao gồm cả chỉ khâu)"
Y77.3,"Dụng cụ nhãn khoa liên quan đến tai biến: dụng cụ phẫu thuật, vật liệu và thiết bị (bao gồm cả chỉ khâu)"
Y77.8,"Dụng cụ nhãn khoa liên quan đến tai biến: thiết bị khác, không phân loại nơi khác"
Y77.2,"Dụng cụ nhãn khoa liên quan đến tai biến: thiết bị nhân tạo và các thiết bị Implant, vật liệu và phụ kiện khác"
Y77.0,Dụng cụ nhãn khoa liên quan đến tai biến: thiết bị chẩn đoán và theo dõi
Y77.1,Dụng cụ nhãn khoa liên quan đến tai biến: thiết bị trị liệu (không phẫu thuật) và phục hồi chức năng
Y70.3,"Dụng cụ gây mê liên quan đến tai biến: dụng cụ phẫu thuật, vật liệu và thiết bị (bao gồm cả chỉ khâu)"
Y70.2,"Dụng cụ gây mê liên quan đến tai biến: thiết bị nhân tạo và các thiết bị Implant, vật liệu và phụ kiện khác"
Y70.8,"Dụng cụ gây mê liên quan đến tai biến: thiết bị khác, không phân loại nơi khác"
Y70.1,Dụng cụ gây mê liên quan đến tai biến: thiết bị trị liệu (không phẫu thuật) và phục hồi chức năng
Y70.0,Dụng cụ gây mê liên quan đến tai biến: thiết bị chẩn đoán và theo dõi
Y71.3,"Dụng cụ tim mạch liên quan đến tai biến: dụng cụ phẫu thuật, vật liệu và thiết bị (bao gồm cả chỉ khâu)"
Y71.2,"Dụng cụ tim mạch liên quan đến tai biến: thiết bị nhân tạo và các thiết bị Implant, vật liệu và phụ kiện khác"
Y71.8,"Dụng cụ tim mạch liên quan đến tai biến: thiết bị khác, không phân loại nơi khác"
Y71.1,Dụng cụ tim mạch liên quan đến tai biến: thiết bị trị liệu (không phẫu thuật) và phục hồi chức năng
Y71.0,Dụng cụ tim mạch liên quan đến tai biến: thiết bị chẩn đoán và theo dõi
Y63.1,Pha loãng dịch không đúng trong truyền dịch
Y63.6,"Không dùng thuốc, dược chất, sinh chất cần thiết"
Y63.4,Sai liều trong sốc điện hay liệu pháp sốc insulin
Y63.0,"Cho quá nhiều máu hay dịch trong truyền máu, truyền dịch"
Y63.9,Sai liều trong khi chăm sóc nội khoa và ngoại khoa không xác định
Y63.3,Phơi nhiễm của bệnh nhân do bất cẩn trước tia xạ trong chăm sóc y tế
Y63.2,Quá liều tia xạ trong khi điều trị
Y63.8,Sai liều trong chăm sóc nội khoa và ngoại khoa khác
Y63.5,Nhiệt độ không phù hợp trong khi áp tại chỗ hay đắp quanh người
Y60.7,"Vô tình cắt, chọc, làm thủng, chảy máu trong khi thụt tháo"
Y60.4,"Vô tình cắt, chọc, làm thủng, chảy máu trong khi khám nội soi"
Y60.3,"Vô tình cắt, chọc, làm thủng, chảy máu trong khi tiêm hay tiêm chủng"
Y60.9,"Vô tình cắt, chọc, làm thủng, chảy máu trong khi chăm sóc nội khoa và ngoại khoa không xác định"
Y60.1,"Vô tình cắt, chọc, làm thủng, chảy máu trong khi truyền dịch hay truyền máu"
Y60.5,"Vô tình cắt, chọc, làm thủng, chảy máu trong khi thông tim"
Y60.0,"Vô tình cắt, chọc, làm thủng, chảy máu trong khi mổ"
Y60.8,"Vô tình cắt, chọc, làm thủng, chảy máu trong khi chăm sóc nội khoa và ngoại khoa khác"
Y60.6,"Vô tình cắt, chọc, làm thủng, chảy máu trong khi hút, chọc hay thông khác"
Y60.2,"Vô tình cắt, chọc, làm thủng, chảy máu trong khi chạy thận nhân tạo hay tuần hoàn ngoài cơ thể khác"
Y64.9,Biến chứng do vật tư y tế hoặc sinh phẩm ô nhiễm vào cơ không rõ bằng phương tiện nào
Y64.8,Biến chứng do vật tư y tế hoặc sinh phẩm ô nhiễm vào cơ thể bằng các phương tiện khác
Y64.0,"Biến chứng do vật tư y tế hoặc sinh phẩm ô nhiễm, được truyền hoặc lây truyền"
Y64.1,"Biến chứng do vật tư y tế hoặc sinh phẩm ô nhiễm, được tiêm hay tiêm chủng"
Y62.6,"Không đảm bảo vô trùng trong khi hút, chọc, và thông khác"
Y62.2,Không đảm bảo vô trùng trong khi chạy thận nhân tạo hay tuần hoàn ngoài cơ thể khác
Y62.1,Không đảm bảo vô trùng trong khi truyền dịch hay truyền máu
Y62.3,Không đảm bảo vô trùng trong khi tiêm hay chủng
Y62.0,Không đảm bảo vô trùng trong khi mổ
Y62.9,Không đảm bảo vô trùng trong khi chăm sóc nội khoa và ngoại khoa không xác định
Y62.5,Không đảm bảo vô trùng trong khi thông tim
Y62.8,Không đảm bảo vô trùng trong khi chăm sóc nội khoa và ngoại khoa khác
Y62.4,Không đảm bảo vô trùng trong khi khám nội soi
Y65.2,Không khâu hay thắt được trong mổ
Y65.5,Tiến hành phẫu thuật không phù hợp
Y65.1,Truyền nhầm dịch
Y65.4,Thất bại trong đặt hay lấy bỏ ống hay dụng cụ khác
Y65.3,Đặt sai ống nội khí quản trong gây mê
Y65.0,Truyền nhầm nhóm máu
Y65.8,Các rủi ro xác định khác trong khi chăm sóc nội khoa và ngoại khoa
Y61.5,Dị vật vô tình để quên trong cơ thể trong khi thông tim
Y61.1,Dị vật vô tình để quên trong cơ thể trong khi truyền dịch hay truyền máu
Y61.4,Dị vật vô tình để quên trong cơ thể trong khi khám nội soi
Y61.2,Dị vật vô tình để quên trong cơ thể trong khi chạy thận nhân tạo hay tuần hoàn ngoài cơ thể khác
Y61.6,"Dị vật vô tình để quên trong cơ thể trong khi hút, chọc và thông khác"
Y61.3,Dị vật vô tình để quên trong cơ thể trong khi tiêm hay tiêm chủng
Y61.9,Dị vật vô tình để quên trong cơ thể trong khi chăm sóc nội khoa và ngoại khoa không xác định
Y61.8,Dị vật vô tình để quên trong cơ thể trong khi chăm sóc nội khoa và ngoại khoa khác
Y61.7,Dị vật vô tình để quên trong khi rút catheter hay vật liệu đặt trong cơ thể
Y61.0,Dị vật vô tình để quên trong cơ thể trong khi phẫu thuật
Y84.5,"Tai biến do đặt ống thông dạ dày hay tá tràng, không đề cập đến rủi ro, sự cố, sai sót tại thời điểm thực hiện phẫu thuật, thủ thuật"
Y84.4,"Tai biến do hút dịch, không đề cập đến rủi ro, sự cố, sai sót tại thời điểm thực hiện phẫu thuật, thủ thuật"
Y84.9,"Tai biến do thủ thuật nội khoa, không xác định, không đề cập đến rủi ro, sự cố, sai sót tại thời điểm thực hiện phẫu thuật, thủ thuật"
Y84.2,"Tai biến do thủ thuật điện quang, điều trị tia xạ, không đề cập đến rủi ro, sự cố, sai sót tại thời điểm thực hiện phẫu thuật, thủ thuật"
Y84.6,"Tai biến do thông tiểu [thông đái], không đề cập đến rủi ro, sự cố, sai sót tại thời điểm thực hiện phẫu thuật, thủ thuật"
Y84.1,"Tai biến do chạy thận nhân tạo, không đề cập đến rủi ro, sự cố, sai sót tại thời điểm thực hiện phẫu thuật, thủ thuật"
Y84.7,"Tai biến do lấy mẫu máu, không đề cập đến rủi ro, sự cố, sai sót tại thời điểm thực hiện phẫu thuật, thủ thuật"
Y84.3,"Tai biến do liệu pháp sốc, không đề cập đến rủi ro, sự cố, sai sót tại thời điểm thực hiện phẫu thuật, thủ thuật"
Y84.0,"Tai biến do thông tim, không đề cập đến rủi ro, sự cố, sai sót tại thời điểm thực hiện phẫu thuật, thủ thuật"
Y84.8,"Tai biến do các thủ thuật nội khoa khác, không đề cập đến rủi ro, sự cố, sai sót tại thời điểm thực hiện phẫu thuật, thủ thuật"
Y83.3,Tai biến do phẫu thuật ngoại khoa có lỗ mở nhân tạo
Y83.9,"Tai biến do phẫu thuật ngoại khoa không xác định, không đề cập đến rủi ro, sự cố, sai sót tại thời điểm thực hiện phẫu thuật, thủ thuật"
Y83.8,"Tai biến do phẫu thuật ngoại khoa khác, không đề cập đến rủi ro, sự cố, sai sót tại thời điểm thực hiện phẫu thuật, thủ thuật"
Y83.2,"Tai biến do phẫu thuật ngoại khoa với khâu nối, bắc cầu hay ghép, không đề cập đến rủi ro, sự cố, sai sót tại thời điểm thực hiện phẫu thuật, thủ thuật"
Y83.1,"Tai biến do phẫu thuật ngoại khoa có cấy ghép một thiết bị nhân tạo bên trong, không đề cập đến rủi ro, sự cố, sai sót tại thời điểm thực hiện phẫu thuật, thủ thuật"
Y83.4,"Tai biến do phẫu thuật ngoại khoa tái tạo khác, không đề cập đến rủi ro, sự cố, sai sót tại thời điểm thực hiện phẫu thuật, thủ thuật"
Y83.5,"Tai biến do Phẫu thuật ngoại khoa Cắt cụt (nhiều) chi, không đề cập đến rủi ro, sự cố, sai sót tại thời điểm thực hiện phẫu thuật, thủ thuật"
Y83.6,"Tai biến do phẫu thuật ngoại khoa cắt bỏ cơ quan khác (1 phần) (toàn bộ), không đề cập đến rủi ro, sự cố, sai sót tại thời điểm thực hiện phẫu thuật, thủ thuật"
Y83.0,"Tai biến do phẫu thuật ngoại khoa với ghép toàn bộ 1 tạng phủ, không đề cập đến rủi ro, sự cố, sai sót tại thời điểm thực hiện phẫu thuật, thủ thuật"
Y91.3,Ngộ độc rượu rất nặng
Y91.0,Ngộ độc rượu nhẹ
Y91.1,Ngộ độc rượu trung bình
Y91.2,Ngộ độc rượu nặng
Y91.9,"Có liên quan đến rượu, không xác định"
Y90.2,Nồng độ cồn trong máu ở 40- 59mg/ 100 ml
Y90.3,Nồng độ cồn trong máu ở 60- 79mg/ 100 ml
Y90.4,Nồng độ cồn trong máu ở 80- 99mg/ 100 ml
Y90.8,Nồng độ cồn trong máu ở 240mg/ ml hay hơn
Y90.5,Nồng độ cồn trong máu ở 100- 119mg/ 100 ml
Y90.1,Nồng độ cồn trong máu ở 20- 39mg/ 100 ml
Y90.6,Nồng độ cồn trong máu ở 120- 119mg/ 100 ml
Y90.7,Nồng độ cồn trong máu ở 220- 239mg/ 100 ml
Y90.9,Có cồn trong máu không rõ mức độ
Y90.0,Nồng độ cồn trong máu dưới 20 mg/ 100 ml
X67.1,Cố tình tự đầu độc (tự tử) bằng tiếp xúc với carbon monoxide từ khí ga tiêu dùng
X67.0,Cố tình tự đầu độc (tự tử) bằng tiếp xúc với carbon monoxide từ khí thải động cơ đốt trong
X67.2,Cố tình tự đầu độc (tự tử) bằng tiếp xúc với carbon monoxide từ nhiên liệu hoá thạch dân dụng khác
X67.9,Cố tình tự đầu độc (tự tử) bằng tiếp xúc với khí ga hoặc hơi không xác định
X67.3,Cố tình tự đầu độc (tự tử) bằng tiếp xúc với carbon monoxide từ nguồn khác
X67.4,Cố tình tự đầu độc (tự tử) bằng tiếp xúc với carbon monoxide từ nguồn không xác định
X67.8,Cố tình tự đầu độc (tự tử) bằng tiếp xúc với khí ga hoặc hơi xác định khác
Y17.2,Ngộ độc do hít phải carbon monoxide từ nhiên liệu hoá thạch dân dụng khác
Y17.8,Ngộ độc do hít phải khí ga hoặc hơi xác định khác
Y17.0,"Ngộ độc do hít phải carbon monoxide từ khí thải động cơ đốt trong, không rõ ý đồ"
Y17.9,Ngộ độc do hít phải khí ga hoặc hơi không xác định
Y17.4,Ngộ độc do hít phải carbon monoxide từ nguồn không xác định
Y17.1,"Ngộ độc do hít phải carbon monoxide từ khí ga tiêu dùng, không rõ ý đồ"
Y17.3,Ngộ độc do hít phải carbon monoxide từ nguồn khác
Y87.0,Di chứng của cố tình tự hại
Y87.1,Di chứng của tấn công
Y87.2,Di chứng của biến cố không xác định được
Y89.0,Di chứng của can thiệp pháp lý
Y89.9,Di chứng của nguyên nhân ngoại sinh không xác định
Y89.1,Di chứng của hoạt động chiến tranh
Y85.0,Di chứng của tai nạn xe cơ giới
Y85.9,Di chứng của các tại nạn giao thông khác và không xác định
Y88.0,"Di chứng của tác dụng phụ do thuốc, dược phẩm và chất sinh học dùng trong điều trị"
Y88.1,Di chứng trong rủi ro của bệnh nhân trong thủ thuật nội khoa và ngoại khoa
Y88.3,"Di chứng của thủ thuật nội khoa và ngoại khoa là nguyên nhân của phản ứng bất thường ở người bệnh, hay biến chứng sau này, mà không thấy rõ rủi ro trong lúc tiến hành thủ thuật"
Y88.2,Di chứng của tác dụng phụ liên quan đến sử dụng thiết bị y tế trong chẩn đoán và điều trị
V18.0,Người đi xe đạp bị thương trong tai nạn giao thông không có va chạm: Lái xe bị thương trong tai nạn không giao thông
V18.9,Người đi xe đạp bị thương trong tai nạn giao thông không có va chạm: Người đi xe đạp không xác định bị thương trong tai nạn giao thông
V18.4,Người đi xe đạp bị thương trong tai nạn giao thông không có va chạm: Lái xe bị thương trong tai nạn giao thông
V18.5,Người đi xe đạp bị thương trong tai nạn giao thông không có va chạm: Hành khách bị thương trong tai nạn giao thông
V18.2,Người đi xe đạp bị thương trong tai nạn giao thông không có va chạm: Người đi xe đạp không xác định bị thương trong tai nạn không giao thông
V18.1,Người đi xe đạp bị thương trong tai nạn giao thông không có va chạm: Hành khách bị thương trong tai nạn không giao thông
V18.3,Người đi xe đạp bị thương trong tai nạn giao thông không có va chạm: Người bị thương khi lên hoặc xuống xe
V16.4,Người đi xe đạp bị thương khi va chạm với xe thô sơ khác: Lái xe bị thương trong tai nạn giao thông
V16.9,Người đi xe đạp bị thương khi va chạm với xe thô sơ khác: Người đi xe đạp không xác định bị thương trong tai nạn giao thông
V16.0,Người đi xe đạp bị thương khi va chạm với xe thô sơ khác: Lái xe bị thương trong tai nạn không giao thông
V16.1,Người đi xe đạp bị thương khi va chạm với xe thô sơ khác: Hành khách bị thương trong tai nạn không giao thông
V16.5,Người đi xe đạp bị thương khi va chạm với xe thô sơ khác: Hành khách bị thương trong tai nạn giao thông
V16.3,Người đi xe đạp bị thương khi va chạm với xe thô sơ khác: Người bị thương khi lên hoặc xuống xe
V16.2,Người đi xe đạp bị thương khi va chạm với xe thô sơ khác: Người đi xe đạp không xác định bị thương trong tai nạn không giao thông
V19.5,Hành khách xe đạp bị thương khi va chạm với xe cơ giới khác và không xác định trong tai nạn giao thông
V19.3,Người đạp xe bị thương trong tai nạn không giao thông không xác định
V19.2,Người đi xe đạp bị thương khi va chạm với xe cơ giới khác và không xác định trong tai nạn không giao thông
V19.4,Lái xe đạp bị thương khi va chạm với xe cơ giới khác và không xác định trong tai nạn giao thông
V19.9,Người đi xe đạp bị thương trong tai nạn giao thông không xác định
V19.8,Người đi xe đạp bị thương trong các tai nạn giao thông xác định khác
V19.0,Người lái xe đạp bị thương khi va chạm với xe cơ giới khác không xác định trong tai nạn không giao thông
V19.6,Người đi xe đạp bị thương khi va chạm với xe cơ giới khác và không xác định trong tai nạn giao thông
V19.1,Hành khách xe đạp bị thương khi va chạm với xe cơ giới khác và không xác định trong tai nạn không giao thông
V10.0,Người đi xe đạp bị thương vì va chạm với người đi bộ hay súc vật: Lái xe bị thương trong tai nạn không giao thông
V10.1,Người đi xe đạp bị thương vì va chạm với người đi bộ hay súc vật: Hành khách bị thương trong tai nạn không giao thông
V10.5,Người đi xe đạp bị thương vì va chạm với người đi bộ hay súc vật. Hành khách bị thương trong tai nạn giao thông
V10.3,Người đi xe đạp bị thương vì va chạm với người đi bộ hay súc vật: Người bị thương khi lên hoặc xuống xe
V10.2,Người đi xe đạp bị thương vì va chạm với người đi bộ hay súc vật: Người đi xe đạp không xác định bị thương trong tai nạn không giao thông
V10.9,Người đi xe đạp bị thương vì va chạm với người đi bộ hay súc vật. Người đi xe đạp không xác định bị thương trong tai nạn giao thông
V10.4,Người đi xe đạp bị thương vì va chạm với người đi bộ hay súc vật: Lái xe bị thương trong tai nạn giao thông
V11.0,Người đi xe đạp bị thương khi va chạm với người đạp xe đạp khác: Lái xe bị thương trong tai nạn không giao thông
V11.4,Người đi xe đạp bị thương khi va chạm với người đạp xe đạp khác: Lái xe bị thương trong tai nạn giao thông
V11.9,Người đi xe đạp bị thương khi va chạm với người đạp xe đạp khác. Người đi xe đạp không xác định bị thương trong tai nạn giao thông
V11.3,Người đi xe đạp bị thương khi va chạm với người đạp xe đạp khác: Người bị thương khi lên hoặc xuống xe
V11.2,Người đi xe đạp bị thương khi va chạm với người đạp xe đạp khác: Người đi xe đạp không xác định bị thương trong tai nạn không giao thông
V11.5,Người đi xe đạp bị thương khi va chạm với người đạp xe đạp khác. Hành khách bị thương trong tai nạn giao thông
V11.1,Người đi xe đạp bị thương khi va chạm với người đạp xe đạp khác: Hành khách bị thương trong tai nạn không giao thông
V15.5,"Người đi xe đạp bị thương khi va chạm với tàu hoả, ô tô ray: Hành khách bị thương trong tai nạn giao thông"
V15.3,"Người đi xe đạp bị thương khi va chạm với tàu hoả, ô tô ray: Người bị thương khi lên hoặc xuống xe"
V15.0,"Người đi xe đạp bị thương khi va chạm với tàu hoả, ô tô ray: Lái xe bị thương trong tai nạn không giao thông"
V15.4,"Người đi xe đạp bị thương khi va chạm với tàu hoả, ô tô ray: Lái xe bị thương trong tai nạn giao thông"
V15.1,"Người đi xe đạp bị thương khi va chạm với tàu hoả, ô tô ray: Hành khách bị thương trong tai nạn không giao thông"
V15.2,"Người đi xe đạp bị thương khi va chạm với tàu hoả, ô tô ray: Người đi xe đạp không xác định bị thương trong tai nạn không giao thông"
V15.9,"Người đi xe đạp bị thương khi va chạm với tàu hoả, ô tô ray: Người đi xe đạp không xác định bị thương trong tai nạn giao thông"
V12.0,Người đi xe đạp bị thương do va chạm với mô tô 2- 3 bánh: Lái xe bị thương trong tai nạn không giao thông
V12.2,Người đi xe đạp bị thương do va chạm với mô tô 2- 3 bánh: Người đi xe đạp không xác định bị thương trong tai nạn không giao thông
V12.1,Người đi xe đạp bị thương do va chạm với mô tô 2- 3 bánh: Hành khách bị thương trong tai nạn không giao thông
V12.4,Người đi xe đạp bị thương do va chạm với mô tô 2- 3 bánh: Lái xe bị thương trong tai nạn giao thông
V12.3,Người đi xe đạp bị thương do va chạm với mô tô 2- 3 bánh: Người bị thương khi lên hoặc xuống xe
V12.5,Người đi xe đạp bị thương do va chạm với mô tô 2- 3 bánh. Hành khách bị thương trong tai nạn giao thông
V12.9,Người đi xe đạp bị thương do va chạm với mô tô 2- 3 bánh. Người đi xe đạp không xác định bị thương trong tai nạn giao thông
V17.5,Người đi xe đạp bị thương khi va chạm với vật cố định hay tĩnh vật: Hành khách bị thương trong tai nạn giao thông
V17.3,Người đi xe đạp bị thương khi va chạm với vật cố định hay tĩnh vật: Người bị thương khi lên hoặc xuống xe
V17.9,Người đi xe đạp bị thương khi va chạm với vật cố định hay tĩnh vật: Người đi xe đạp không xác định bị thương trong tai nạn giao thông
V17.2,Người đi xe đạp bị thương khi va chạm với vật cố định hay tĩnh vật: Người đi xe đạp không xác định bị thương trong tai nạn không giao thông
V17.0,Người đi xe đạp bị thương khi va chạm với vật cố định hay tĩnh vật: Lái xe bị thương trong tai nạn không giao thông
V17.1,Người đi xe đạp bị thương khi va chạm với vật cố định hay tĩnh vật: Hành khách bị thương trong tai nạn không giao thông
V17.4,Người đi xe đạp bị thương khi va chạm với vật cố định hay tĩnh vật: Lái xe bị thương trong tai nạn giao thông
V13.0,"Người đi xe đạp bị thương khi va chạm với ô tô, xe bán tải và xe tải nhẹ: Lái xe bị thương trong tai nạn không giao thông"
V13.4,"Người đi xe đạp bị thương khi va chạm với ô tô, xe bán tải và xe tải nhẹ: Lái xe bị thương trong tai nạn giao thông"
V13.3,"Người đi xe đạp bị thương khi va chạm với ô tô, xe bán tải và xe tải nhẹ: Người bị thương khi lên hoặc xuống xe"
V13.9,"Người đi xe đạp bị thương khi va chạm với ô tô, xe bán tải và xe tải nhẹ: Người đi xe đạp không xác định bị thương trong tai nạn giao thông"
V13.5,"Người đi xe đạp bị thương khi va chạm với ô tô, xe bán tải và xe tải nhẹ: Hành khách bị thương trong tai nạn giao thông"
V13.2,"Người đi xe đạp bị thương khi va chạm với ô tô, xe bán tải và xe tải nhẹ: Người đi xe đạp không xác định bị thương trong tai nạn không giao thông"
V13.1,"Người đi xe đạp bị thương khi va chạm với ô tô, xe bán tải và xe tải nhẹ: Hành khách bị thương trong tai nạn không giao thông"
V14.5,Người đi xe đạp bị thương khi va chạm với xe tải hay xe buýt: Hành khách bị thương trong tai nạn giao thông
V14.9,Người đi xe đạp bị thương khi va chạm với xe tải hay xe buýt: Người đi xe đạp không xác định bị thương trong tai nạn giao thông
V14.0,Người đi xe đạp bị thương khi va chạm với xe tải hay xe buýt: Lái xe bị thương trong tai nạn không giao thông
V14.1,Người đi xe đạp bị thương khi va chạm với xe tải hay xe buýt: Hành khách bị thương trong tai nạn không giao thông
V14.2,Người đi xe đạp bị thương khi va chạm với xe tải hay xe buýt: Người đi xe đạp không xác định bị thương trong tai nạn không giao thông
V14.4,Người đi xe đạp bị thương khi va chạm với xe tải hay xe buýt: Lái xe bị thương trong tai nạn giao thông
V14.3,Người đi xe đạp bị thương khi va chạm với xe tải hay xe buýt: Người bị thương khi lên hoặc xuống xe
V38.4,Người đi xe cơ giới 3 bánh bị thương trong tai nạn giao thông không có va chạm: Người bị thương khi lên hoặc xuống xe
V38.6,Người đi xe cơ giới 3 bánh bị thương trong tai nạn giao thông không có va chạm: Hành khách bị thương trong tai nạn giao thông
V38.1,Người đi xe cơ giới 3 bánh bị thương trong tai nạn giao thông không có va chạm: Hành khách bị thương trong tai nạn không giao thông
V38.9,Người đi xe cơ giới 3 bánh bị thương trong tai nạn giao thông không có va chạm: Người đi trên xe bị thương trong tai nạn giao thông
V38.7,Người đi xe cơ giới 3 bánh bị thương trong tai nạn giao thông không có va chạm: Người bên ngoài xe bị thương trong tai nạn giao thông
V38.5,Người đi xe cơ giới 3 bánh bị thương trong tai nạn giao thông không có va chạm: Người lái xe bị thương trong tai nạn giao thông
V38.3,Người đi xe cơ giới 3 bánh bị thương trong tai nạn giao thông không có va chạm: Người đi trên xe bị thương trong tai nạn không giao thông
V38.0,Người đi xe cơ giới 3 bánh bị thương trong tai nạn giao thông không có va chạm: Người lái xe bị thương trong tai nạn không giao thông
V38.2,Người đi xe cơ giới 3 bánh bị thương trong tai nạn giao thông không có va chạm: Người bên ngoài xe bị thương trong tai nạn không giao thông
V39.2,Người đi trên xe cơ giới 3 bánh không xác định bị thương khi va chạm với xe cơ giới khác và không xác định trong tai nạn không giao thông
V39.0,Lái xe cơ giới 3 bánh bị thương khi va chạm với xe cơ giới khác và không xác định trong tai nạn không giao thông
V39.4,Lái xe cơ giới 3 bánh bị thương khi va chạm với xe cơ giới khác và không xác định trong tai nạn giao thông
V39.6,Người đi xe cơ giới 3 bánh bị thương khi va chạm với xe cơ giới khác và không xác định trong tai nạn giao thông
V39.3,"Người đi xe cơ giới 3 bánh bị thương trong tai nạn không xác định, không phải tai nạn giao thông"
V39.9,Người đi xe cơ giới 3 bánh bị thương trong tai nạn giao thông không xác định
V39.5,Hành khách xe cơ giới 3 bánh bị thương khi va chạm với xe cơ giới khác và không xác định trong tai nạn giao thông
V39.1,Hành khách trên xe cơ giới 3 bánh bị thương khi va chạm với xe cơ giới khác và không xác định trong tai nạn không giao thông
V39.8,Người đi xe cơ giới 3 bánh bị thương trong tai nạn giao thông xác định khác
V32.2,Người đi xe cơ giới 3 bánh bị thương khi va chạm với cơ giới 2 hoặc 3 bánh: Người bên ngoài xe bị thương trong tai nạn không giao thông
V32.9,Người đi xe cơ giới 3 bánh bị thương khi va chạm với cơ giới 2 hoặc 3 bánh: Người đi trên xe bị thương trong tai nạn giao thông
V32.0,Người đi xe cơ giới 3 bánh bị thương khi va chạm với cơ giới 2 hoặc 3 bánh: Người lái xe bị thương trong tai nạn không giao thông
V32.5,Người đi xe cơ giới 3 bánh bị thương khi va chạm với cơ giới 2 hoặc 3 bánh: Người lái xe bị thương trong tai nạn giao thông
V32.4,Người đi xe cơ giới 3 bánh bị thương khi va chạm với cơ giới 2 hoặc 3 bánh: Người bị thương khi lên hoặc xuống xe
V32.7,Người đi xe cơ giới 3 bánh bị thương khi va chạm với cơ giới 2 hoặc 3 bánh: Người bên ngoài xe bị thương trong tai nạn giao thông
V32.1,Người đi xe cơ giới 3 bánh bị thương khi va chạm với cơ giới 2 hoặc 3 bánh: Hành khách bị thương trong tai nạn không giao thông
V32.3,Người đi xe cơ giới 3 bánh bị thương khi va chạm với cơ giới 2 hoặc 3 bánh: Người đi trên xe bị thương trong tai nạn không giao thông
V32.6,Người đi xe cơ giới 3 bánh bị thương khi va chạm với cơ giới 2 hoặc 3 bánh: Hành khách bị thương trong tai nạn giao thông
V37.1,Người đi xe cơ giới 3 bánh bị thương khi va chạm với vật cố định hay tĩnh vật: Hành khách bị thương trong tai nạn không giao thông
V37.4,Người đi xe cơ giới 3 bánh bị thương khi va chạm với vật cố định hay tĩnh vật: Người bị thương khi lên hoặc xuống xe
V37.6,Người đi xe cơ giới 3 bánh bị thương khi va chạm với vật cố định hay tĩnh vật: Hành khách bị thương trong tai nạn giao thông
V37.0,Người đi xe cơ giới 3 bánh bị thương khi va chạm với vật cố định hay tĩnh vật: Người lái xe bị thương trong tai nạn không giao thông
V37.7,Người đi xe cơ giới 3 bánh bị thương khi va chạm với vật cố định hay tĩnh vật: Người bên ngoài xe bị thương trong tai nạn giao thông
V37.5,Người đi xe cơ giới 3 bánh bị thương khi va chạm với vật cố định hay tĩnh vật: Người lái xe bị thương trong tai nạn giao thông
V37.3,Người đi xe cơ giới 3 bánh bị thương khi va chạm với vật cố định hay tĩnh vật: Người đi trên xe bị thương trong tai nạn không giao thông
V37.9,Người đi xe cơ giới 3 bánh bị thương khi va chạm với vật cố định hay tĩnh vật: Người đi trên xe bị thương trong tai nạn giao thông
V37.2,Người đi xe cơ giới 3 bánh bị thương khi va chạm với vật cố định hay tĩnh vật: Người bên ngoài xe bị thương trong tai nạn không giao thông
V30.5,Người đi xe cơ giới 3 bánh bị thương khi va chạm với người đi bộ hay súc vật: Người lái xe bị thương trong tai nạn giao thông
V30.4,Người đi xe cơ giới 3 bánh bị thương khi va chạm với người đi bộ hay súc vật: Người bị thương khi lên hoặc xuống xe
V30.2,Người đi xe cơ giới 3 bánh bị thương khi va chạm với người đi bộ hay súc vật: Người bên ngoài xe bị thương trong tai nạn không giao thông
V30.6,Người đi xe cơ giới 3 bánh bị thương khi va chạm với người đi bộ hay súc vật: Hành khách bị thương trong tai nạn giao thông
V30.1,Người đi xe cơ giới 3 bánh bị thương khi va chạm với người đi bộ hay súc vật: Hành khách bị thương trong tai nạn không giao thông
V30.3,Người đi xe cơ giới 3 bánh bị thương khi va chạm với người đi bộ hay súc vật: Người đi trên xe bị thương trong tai nạn không giao thông
V30.9,Người đi xe cơ giới 3 bánh bị thương khi va chạm với người đi bộ hay súc vật: Người đi trên xe bị thương trong tai nạn giao thông
V30.0,Người đi xe cơ giới 3 bánh bị thương khi va chạm với người đi bộ hay súc vật: Người lái xe bị thương trong tai nạn không giao thông
V30.7,Người đi xe cơ giới 3 bánh bị thương khi va chạm với người đi bộ hay súc vật: Người bên ngoài xe bị thương trong tai nạn giao thông
V34.5,Người trên xe cơ giới 3 bánh bị thương khi va chạm với xe tải nặng hay xe buýt: Người lái xe bị thương trong tai nạn giao thông
V34.9,Người trên xe cơ giới 3 bánh bị thương khi va chạm với xe tải nặng hay xe buýt: Người đi trên xe bị thương trong tai nạn giao thông
V34.7,Người trên xe cơ giới 3 bánh bị thương khi va chạm với xe tải nặng hay xe buýt: Người bên ngoài xe bị thương trong tai nạn giao thông
V34.3,Người trên xe cơ giới 3 bánh bị thương khi va chạm với xe tải nặng hay xe buýt: Người đi trên xe bị thương trong tai nạn không giao thông
V34.0,Người trên xe cơ giới 3 bánh bị thương khi va chạm với xe tải nặng hay xe buýt: Người lái xe bị thương trong tai nạn không giao thông
V34.1,Người trên xe cơ giới 3 bánh bị thương khi va chạm với xe tải nặng hay xe buýt: Hành khách bị thương trong tai nạn không giao thông
V34.2,Người trên xe cơ giới 3 bánh bị thương khi va chạm với xe tải nặng hay xe buýt: Người bên ngoài xe bị thương trong tai nạn không giao thông
V34.6,Người trên xe cơ giới 3 bánh bị thương khi va chạm với xe tải nặng hay xe buýt: Hành khách bị thương trong tai nạn giao thông
V34.4,Người trên xe cơ giới 3 bánh bị thương khi va chạm với xe tải nặng hay xe buýt: Người bị thương khi lên hoặc xuống xe
V33.3,"Người trên xe cơ giới 3 bánh bị thương khi va chạm với ô tô, xe bán tải hoặc xe tải nhẹ: Người đi trên xe bị thương trong tai nạn không giao thông"
V33.0,"Người trên xe cơ giới 3 bánh bị thương khi va chạm với ô tô, xe bán tải hoặc xe tải nhẹ: Người lái xe bị thương trong tai nạn không giao thông"
V33.5,"Người trên xe cơ giới 3 bánh bị thương khi va chạm với ô tô, xe bán tải hoặc xe tải nhẹ: Người lái xe bị thương trong tai nạn giao thông"
V33.7,"Người trên xe cơ giới 3 bánh bị thương khi va chạm với ô tô, xe bán tải hoặc xe tải nhẹ: Người bên ngoài xe bị thương trong tai nạn giao thông"
V33.2,"Người trên xe cơ giới 3 bánh bị thương khi va chạm với ô tô, xe bán tải hoặc xe tải nhẹ: Người bên ngoài xe bị thương trong tai nạn không giao thông"
V33.6,"Người trên xe cơ giới 3 bánh bị thương khi va chạm với ô tô, xe bán tải hoặc xe tải nhẹ: Hành khách bị thương trong tai nạn giao thông"
V33.4,"Người trên xe cơ giới 3 bánh bị thương khi va chạm với ô tô, xe bán tải hoặc xe tải nhẹ: Người bị thương khi lên hoặc xuống xe"
V33.1,"Người trên xe cơ giới 3 bánh bị thương khi va chạm với ô tô, xe bán tải hoặc xe tải nhẹ: Hành khách bị thương trong tai nạn không giao thông"
V35.0,Người đi xe cơ giới 3 bánh bị thương khi va chạm với tàu hoả hay ô tô ray: Người lái xe bị thương trong tai nạn không giao thông
V33.9,"Người trên xe cơ giới 3 bánh bị thương khi va chạm với ô tô, xe bán tải hoặc xe tải nhẹ: Người đi trên xe bị thương trong tai nạn giao thông"
V36.4,Người đi xe cơ giới 3 bánh bị thương khi va chạm với xe thô sơ khác: Người bị thương khi lên hoặc xuống xe
V36.5,Người đi xe cơ giới 3 bánh bị thương khi va chạm với xe thô sơ khác: Người lái xe bị thương trong tai nạn giao thông
V36.6,Người đi xe cơ giới 3 bánh bị thương khi va chạm với xe thô sơ khác: Hành khách bị thương trong tai nạn giao thông
V36.9,Người đi xe cơ giới 3 bánh bị thương khi va chạm với xe thô sơ khác: Người đi trên xe bị thương trong tai nạn giao thông
V36.7,Người đi xe cơ giới 3 bánh bị thương khi va chạm với xe thô sơ khác: Người bên ngoài xe bị thương trong tai nạn giao thông
V36.2,Người đi xe cơ giới 3 bánh bị thương khi va chạm với xe thô sơ khác: Người bên ngoài xe bị thương trong tai nạn không giao thông
V36.0,Người đi xe cơ giới 3 bánh bị thương khi va chạm với xe thô sơ khác: Người lái xe bị thương trong tai nạn không giao thông
V36.3,Người đi xe cơ giới 3 bánh bị thương khi va chạm với xe thô sơ khác: Người đi trên xe bị thương trong tai nạn không giao thông
V36.1,Người đi xe cơ giới 3 bánh bị thương khi va chạm với xe thô sơ khác: Hành khách bị thương trong tai nạn không giao thông
V31.1,Người đi xe cơ giới 3 bánh bị thương khi va chạm với xe đạp: Hành khách bị thương trong tai nạn không giao thông
V31.2,Người đi xe cơ giới 3 bánh bị thương khi va chạm với xe đạp: Người bên ngoài xe bị thương trong tai nạn không giao thông
V31.3,Người đi xe cơ giới 3 bánh bị thương khi va chạm với xe đạp: Người đi trên xe bị thương trong tai nạn không giao thông
V31.6,Người đi xe cơ giới 3 bánh bị thương khi va chạm với xe đạp: Hành khách bị thương trong tai nạn giao thông
V31.7,Người đi xe cơ giới 3 bánh bị thương khi va chạm với xe đạp: Người bên ngoài xe bị thương trong tai nạn giao thông
V31.4,Người đi xe cơ giới 3 bánh bị thương khi va chạm với xe đạp: Người bị thương khi lên hoặc xuống xe
V31.9,Người đi xe cơ giới 3 bánh bị thương khi va chạm với xe đạp: Người đi trên xe bị thương trong tai nạn giao thông
V31.0,Người đi xe cơ giới 3 bánh bị thương khi va chạm với xe đạp: Người lái xe bị thương trong tai nạn không giao thông
V31.5,Người đi xe cơ giới 3 bánh bị thương khi va chạm với xe đạp: Người lái xe bị thương trong tai nạn giao thông
V35.3,Người đi xe cơ giới 3 bánh bị thương khi va chạm với tàu hoả hay ô tô ray: Người đi trên xe bị thương trong tai nạn không giao thông
V35.2,Người đi xe cơ giới 3 bánh bị thương khi va chạm với tàu hoả hay ô tô ray: Người bên ngoài xe bị thương trong tai nạn không giao thông
V35.9,Người đi xe cơ giới 3 bánh bị thương khi va chạm với tàu hoả hay ô tô ray: Người đi trên xe bị thương trong tai nạn giao thông
V35.1,Người đi xe cơ giới 3 bánh bị thương khi va chạm với tàu hoả hay ô tô ray: Hành khách bị thương trong tai nạn không giao thông
V35.7,Người đi xe cơ giới 3 bánh bị thương khi va chạm với tàu hoả hay ô tô ray: Người bên ngoài xe bị thương trong tai nạn giao thông
V35.4,Người đi xe cơ giới 3 bánh bị thương khi va chạm với tàu hoả hay ô tô ray: Người bị thương khi lên hoặc xuống xe
V35.6,Người đi xe cơ giới 3 bánh bị thương khi va chạm với tàu hoả hay ô tô ray: Hành khách bị thương trong tai nạn giao thông
V35.5,Người đi xe cơ giới 3 bánh bị thương khi va chạm với tàu hoả hay ô tô ray: Người lái xe bị thương trong tai nạn giao thông
V93.7,"Tai nạn trên phương tiện giao thông đường thuỷ không có va chạm, không gây đuối nước và ngập nước: Ván lướt sóng"
V93.6,"Tai nạn trên phương tiện giao thông đường thuỷ không có va chạm, không gây đuối nước và ngập nước: Xuồng bơm hơi (không động cơ)"
V93.5,"Tai nạn trên phương tiện giao thông đường thuỷ không có va chạm, không gây đuối nước và ngập nước: Thuyền ca nô có mái chèo hoặc kayak"
V93.9,"Tai nạn trên phương tiện giao thông đường thuỷ không có va chạm, không gây đuối nước và ngập nước: Thuyền ca nô không xác định"
V93.4,"Tai nạn trên phương tiện giao thông đường thuỷ không có va chạm, không gây đuối nước và ngập nước: Thuyền buồm"
V93.0,"Tai nạn trên phương tiện giao thông đường thuỷ không có va chạm, không gây đuối nước và ngập nước: Tàu thuỷ chở hàng"
V93.3,"Tai nạn trên phương tiện giao thông đường thuỷ không có va chạm, không gây đuối nước và ngập nước: Thuyền ca nô có động cơ khác"
V93.2,"Tai nạn trên phương tiện giao thông đường thuỷ không có va chạm, không gây đuối nước và ngập nước: Tàu thuyền đánh cá"
V93.1,"Tai nạn trên phương tiện giao thông đường thuỷ không có va chạm, không gây đuối nước và ngập nước: Tàu thuỷ chở khách"
V93.8,"Tai nạn trên phương tiện giao thông đường thuỷ không có va chạm, không gây đuối nước và ngập nước: Thuyền ca nô không động cơ khác"
V90.2,Tai nạn giao thông đường thuỷ gây đuối nước và ngập nước: Tàu thuyền đánh cá
V90.0,Tai nạn giao thông đường thuỷ gây đuối nước và ngập nước: Tàu thuỷ chở hàng
V90.4,Tai nạn giao thông đường thuỷ gây đuối nước và ngập nước: Thuyền buồm
V90.8,Tai nạn giao thông đường thuỷ gây đuối nước và ngập nước: Thuyền ca nô không động cơ khác
V90.1,Tai nạn giao thông đường thuỷ gây đuối nước và ngập nước: Tàu thuỷ chở khách
V90.7,Tai nạn giao thông đường thuỷ gây đuối nước và ngập nước: Ván lướt sóng
V90.5,Tai nạn giao thông đường thuỷ gây đuối nước và ngập nước: Thuyền ca nô có mái chèo hoặc kayak
V90.6,Tai nạn giao thông đường thuỷ gây đuối nước và ngập nước: Xuồng bơm hơi (không động cơ)
V90.3,Tai nạn giao thông đường thuỷ gây đuối nước và ngập nước: Thuyền ca nô có động cơ khác
V90.9,Tai nạn giao thông đường thuỷ gây đuối nước và ngập nước: Thuyền ca nô không xác định
V92.8,Đuối nước và ngập nước liên quan đến phương tiện giao thông đường thuỷ mà không phải tai nạn do phương tiện đường thuỷ: Thuyền ca nô không động cơ khác
V92.5,Đuối nước và ngập nước liên quan đến phương tiện giao thông đường thuỷ mà không phải tai nạn do phương tiện đường thuỷ: Thuyền ca nô có mái chèo hoặc kayak
V92.6,Đuối nước và ngập nước liên quan đến phương tiện giao thông đường thuỷ mà không phải tai nạn do phương tiện đường thuỷ: Xuồng bơm hơi (không động cơ)
V92.0,Đuối nước và ngập nước liên quan đến phương tiện giao thông đường thuỷ mà không phải tai nạn do phương tiện đường thuỷ: Tàu thuỷ chở hàng
V92.7,Đuối nước và ngập nước liên quan đến phương tiện giao thông đường thuỷ mà không phải tai nạn do phương tiện đường thuỷ: Ván lướt sóng
V92.2,Đuối nước và ngập nước liên quan đến phương tiện giao thông đường thuỷ mà không phải tai nạn do phương tiện đường thuỷ: Tàu thuyền đánh cá
V92.3,Đuối nước và ngập nước liên quan đến phương tiện giao thông đường thuỷ mà không phải tai nạn do phương tiện đường thuỷ: Thuyền ca nô có động cơ khác
V92.9,Đuối nước và ngập nước liên quan đến phương tiện giao thông đường thuỷ mà không phải tai nạn do phương tiện đường thuỷ: Thuyền ca nô không xác định
V92.4,Đuối nước và ngập nước liên quan đến phương tiện giao thông đường thuỷ mà không phải tai nạn do phương tiện đường thuỷ: Thuyền buồm
V92.1,Đuối nước và ngập nước liên quan đến phương tiện giao thông đường thuỷ mà không phải tai nạn do phương tiện đường thuỷ: Tàu thuỷ chở khách
V91.7,Tai nạn giao thông đường thuỷ gây tổn thương khác: Ván lướt sóng
V91.6,Tai nạn giao thông đường thuỷ gây tổn thương khác: Xuồng bơm hơi (không động cơ)
V91.0,Tai nạn giao thông đường thuỷ gây tổn thương khác: Tàu thuỷ chở hàng
V91.1,Tai nạn giao thông đường thuỷ gây tổn thương khác: Tàu thuỷ chở khách
V91.3,Tai nạn giao thông đường thuỷ gây tổn thương khác: Thuyền ca nô có động cơ khác
V91.8,Tai nạn giao thông đường thuỷ gây tổn thương khác: Thuyền ca nô không động cơ khác
V91.4,Tai nạn giao thông đường thuỷ gây tổn thương khác: Thuyền buồm
V91.9,Tai nạn giao thông đường thuỷ gây tổn thương khác: Thuyền ca nô không xác định
V91.5,Tai nạn giao thông đường thuỷ gây tổn thương khác: Thuyền ca nô có mái chèo hoặc kayak
V91.2,Tai nạn giao thông đường thuỷ gây tổn thương khác: Tàu thuyền đánh cá
V94.8,Các tai nạn giao thông đường thuỷ không xác định: Thuyền ca nô không động cơ khác
V94.0,Các tai nạn giao thông đường thuỷ khác và không xác định: Tàu thuỷ chở hàng
V94.5,Các tai nạn giao thông đường thuỷ không xác định: Thuyền ca nô có mái chèo hoặc kayak
V94.2,Các tai nạn giao thông đường thuỷ không xác định: Tàu thuyền đánh cá
V94.7,Các tai nạn giao thông đường thuỷ không xác định: Ván lướt sóng
V94.1,Các tai nạn giao thông đường thuỷ khác và không xác định: Tàu thuỷ chở khách
V94.6,Các tai nạn giao thông đường thuỷ không xác định: Xuồng bơm hơi (không động cơ)
V94.9,Các tai nạn giao thông đường thuỷ không xác định: Thuyền ca nô không xác định
V94.4,Các tai nạn giao thông đường thuỷ không xác định: Thuyền buồm
V94.3,Các tai nạn giao thông đường thuỷ không xác định: Thuyền ca nô có động cơ khác
V46.2,Người đi xe ô tô con bị thương khi va chạm với xe thô sơ khác: Người bên ngoài xe bị thương trong tai nạn không giao thông
V46.3,Người đi xe ô tô con bị thương khi va chạm với xe thô sơ khác: Người đi trên xe ô tô bị thương trong tai nạn không giao thông
V46.7,Người đi xe ô tô con bị thương khi va chạm với xe thô sơ khác: Người bên ngoài xe bị thương trong tai nạn giao thông
V46.1,Người đi xe ô tô con bị thương khi va chạm với xe thô sơ khác: Hành khách bị thương trong tai nạn không giao thông
V46.6,Người đi xe ô tô con bị thương khi va chạm với xe thô sơ khác: Hành khách bị thương trong tai nạn giao thông
V46.5,Người đi xe ô tô con bị thương khi va chạm với xe thô sơ khác: Người lái xe bị thương trong tai nạn giao thông
V46.4,Người đi xe ô tô con bị thương khi va chạm với xe thô sơ khác: Người bị thương khi lên hoặc xuống xe
V46.0,Người đi xe ô tô con bị thương khi va chạm với xe thô sơ khác: Người lái xe bị thương trong tai nạn không giao thông
V46.9,Người đi xe ô tô con bị thương khi va chạm với xe thô sơ khác: Người đi trên ô tô bị thương trong tai nạn giao thông
V47.6,Người đi xe ô tô con bị thương khi va chạm với vật cố định hay tĩnh vật: Hành khách bị thương trong tai nạn giao thông
V47.4,Người đi xe ô tô con bị thương khi va chạm với vật cố định hay tĩnh vật: Người bị thương khi lên hoặc xuống xe
V47.2,Người đi xe ô tô con bị thương khi va chạm với vật cố định hay tĩnh vật: Người bên ngoài xe bị thương trong tai nạn không giao thông
V47.0,Người đi xe ô tô con bị thương khi va chạm với vật cố định hay tĩnh vật: Người lái xe bị thương trong tai nạn không giao thông
V47.3,Người đi xe ô tô con bị thương khi va chạm với vật cố định hay tĩnh vật: Người đi trên xe ô tô bị thương trong tai nạn không giao thông
V47.5,Người đi xe ô tô con bị thương khi va chạm với vật cố định hay tĩnh vật: Người lái xe bị thương trong tai nạn giao thông
V47.7,Người đi xe ô tô con bị thương khi va chạm với vật cố định hay tĩnh vật: Người bên ngoài xe bị thương trong tai nạn giao thông
V47.9,Người đi xe ô tô con bị thương khi va chạm với vật cố định hay tĩnh vật: Người đi trên ô tô bị thương trong tai nạn giao thông
V47.1,Người đi xe ô tô con bị thương khi va chạm với vật cố định hay tĩnh vật: Hành khách bị thương trong tai nạn không giao thông
V48.5,Người đi trên ô tô bị thương trong tai nạn giao thông không có va chạm: Người lái xe bị thương trong tai nạn giao thông
V48.4,Người đi trên ô tô bị thương trong tai nạn giao thông không có va chạm: Người bị thương khi lên hoặc xuống xe
V48.2,Người đi trên ô tô bị thương trong tai nạn giao thông không có va chạm: Người bên ngoài xe bị thương trong tai nạn không giao thông
V48.6,Người đi trên ô tô bị thương trong tai nạn giao thông không có va chạm: Hành khách bị thương trong tai nạn giao thông
V48.7,Người đi trên ô tô bị thương trong tai nạn giao thông không có va chạm: Người bên ngoài xe bị thương trong tai nạn giao thông
V48.1,Người đi trên ô tô bị thương trong tai nạn giao thông không có va chạm: Hành khách bị thương trong tai nạn không giao thông
V48.9,Người đi trên ô tô bị thương trong tai nạn giao thông không có va chạm: Người đi trên ô tô bị thương trong tai nạn giao thông
V48.3,Người đi trên ô tô bị thương trong tai nạn giao thông không có va chạm: Người đi trên xe ô tô bị thương trong tai nạn không giao thông
V48.0,Người đi trên ô tô bị thương trong tai nạn giao thông không có va chạm: Người lái xe bị thương trong tai nạn không giao thông
V40.1,Người đi xe ô tô con bị thương khi va chạm với người đi bộ hay súc vật: Hành khách bị thương trong tai nạn không giao thông
V40.2,Người đi xe ô tô con bị thương khi va chạm với người đi bộ hay súc vật: Người bên ngoài xe bị thương trong tai nạn không giao thông
V40.7,Người đi xe ô tô con bị thương khi va chạm với người đi bộ hay súc vật: Người bên ngoài xe bị thương trong tai nạn giao thông
V40.5,Người đi xe ô tô con bị thương khi va chạm với người đi bộ hay súc vật: Người lái xe bị thương trong tai nạn giao thông
V40.9,Người đi xe ô tô con bị thương khi va chạm với người đi bộ hay súc vật: Người đi trên ô tô bị thương trong tai nạn giao thông
V40.6,Người đi xe ô tô con bị thương khi va chạm với người đi bộ hay súc vật: Hành khách bị thương trong tai nạn giao thông
V40.4,Người đi xe ô tô con bị thương khi va chạm với người đi bộ hay súc vật: Người bị thương khi lên hoặc xuống xe
V40.0,Người đi xe ô tô con bị thương khi va chạm với người đi bộ hay súc vật: Người lái xe bị thương trong tai nạn không giao thông
V40.3,Người đi xe ô tô con bị thương khi va chạm với người đi bộ hay súc vật: Người đi trên xe ô tô bị thương trong tai nạn không giao thông
V44.2,Người đi xe ô tô con bị thương khi va chạm với xe tải nặng hay xe buýt: Người bên ngoài xe bị thương trong tai nạn không giao thông
V44.1,Người đi xe ô tô con bị thương khi va chạm với xe tải nặng hay xe buýt: Hành khách bị thương trong tai nạn không giao thông
V44.7,Người đi xe ô tô con bị thương khi va chạm với xe tải nặng hay xe buýt: Người bên ngoài xe bị thương trong tai nạn giao thông
V44.4,Người đi xe ô tô con bị thương khi va chạm với xe tải nặng hay xe buýt: Người bị thương khi lên hoặc xuống xe
V44.6,Người đi xe ô tô con bị thương khi va chạm với xe tải nặng hay xe buýt: Hành khách bị thương trong tai nạn giao thông
V44.3,Người đi xe ô tô con bị thương khi va chạm với xe tải nặng hay xe buýt: Người đi trên xe ô tô bị thương trong tai nạn không giao thông
V44.5,Người đi xe ô tô con bị thương khi va chạm với xe tải nặng hay xe buýt: Người lái xe bị thương trong tai nạn giao thông
V44.9,Người đi xe ô tô con bị thương khi va chạm với xe tải nặng hay xe buýt: Người đi trên ô tô bị thương trong tai nạn giao thông
V44.0,Người đi xe ô tô con bị thương khi va chạm với xe tải nặng hay xe buýt: Người lái xe bị thương trong tai nạn không giao thông
V45.1,Người đi xe ô tô con bị thương khi va chạm với tàu hoả hay ô tô ray: Hành khách bị thương trong tai nạn không phải giao thông
V45.7,Người đi xe ô tô con bị thương khi va chạm với tàu hoả hay ô tô ray: Người bên ngoài xe bị thương trong tai nạn giao thông
V45.3,Người đi xe ô tô con bị thương khi va chạm với tàu hoả hay ô tô ray: Người đi trên xe không xác định bị thương trong tai nạn không phải giao thông
V45.9,Người đi xe ô tô con bị thương khi va chạm với tàu hoả hay ô tô ray: Người đi trên xe không xác định bị thương trong tai nạn giao thông
V45.2,Người đi xe ô tô con bị thương khi va chạm với tàu hoả hay ô tô ray: Người bên ngoài xe bị thương trong tai nạn không phải giao thông
V45.6,Người đi xe ô tô con bị thương khi va chạm với tàu hoả hay ô tô ray: Hành khách bị thương trong tai nạn giao thông
V45.0,Người đi xe ô tô con bị thương khi va chạm với tàu hoả hay ô tô ray: Lái xe ô tô bị thương trong tai nạn không phải giao thông
V45.4,Người đi xe ô tô con bị thương khi va chạm với tàu hoả hay ô tô ray: Người bị thương khi lên xuống xe hoặc cháy xe
V45.5,Người đi xe ô tô con bị thương khi va chạm với tàu hoả hay ô tô ray: Lái xe ô tô bị thương trong tai nạn giao thông
V42.5,Người đi xe ô tô con bị thương khi va chạm với xe cơ giới 2 hoặc 3 bánh: Người lái xe bị thương trong tai nạn giao thông
V42.9,Người đi xe ô tô con bị thương khi va chạm với xe cơ giới 2 hoặc 3 bánh: Người đi trên ô tô bị thương trong tai nạn giao thông
V42.2,Người đi xe ô tô con bị thương khi va chạm với xe cơ giới 2 hoặc 3 bánh: Người bên ngoài xe bị thương trong tai nạn không giao thông
V42.0,Người đi xe ô tô con bị thương khi va chạm với xe cơ giới 2 hoặc 3 bánh: Người lái xe bị thương trong tai nạn không giao thông
V42.3,Người đi xe ô tô con bị thương khi va chạm với xe cơ giới 2 hoặc 3 bánh: Người đi trên xe ô tô bị thương trong tai nạn không giao thông
V42.1,Người đi xe ô tô con bị thương khi va chạm với xe cơ giới 2 hoặc 3 bánh: Hành khách bị thương trong tai nạn không giao thông
V42.7,Người đi xe ô tô con bị thương khi va chạm với xe cơ giới 2 hoặc 3 bánh: Người bên ngoài xe bị thương trong tai nạn giao thông
V42.6,Người đi xe ô tô con bị thương khi va chạm với xe cơ giới 2 hoặc 3 bánh: Hành khách bị thương trong tai nạn giao thông
V42.4,Người đi xe ô tô con bị thương khi va chạm với xe cơ giới 2 hoặc 3 bánh: Người bị thương khi lên hoặc xuống xe
V43.5,"Người đi trên ô tô bị thương khi va chạm với xe ô tô, xe bán tải hoặc xe tải nhẹ: Người lái xe bị thương trong tai nạn giao thông"
V43.0,"Người đi xe ô tô con bị thương khi va chạm với xe ô tô con, xe bán tải hoặc xe tải nhẹ: Người lái xe bị thương trong tai nạn không giao thông"
V43.9,"Người đi trên ô tô bị thương khi va chạm với xe ô tô, xe bán tải hoặc xe tải nhẹ: Người đi trên ô tô bị thương trong tai nạn giao thông"
V43.6,"Người đi trên ô tô bị thương khi va chạm với xe ô tô, xe bán tải hoặc xe tải nhẹ: Hành khách bị thương trong tai nạn giao thông"
V43.7,"Người đi trên ô tô bị thương khi va chạm với xe ô tô, xe bán tải hoặc xe tải nhẹ: Người bên ngoài xe bị thương trong tai nạn giao thông"
V43.2,"Người đi trên ô tô bị thương khi va chạm với xe ô tô, xe bán tải hoặc xe tải nhẹ: Người bên ngoài xe bị thương trong tai nạn không giao thông"
V43.1,"Người đi trên ô tô bị thương khi va chạm với xe ô tô, xe bán tải hoặc xe tải nhẹ: Hành khách bị thương trong tai nạn không giao thông"
V43.3,"Người đi trên ô tô bị thương khi va chạm với xe ô tô, xe bán tải hoặc xe tải nhẹ: Người đi trên xe ô tô bị thương trong tai nạn không giao thông"
V43.4,"Người đi trên ô tô bị thương khi va chạm với xe ô tô, xe bán tải hoặc xe tải nhẹ: Người bị thương khi lên hoặc xuống xe"
V49.8,Người đi trên xe ô tô con bị thương trong tai nạn giao thông xác định khác
V49.3,Người đi trên xe ô tô con bị thương trong tai nạn không giao thông không xác định
V49.1,hành khách xe ô tô con bị thương do va chạm với xe cơ giới khác và không xác định trong tai nạn không giao thông
V49.9,Người đi trên xe ô tô con bị thương trong tai nạn giao thông không xác định
V49.0,Lái xe bị thương trong va chạm với xe cơ giới khác và không xác định trong tai nạn không giao thông
V49.2,Người đi trên ô tô con không xác định bị thương do va chạm với xe cơ giới khác và không xác định trong tai nạn không giao thông
V49.6,Người trên xe ô tô con bị thương do va chạm với xe cơ giới khác và không xác định trong tai nạn giao thông
V49.5,Hành khách xe ô tô con bị thương do va chạm với xe cơ giới khác và không xác định trong tai nạn giao thông
V49.4,Lái xe xe ô tô con bị thương do va chạm với xe cơ giới khác và không xác định trong tai nạn giao thông
V41.7,Người đi xe ô tô con bị thương khi va chạm với xe đạp: Người bên ngoài xe bị thương trong tai nạn giao thông
V41.0,Người đi xe ô tô con bị thương khi va chạm với xe đạp: Người lái xe bị thương trong tai nạn không giao thông
V41.4,Người đi xe ô tô con bị thương khi va chạm với xe đạp: Người bị thương khi lên hoặc xuống xe
V41.6,Người đi xe ô tô con bị thương khi va chạm với xe đạp: Hành khách bị thương trong tai nạn giao thông
V41.5,Người đi xe ô tô con bị thương khi va chạm với xe đạp: Người lái xe bị thương trong tai nạn giao thông
V41.9,Người đi xe ô tô con bị thương khi va chạm với xe đạp: Người đi trên ô tô bị thương trong tai nạn giao thông
V41.2,Người đi xe ô tô con bị thương khi va chạm với xe đạp: Người bên ngoài xe bị thương trong tai nạn không giao thông
V41.3,Người đi xe ô tô con bị thương khi va chạm với xe đạp: Người đi trên xe ô tô bị thương trong tai nạn không giao thông
V41.1,Người đi xe ô tô con bị thương khi va chạm với xe đạp: Hành khách bị thương trong tai nạn không giao thông
V51.4,"Người trên xe tải, xe kéo bị thương do va chạm với xe đạp: Người bị thương khi lên hoặc xuống xe"
V51.7,"Người trên xe tải, xe kéo bị thương do va chạm với xe đạp: Người bên ngoài xe bị thương trong tai nạn giao thông"
V51.0,"Người trên xe tải, xe kéo bị thương do va chạm với xe đạp: Lái xe bị thương trong tai nạn không giao thông"
V51.2,"Người trên xe tải, xe kéo bị thương do va chạm với xe đạp: Người bên ngoài xe bị thương trong tai nạn không giao thông"
V51.5,"Người trên xe tải, xe kéo bị thương do va chạm với xe đạp: Lái xe bị thương trong tai nạn giao thông"
V51.6,"Người trên xe tải, xe kéo bị thương do va chạm với xe đạp: Hành khách bị thương trong tai nạn giao thông"
V51.1,"Người trên xe tải, xe kéo bị thương do va chạm với xe đạp: Hành khách bị thương trong tai nạn không giao thông"
V51.9,"Người trên xe tải, xe kéo bị thương do va chạm với xe đạp: Người đi trên ô tô bị thương trong tai nạn giao thông"
V51.3,"Người trên xe tải, xe kéo bị thương do va chạm với xe đạp: Người đi trên xe ô tô bị thương trong tai nạn không giao thông"
V50.0,"Người đi xe bán tải, xe tải nhẹ bị thương do va chạm với người đi bộ hay súc vật: Lái xe bị thương trong tai nạn không giao thông"
V50.9,"Người đi xe bán tải, xe tải nhẹ bị thương do va chạm với người đi bộ hay súc vật: Người đi trên ô tô bị thương trong tai nạn giao thông"
V50.7,"Người đi xe bán tải, xe tải nhẹ bị thương do va chạm với người đi bộ hay súc vật: Người bên ngoài xe bị thương trong tai nạn giao thông"
V50.5,"Người đi xe bán tải, xe tải nhẹ bị thương do va chạm với người đi bộ hay súc vật: Lái xe bị thương trong tai nạn giao thông"
V50.3,"Người đi xe bán tải, xe tải nhẹ bị thương do va chạm với người đi bộ hay súc vật: Người đi trên xe ô tô bị thương trong tai nạn không giao thông"
V50.4,"Người đi xe bán tải, xe tải nhẹ bị thương do va chạm với người đi bộ hay súc vật: Người bị thương khi lên hoặc xuống xe"
V50.6,"Người đi xe bán tải, xe tải nhẹ bị thương do va chạm với người đi bộ hay súc vật: Hành khách bị thương trong tai nạn giao thông"
V50.2,"Người đi xe bán tải, xe tải nhẹ bị thương do va chạm với người đi bộ hay súc vật: Người bên ngoài xe bị thương trong tai nạn không giao thông"
V50.1,"Người đi xe bán tải, xe tải nhẹ bị thương do va chạm với người đi bộ hay súc vật: Hành khách bị thương trong tai nạn không giao thông"
V59.3,"Người đi trên xe bán tải, xe tải nhẹ bị thương trong tai nạn không giao thông không xác định"
V59.8,"Người đi trên xe bán tải, xe tải nhẹ bị thương trong tai nạn giao thông xác định khác"
V59.2,"Người đi trên xe xe bán tải, xe tải nhẹ bị thương khi va chạm với xe cơ giới khác và không xác định trong tai nạn không giao thông"
V59.6,"Người đi trên xe bán tải, xe tải nhẹ không xác định bị thương khi va chạm với xe cơ giới khác và không xác định trong tai nạn giao thông"
V59.0,"Lái xe bán tải, xe tải nhẹ bị thương khi va chạm với xe cơ giới khác và không xác định trong tai nạn không giao thông"
V59.9,"Người đi trên xe bán tải, xe tải nhẹ bị thương trong tai nạn giao thông không xác định"
V59.5,"hành khách xe bán tải, xe tải nhẹ bị thương khi va chạm với xe cơ giới khác và không xác định trong tai nạn giao thông"
V59.1,"hành khách xe bán tải, xe tải nhẹ bị thương khi va chạm với xe cơ giới khác và không xác định trong tai nạn không giao thông"
V59.4,Lái xe bị thương khi va chạm với xe cơ giới khác và không xác định trong tai nạn giao thông
V55.2,"Người đi xe bán tải, xe tải nhẹ bị thương do va chạm với tàu hoả, ô tô ray: Người bên ngoài xe bị thương trong tai nạn không giao thông"
V55.4,"Người đi xe bán tải, xe tải nhẹ bị thương do va chạm với tàu hoả, ô tô ray: Người bị thương khi lên hoặc xuống xe"
V55.3,"Người đi xe bán tải, xe tải nhẹ bị thương do va chạm với tàu hoả, ô tô ray: Người đi trên xe ô tô bị thương trong tai nạn không giao thông"
V55.1,"Người đi xe bán tải, xe tải nhẹ bị thương do va chạm với tàu hoả, ô tô ray: Hành khách bị thương trong tai nạn không giao thông"
V55.6,"Người đi xe bán tải, xe tải nhẹ bị thương do va chạm với tàu hoả, ô tô ray: Hành khách bị thương trong tai nạn giao thông"
V55.5,"Người đi xe bán tải, xe tải nhẹ bị thương do va chạm với tàu hoả, ô tô ray: Lái xe bị thương trong tai nạn giao thông"
V55.9,"Người đi xe bán tải, xe tải nhẹ bị thương do va chạm với tàu hoả, ô tô ray: Người đi trên ô tô bị thương trong tai nạn giao thông"
V55.7,"Người đi xe bán tải, xe tải nhẹ bị thương do va chạm với tàu hoả, ô tô ray: Người bên ngoài xe bị thương trong tai nạn giao thông"
V55.0,"Người đi xe bán tải, xe tải nhẹ bị thương do va chạm với tàu hoả, ô tô ray: Lái xe bị thương trong tai nạn không giao thông"
V54.4,"Người đi xe bán tải, xe tải nhẹ bị thương do va chạm với xe tải nặng hay xe buýt: Người bị thương khi lên hoặc xuống xe"
V54.5,"Người đi xe bán tải, xe tải nhẹ bị thương do va chạm với xe tải nặng hay xe buýt: Lái xe bị thương trong tai nạn giao thông"
V54.6,"Người đi xe bán tải, xe tải nhẹ bị thương do va chạm với xe tải nặng hay xe buýt: Hành khách bị thương trong tai nạn giao thông"
V54.2,"Người đi xe bán tải, xe tải nhẹ bị thương do va chạm với xe tải nặng hay xe buýt: Người bên ngoài xe bị thương trong tai nạn không giao thông"
V54.1,"Người đi xe bán tải, xe tải nhẹ bị thương do va chạm với xe tải nặng hay xe buýt: Hành khách bị thương trong tai nạn không giao thông"
V54.7,"Người đi xe bán tải, xe tải nhẹ bị thương do va chạm với xe tải nặng hay xe buýt: Người bên ngoài xe bị thương trong tai nạn giao thông"
V54.9,"Người đi xe bán tải, xe tải nhẹ bị thương do va chạm với xe tải nặng hay xe buýt: Người đi trên ô tô bị thương trong tai nạn giao thông"
V54.0,"Người đi xe bán tải, xe tải nhẹ bị thương do va chạm với xe tải nặng hay xe buýt: Lái xe bị thương trong tai nạn không giao thông"
V54.3,"Người đi xe bán tải, xe tải nhẹ bị thương do va chạm với xe tải nặng hay xe buýt: Người đi trên xe ô tô bị thương trong tai nạn không giao thông"
V56.0,"Người đi xe bán tải, xe tải nhẹ bị thương do va chạm với xe thô sơ khác: Lái xe bị thương trong tai nạn không giao thông"
V56.1,"Người đi xe bán tải, xe tải nhẹ bị thương do va chạm với xe thô sơ khác: Hành khách bị thương trong tai nạn không giao thông"
V56.7,"Người đi xe bán tải, xe tải nhẹ bị thương do va chạm với xe thô sơ khác: Người bên ngoài xe bị thương trong tai nạn giao thông"
V56.3,"Người đi xe bán tải, xe tải nhẹ bị thương do va chạm với xe thô sơ khác: Người đi trên xe ô tô bị thương trong tai nạn không giao thông"
V56.9,"Người đi xe bán tải, xe tải nhẹ bị thương do va chạm với xe thô sơ khác: Người đi trên ô tô bị thương trong tai nạn giao thông"
V56.6,"Người đi xe bán tải, xe tải nhẹ bị thương do va chạm với xe thô sơ khác: Hành khách bị thương trong tai nạn giao thông"
V56.4,"Người đi xe bán tải, xe tải nhẹ bị thương do va chạm với xe thô sơ khác: Người bị thương khi lên hoặc xuống xe"
V56.2,"Người đi xe bán tải, xe tải nhẹ bị thương do va chạm với xe thô sơ khác: Người bên ngoài xe bị thương trong tai nạn không giao thông"
V56.5,"Người đi xe bán tải, xe tải nhẹ bị thương do va chạm với xe thô sơ khác: Lái xe bị thương trong tai nạn giao thông"
V58.2,"Người đi xe bán tải, xe tải nhẹ bị thương trong tai nạn giao thông không va chạm: Người bên ngoài xe bị thương trong tai nạn không giao thông"
V58.0,"Người đi xe bán tải, xe tải nhẹ bị thương trong tai nạn giao thông không va chạm: Lái xe bị thương trong tai nạn không giao thông"
V58.7,"Người đi xe bán tải, xe tải nhẹ bị thương trong tai nạn giao thông không va chạm: Người bên ngoài xe bị thương trong tai nạn giao thông"
V58.4,"Người đi xe bán tải, xe tải nhẹ bị thương trong tai nạn giao thông không va chạm: Người bị thương khi lên hoặc xuống xe"
V58.1,"Người đi xe bán tải, xe tải nhẹ bị thương trong tai nạn giao thông không va chạm: Hành khách bị thương trong tai nạn không giao thông"
V58.9,"Người đi xe bán tải, xe tải nhẹ bị thương trong tai nạn giao thông không va chạm: Người đi trên ô tô bị thương trong tai nạn giao thông"
V58.5,"Người đi xe bán tải, xe tải nhẹ bị thương trong tai nạn giao thông không va chạm: Lái xe bị thương trong tai nạn giao thông"
V58.6,"Người đi xe bán tải, xe tải nhẹ bị thương trong tai nạn giao thông không va chạm: Hành khách bị thương trong tai nạn giao thông"
V58.3,"Người đi xe bán tải, xe tải nhẹ bị thương trong tai nạn giao thông không va chạm: Người đi trên xe ô tô bị thương trong tai nạn không giao thông"
V57.3,"Người đi xe bán tải, xe tải nhẹ bị thương do va chạm với vật cố định hay tĩnh vật: Người đi trên xe ô tô bị thương trong tai nạn không giao thông"
V57.5,"Người đi xe bán tải, xe tải nhẹ bị thương do va chạm với vật cố định hay tĩnh vật: Lái xe bị thương trong tai nạn giao thông"
V57.6,"Người đi xe bán tải, xe tải nhẹ bị thương do va chạm với vật cố định hay tĩnh vật: Hành khách bị thương trong tai nạn giao thông"
V57.0,"Người đi xe bán tải, xe tải nhẹ bị thương do va chạm với vật cố định hay tĩnh vật: Lái xe bị thương trong tai nạn không giao thông"
V57.2,"Người đi xe bán tải, xe tải nhẹ bị thương do va chạm với vật cố định hay tĩnh vật: Người bên ngoài xe bị thương trong tai nạn không giao thông"
V57.9,"Người đi xe bán tải, xe tải nhẹ bị thương do va chạm với vật cố định hay tĩnh vật: Người đi trên ô tô bị thương trong tai nạn giao thông"
V57.4,"Người đi xe bán tải, xe tải nhẹ bị thương do va chạm với vật cố định hay tĩnh vật: Người bị thương khi lên hoặc xuống xe"
V57.7,"Người đi xe bán tải, xe tải nhẹ bị thương do va chạm với vật cố định hay tĩnh vật: Người bên ngoài xe bị thương trong tai nạn giao thông"
V57.1,"Người đi xe bán tải, xe tải nhẹ bị thương do va chạm với vật cố định hay tĩnh vật: Hành khách bị thương trong tai nạn không giao thông"
V53.4,"Người đi xe bán tải, xe tải nhẹ bị thương do va chạm với ô tô, tải, xe kéo: Người bị thương khi lên hoặc xuống xe"
V53.7,"Người đi xe bán tải, xe tải nhẹ bị thương do va chạm với ô tô, tải, xe kéo: Người bên ngoài xe bị thương trong tai nạn giao thông"
V53.5,"Người đi xe bán tải, xe tải nhẹ bị thương do va chạm với ô tô, tải, xe kéo: Lái xe bị thương trong tai nạn giao thông"
V53.6,"Người đi xe bán tải, xe tải nhẹ bị thương do va chạm với ô tô, tải, xe kéo: Hành khách bị thương trong tai nạn giao thông"
V53.9,"Người đi xe bán tải, xe tải nhẹ bị thương do va chạm với ô tô, tải, xe kéo: Người đi trên ô tô bị thương trong tai nạn giao thông"
V53.2,"Người đi xe bán tải, xe tải nhẹ bị thương do va chạm với ô tô, tải, xe kéo: Người bên ngoài xe bị thương trong tai nạn không giao thông"
V53.1,"Người đi xe bán tải, xe tải nhẹ bị thương do va chạm với ô tô, tải, xe kéo: Hành khách bị thương trong tai nạn không giao thông"
V53.0,"Người đi xe bán tải, xe tải nhẹ bị thương do va chạm với ô tô, tải, xe kéo: Lái xe bị thương trong tai nạn không giao thông"
V53.3,"Người đi xe bán tải, xe tải nhẹ bị thương do va chạm với ô tô, tải, xe kéo: Người đi trên xe ô tô bị thương trong tai nạn không giao thông"
V52.0,"Người đi xe bán tải, xe tải nhẹ bị thương do va chạm với xe cơ giới 2 hoặc 3 bánh: Lái xe bị thương trong tai nạn không giao thông"
V52.4,"Người đi xe bán tải, xe tải nhẹ bị thương do va chạm với xe cơ giới 2 hoặc 3 bánh: Người bị thương khi lên hoặc xuống xe"
V52.9,"Người đi xe bán tải, xe tải nhẹ bị thương do va chạm với xe cơ giới 2 hoặc 3 bánh: Người đi trên ô tô bị thương trong tai nạn giao thông"
V52.6,"Người đi xe bán tải, xe tải nhẹ bị thương do va chạm với xe cơ giới 2 hoặc 3 bánh: Hành khách bị thương trong tai nạn giao thông"
V52.2,"Người đi xe bán tải, xe tải nhẹ bị thương do va chạm với xe cơ giới 2 hoặc 3 bánh: Người bên ngoài xe bị thương trong tai nạn không giao thông"
V52.3,"Người đi xe bán tải, xe tải nhẹ bị thương do va chạm với xe cơ giới 2 hoặc 3 bánh: Người đi trên xe ô tô bị thương trong tai nạn không giao thông"
V52.7,"Người đi xe bán tải, xe tải nhẹ bị thương do va chạm với xe cơ giới 2 hoặc 3 bánh: Người bên ngoài xe bị thương trong tai nạn giao thông"
V52.1,"Người đi xe bán tải, xe tải nhẹ bị thương do va chạm với xe cơ giới 2 hoặc 3 bánh: Hành khách bị thương trong tai nạn không giao thông"
V52.5,"Người đi xe bán tải, xe tải nhẹ bị thương do va chạm với xe cơ giới 2 hoặc 3 bánh: Lái xe bị thương trong tai nạn giao thông"
V73.6,"Người đi xe buýt bị thương khi va chạm với ô tô, xe tải hoặc bán tải: Hành khách bị thương trong tai nạn giao thông"
V73.0,"Người đi xe buýt bị thương khi va chạm với ô tô, xe tải hoặc bán tải: Lái xe bị thương trong tai nạn không giao thông"
V73.7,"Người đi xe buýt bị thương khi va chạm với ô tô, xe tải hoặc bán tải: Người bên ngoài xe bị thương trong tai nạn giao thông"
V73.2,"Người đi xe buýt bị thương khi va chạm với ô tô, xe tải hoặc bán tải: Người bên ngoài xe bị thương trong tai nạn không giao thông"
V73.3,"Người đi xe buýt bị thương khi va chạm với ô tô, xe tải hoặc bán tải: Người đi xe buýt bị thương trong tai nạn không giao thông"
V73.1,"Người đi xe buýt bị thương khi va chạm với ô tô, xe tải hoặc bán tải: Hành khách bị thương trong tai nạn không giao thông"
V73.9,"Người đi xe buýt bị thương khi va chạm với ô tô, xe tải hoặc bán tải: Người đi trên buýt bị thương trong tai nạn giao thông"
V73.5,"Người đi xe buýt bị thương khi va chạm với ô tô, xe tải hoặc bán tải: Lái xe bị thương trong tai nạn giao thông"
V73.4,"Người đi xe buýt bị thương khi va chạm với ô tô, xe tải hoặc bán tải: Người bị thương khi lên hoặc xuống xe"
V70.9,Người đi xe buýt bị thương khi va chạm với người đi bộ hay súc vật: Người đi trên buýt bị thương trong tai nạn giao thông
V70.7,Người đi xe buýt bị thương khi va chạm với người đi bộ hay súc vật: Người bên ngoài xe bị thương trong tai nạn giao thông
V70.1,Người đi xe buýt bị thương khi va chạm với người đi bộ hay súc vật: Hành khách bị thương trong tai nạn không giao thông
V70.4,Người đi xe buýt bị thương khi va chạm với người đi bộ hay súc vật: Người bị thương khi lên hoặc xuống xe
V70.0,Người đi xe buýt bị thương khi va chạm với người đi bộ hay súc vật: Lái xe bị thương trong tai nạn không giao thông
V70.3,Người đi xe buýt bị thương khi va chạm với người đi bộ hay súc vật: Người đi xe buýt bị thương trong tai nạn không giao thông
V70.5,Người đi xe buýt bị thương khi va chạm với người đi bộ hay súc vật: Lái xe bị thương trong tai nạn giao thông
V70.2,Người đi xe buýt bị thương khi va chạm với người đi bộ hay súc vật: Người bên ngoài xe bị thương trong tai nạn không giao thông
V70.6,Người đi xe buýt bị thương khi va chạm với người đi bộ hay súc vật: Hành khách bị thương trong tai nạn giao thông
V72.2,Người đi xe buýt bị thương khi va chạm với xe cơ giới 2 hoặc 3 bánh: Người bên ngoài xe bị thương trong tai nạn không giao thông
V72.6,Người đi xe buýt bị thương khi va chạm với xe cơ giới 2 hoặc 3 bánh: Hành khách bị thương trong tai nạn giao thông
V72.4,Người đi xe buýt bị thương khi va chạm với xe cơ giới 2 hoặc 3 bánh: Người bị thương khi lên hoặc xuống xe
V72.5,Người đi xe buýt bị thương khi va chạm với xe cơ giới 2 hoặc 3 bánh: Lái xe bị thương trong tai nạn giao thông
V72.9,Người đi xe buýt bị thương khi va chạm với xe cơ giới 2 hoặc 3 bánh: Người đi trên buýt bị thương trong tai nạn giao thông
V72.1,Người đi xe buýt bị thương khi va chạm với xe cơ giới 2 hoặc 3 bánh: Hành khách bị thương trong tai nạn không giao thông
V72.7,Người đi xe buýt bị thương khi va chạm với xe cơ giới 2 hoặc 3 bánh: Người bên ngoài xe bị thương trong tai nạn giao thông
V72.0,Người đi xe buýt bị thương khi va chạm với xe cơ giới 2 hoặc 3 bánh: Lái xe bị thương trong tai nạn không giao thông
V72.3,Người đi xe buýt bị thương khi va chạm với xe cơ giới 2 hoặc 3 bánh: Người đi xe buýt bị thương trong tai nạn không giao thông
V78.6,Người đi xe buýt bị thương trong tai nạn giao thông không có va chạm: Hành khách bị thương trong tai nạn giao thông
V78.4,Người đi xe buýt bị thương trong tai nạn giao thông không có va chạm: Người bị thương khi lên hoặc xuống xe
V78.1,Người đi xe buýt bị thương trong tai nạn giao thông không có va chạm: Hành khách bị thương trong tai nạn không giao thông
V78.7,Người đi xe buýt bị thương trong tai nạn giao thông không có va chạm: Người bên ngoài xe bị thương trong tai nạn giao thông
V78.9,Người đi xe buýt bị thương trong tai nạn giao thông không có va chạm: Người đi trên buýt bị thương trong tai nạn giao thông
V78.5,Người đi xe buýt bị thương trong tai nạn giao thông không có va chạm: Lái xe bị thương trong tai nạn giao thông
V78.0,Người đi xe buýt bị thương trong tai nạn giao thông không có va chạm: Lái xe bị thương trong tai nạn không giao thông
V78.3,Người đi xe buýt bị thương trong tai nạn giao thông không có va chạm: Người đi xe buýt bị thương trong tai nạn không giao thông
V78.2,Người đi xe buýt bị thương trong tai nạn giao thông không có va chạm: Người bên ngoài xe bị thương trong tai nạn không giao thông
V74.6,Người đi xe buýt bị thương khi va chạm với xe tải nặng hoặc xe buýt: Hành khách bị thương trong tai nạn giao thông
V74.7,Người đi xe buýt bị thương khi va chạm với xe tải nặng hoặc xe buýt: Người bên ngoài xe bị thương trong tai nạn giao thông
V74.9,Người đi xe buýt bị thương khi va chạm với xe tải nặng hoặc xe buýt: Người đi trên buýt bị thương trong tai nạn giao thông
V74.3,Người đi xe buýt bị thương khi va chạm với xe tải nặng hoặc xe buýt: Người đi xe buýt bị thương trong tai nạn không giao thông
V74.2,Người đi xe buýt bị thương khi va chạm với xe tải nặng hoặc xe buýt: Người bên ngoài xe bị thương trong tai nạn không giao thông
V74.0,Người đi xe buýt bị thương khi va chạm với xe tải nặng hoặc xe buýt: Lái xe bị thương trong tai nạn không giao thông
V74.5,Người đi xe buýt bị thương khi va chạm với xe tải nặng hoặc xe buýt: Lái xe bị thương trong tai nạn giao thông
V74.4,Người đi xe buýt bị thương khi va chạm với xe tải nặng hoặc xe buýt: Người bị thương khi lên hoặc xuống xe
V74.1,Người đi xe buýt bị thương khi va chạm với xe tải nặng hoặc xe buýt: Hành khách bị thương trong tai nạn không giao thông
V76.6,Người đi xe buýt bị thương khi va chạm với xe không có động cơ khác: Hành khách bị thương trong tai nạn giao thông
V76.5,Người đi xe buýt bị thương khi va chạm với xe không có động cơ khác: Lái xe bị thương trong tai nạn giao thông
V76.9,Người đi xe buýt bị thương khi va chạm với xe không có động cơ khác: Người đi trên buýt bị thương trong tai nạn giao thông
V76.0,Người đi xe buýt bị thương khi va chạm với xe không có động cơ khác: Lái xe bị thương trong tai nạn không giao thông
V76.3,Người đi xe buýt bị thương khi va chạm với xe không có động cơ khác: Người đi xe buýt bị thương trong tai nạn không giao thông
V76.7,Người đi xe buýt bị thương khi va chạm với xe không có động cơ khác: Người bên ngoài xe bị thương trong tai nạn giao thông
V76.2,Người đi xe buýt bị thương khi va chạm với xe không có động cơ khác: Người bên ngoài xe bị thương trong tai nạn không giao thông
V76.1,Người đi xe buýt bị thương khi va chạm với xe không có động cơ khác: Hành khách bị thương trong tai nạn không giao thông
V76.4,Người đi xe buýt bị thương khi va chạm với xe không có động cơ khác: Người bị thương khi lên hoặc xuống xe
V75.9,Người đi xe buýt bị thương khi va chạm với tàu hoả hay phương tiện chạy trên ray: Người đi trên buýt bị thương trong tai nạn giao thông
V75.0,Người đi xe buýt bị thương khi va chạm với tàu hoả hay phương tiện chạy trên ray: Lái xe bị thương trong tai nạn không giao thông
V75.6,Người đi xe buýt bị thương khi va chạm với tàu hoả hay phương tiện chạy trên ray: Hành khách bị thương trong tai nạn giao thông
V75.1,Người đi xe buýt bị thương khi va chạm với tàu hoả hay phương tiện chạy trên ray: Hành khách bị thương trong tai nạn không giao thông
V75.5,Người đi xe buýt bị thương khi va chạm với tàu hoả hay phương tiện chạy trên ray: Lái xe bị thương trong tai nạn giao thông
V75.4,Người đi xe buýt bị thương khi va chạm với tàu hoả hay phương tiện chạy trên ray: Người bị thương khi lên hoặc xuống xe
V75.7,Người đi xe buýt bị thương khi va chạm với tàu hoả hay phương tiện chạy trên ray: Người bên ngoài xe bị thương trong tai nạn giao thông
V75.2,Người đi xe buýt bị thương khi va chạm với tàu hoả hay phương tiện chạy trên ray: Người bên ngoài xe bị thương trong tai nạn không giao thông
V75.3,Người đi xe buýt bị thương khi va chạm với tàu hoả hay phương tiện chạy trên ray: Người đi xe buýt bị thương trong tai nạn không giao thông
V79.4,Lái xe buýt bị thương do va chạm với xe cơ giới khác và không xác định trong tai nạn giao thông
V79.1,Hành khách đi xe buýt bị thương khi va chạm với xe cơ giới khác và không xác định không phải do tai nạn giao thông
V79.8,Người trên xe buýt (bus) bị thương trong tai nạn giao thông xác định khác
V79.9,Người trên xe buýt (bus) bị thương trong tai nạn giao thông không xác định
V79.5,Hành khách bị thương trong va chạm với xe cơ giới khác và không xác định trong tai nạn giao thông
V79.0,Lái xe buýt bị thương khi va chạm với xe cơ giới khác và không xác định không phải do tai nạn giao thông
V79.2,Người đi trên xe buýt không xác định bị thương khi va chạm với xe cơ giới khác và không xác định trong tai nạn không giao thông
V79.3,Người đi trên xe buýt bị thương trong tai nạn không giao thông không xác định
V79.6,Người đi trên xe buýt không xác định bị thương khi va chạm với xe cơ giới khác và không xác định trong tai nạn giao thông
V71.2,Người đi xe tải nặng bị thương khi va chạm với xe đạp: Người bên ngoài xe bị thương trong tai nạn không giao thông
V71.6,Người đi xe tải nặng bị thương khi va chạm với xe đạp: Hành khách bị thương trong tai nạn giao thông
V71.9,Người đi xe tải nặng bị thương khi va chạm với xe đạp: Người đi trên buýt bị thương trong tai nạn giao thông
V71.5,Người đi xe tải nặng bị thương khi va chạm với xe đạp: Lái xe bị thương trong tai nạn giao thông
V71.4,Người đi xe tải nặng bị thương khi va chạm với xe đạp: Người bị thương khi lên hoặc xuống xe
V71.3,Người đi xe tải nặng bị thương khi va chạm với xe đạp: Người đi xe buýt bị thương trong tai nạn không giao thông
V71.7,Người đi xe tải nặng bị thương khi va chạm với xe đạp: Người bên ngoài xe bị thương trong tai nạn giao thông
V71.0,Người đi xe tải nặng bị thương khi va chạm với xe đạp: Lái xe bị thương trong tai nạn không giao thông
V71.1,Người đi xe tải nặng bị thương khi va chạm với xe đạp: Hành khách bị thương trong tai nạn không giao thông
V77.7,Người đi xe buýt bị thương khi va chạm với vật cố định hay tĩnh vật: Người bên ngoài xe bị thương trong tai nạn giao thông
V77.9,Người đi xe buýt bị thương khi va chạm với vật cố định hay tĩnh vật: Người đi trên buýt bị thương trong tai nạn giao thông
V77.5,Người đi xe buýt bị thương khi va chạm với vật cố định hay tĩnh vật: Lái xe bị thương trong tai nạn giao thông
V77.2,Người đi xe buýt bị thương khi va chạm với vật cố định hay tĩnh vật: Người bên ngoài xe bị thương trong tai nạn không giao thông
V77.6,Người đi xe buýt bị thương khi va chạm với vật cố định hay tĩnh vật: Hành khách bị thương trong tai nạn giao thông
V77.4,Người đi xe buýt bị thương khi va chạm với vật cố định hay tĩnh vật: Người bị thương khi lên hoặc xuống xe
V77.0,Người đi xe buýt bị thương khi va chạm với vật cố định hay tĩnh vật: Lái xe bị thương trong tai nạn không giao thông
V77.3,Người đi xe buýt bị thương khi va chạm với vật cố định hay tĩnh vật: Người đi xe buýt bị thương trong tai nạn không giao thông
V77.1,Người đi xe buýt bị thương khi va chạm với vật cố định hay tĩnh vật: Hành khách bị thương trong tai nạn không giao thông
V62.1,Người đi xe tải nặng bị thương khi va chạm với xe cơ giới 2 hoặc 3 bánh: Hành khách bị thương trong tai nạn không giao thông
V62.9,Người đi xe tải nặng bị thương khi va chạm với xe cơ giới 2 hoặc 3 bánh: Người đi trên xe tải nặng bị thương trong tai nạn giao thông
V62.4,Người đi xe tải nặng bị thương khi va chạm với xe cơ giới 2 hoặc 3 bánh: Người bị thương khi lên hoặc xuống xe
V62.6,Người đi xe tải nặng bị thương khi va chạm với xe cơ giới 2 hoặc 3 bánh: Hành khách bị thương trong tai nạn giao thông
V62.7,Người đi xe tải nặng bị thương khi va chạm với xe cơ giới 2 hoặc 3 bánh: Người bên ngoài xe bị thương trong tai nạn giao thông
V62.3,Người đi xe tải nặng bị thương khi va chạm với xe cơ giới 2 hoặc 3 bánh: Người đi trên xe tải nặng bị thương trong tai nạn không giao thông
V62.0,Người đi xe tải nặng bị thương khi va chạm với xe cơ giới 2 hoặc 3 bánh: Lái xe bị thương trong tai nạn không giao thông
V62.5,Người đi xe tải nặng bị thương khi va chạm với xe cơ giới 2 hoặc 3 bánh: Lái xe bị thương trong tai nạn giao thông
V62.2,Người đi xe tải nặng bị thương khi va chạm với xe cơ giới 2 hoặc 3 bánh: Người bên ngoài xe bị thương trong tai nạn không giao thông
V60.0,Người đi xe tải nặng bị thương khi va chạm với người đi bộ hay súc vật: Lái xe bị thương trong tai nạn không giao thông
V60.1,Người đi xe tải nặng bị thương khi va chạm với người đi bộ hay súc vật: Hành khách bị thương trong tai nạn không giao thông
V60.4,Người đi xe tải nặng bị thương khi va chạm với người đi bộ hay súc vật: Người bị thương khi lên hoặc xuống xe
V60.6,Người đi xe tải nặng bị thương khi va chạm với người đi bộ hay súc vật: Hành khách bị thương trong tai nạn giao thông
V60.2,Người đi xe tải nặng bị thương khi va chạm với người đi bộ hay súc vật: Người bên ngoài xe bị thương trong tai nạn không giao thông
V60.5,Người đi xe tải nặng bị thương khi va chạm với người đi bộ hay súc vật: Lái xe bị thương trong tai nạn giao thông
V60.3,Người đi xe tải nặng bị thương khi va chạm với người đi bộ hay súc vật: Người đi trên xe tải nặng bị thương trong tai nạn không giao thông
V60.9,Người đi xe tải nặng bị thương khi va chạm với người đi bộ hay súc vật: Người đi trên xe tải nặng bị thương trong tai nạn giao thông
V60.7,Người đi xe tải nặng bị thương khi va chạm với người đi bộ hay súc vật: Người bên ngoài xe bị thương trong tai nạn giao thông
V67.7,Người đi xe tải nặng bị thương khi va chạm với vật cố định hay tĩnh vật: Người bên ngoài xe bị thương trong tai nạn giao thông
V67.9,Người đi xe tải nặng bị thương khi va chạm với vật cố định hay tĩnh vật: Người đi trên xe tải nặng bị thương trong tai nạn giao thông
V67.1,Người đi xe tải nặng bị thương khi va chạm với vật cố định hay tĩnh vật: Hành khách bị thương trong tai nạn không giao thông
V67.3,Người đi xe tải nặng bị thương khi va chạm với vật cố định hay tĩnh vật: Người đi trên xe tải nặng bị thương trong tai nạn không giao thông
V67.4,Người đi xe tải nặng bị thương khi va chạm với vật cố định hay tĩnh vật: Người bị thương khi lên hoặc xuống xe
V67.6,Người đi xe tải nặng bị thương khi va chạm với vật cố định hay tĩnh vật: Hành khách bị thương trong tai nạn giao thông
V67.2,Người đi xe tải nặng bị thương khi va chạm với vật cố định hay tĩnh vật: Người bên ngoài xe bị thương trong tai nạn không giao thông
V67.5,Người đi xe tải nặng bị thương khi va chạm với vật cố định hay tĩnh vật: Lái xe bị thương trong tai nạn giao thông
V67.0,Người đi xe tải nặng bị thương khi va chạm với vật cố định hay tĩnh vật: Lái xe bị thương trong tai nạn không giao thông
V61.0,Người đi xe tải nặng bị thương khi va chạm với xe đạp: Lái xe bị thương trong tai nạn không giao thông
V61.5,Người đi xe tải nặng bị thương khi va chạm với xe đạp: Lái xe bị thương trong tai nạn giao thông
V61.3,Người đi xe tải nặng bị thương khi va chạm với xe đạp: Người đi trên xe tải nặng bị thương trong tai nạn không giao thông
V61.7,Người đi xe tải nặng bị thương khi va chạm với xe đạp: Người bên ngoài xe bị thương trong tai nạn giao thông
V61.4,Người đi xe tải nặng bị thương khi va chạm với xe đạp: Người bị thương khi lên hoặc xuống xe
V61.9,Người đi xe tải nặng bị thương khi va chạm với xe đạp: Người đi trên xe tải nặng bị thương trong tai nạn giao thông
V61.1,Người đi xe tải nặng bị thương khi va chạm với xe đạp: Hành khách bị thương trong tai nạn không giao thông
V61.6,Người đi xe tải nặng bị thương khi va chạm với xe đạp: Hành khách bị thương trong tai nạn giao thông
V61.2,Người đi xe tải nặng bị thương khi va chạm với xe đạp: Người bên ngoài xe bị thương trong tai nạn không giao thông
V63.1,"Người đi xe tải nặng bị thương khi va chạm với ô tô, tải, xe kéo: Hành khách bị thương trong tai nạn không giao thông"
V63.0,"Người đi xe tải nặng bị thương khi va chạm với ô tô, tải, xe kéo: Lái xe bị thương trong tai nạn không giao thông"
V63.4,"Người đi xe tải nặng bị thương khi va chạm với ô tô, tải, xe kéo: Người bị thương khi lên hoặc xuống xe"
V63.3,"Người đi xe tải nặng bị thương khi va chạm với ô tô, tải, xe kéo: Người đi trên xe tải nặng bị thương trong tai nạn không giao thông"
V63.9,"Người đi xe tải nặng bị thương khi va chạm với ô tô, tải, xe kéo: Người đi trên xe tải nặng bị thương trong tai nạn giao thông"
V63.6,"Người đi xe tải nặng bị thương khi va chạm với ô tô, tải, xe kéo: Hành khách bị thương trong tai nạn giao thông"
V63.2,"Người đi xe tải nặng bị thương khi va chạm với ô tô, tải, xe kéo: Người bên ngoài xe bị thương trong tai nạn không giao thông"
V63.5,"Người đi xe tải nặng bị thương khi va chạm với ô tô, tải, xe kéo: Lái xe bị thương trong tai nạn giao thông"
V63.7,"Người đi xe tải nặng bị thương khi va chạm với ô tô, tải, xe kéo: Người bên ngoài xe bị thương trong tai nạn giao thông"
V68.7,Người đi xe tải nặng bị thương trong Tai nạn giao thông không có va chạm: Người bên ngoài xe bị thương trong tai nạn giao thông
V68.6,Người đi xe tải nặng bị thương trong Tai nạn giao thông không có va chạm: Hành khách bị thương trong tai nạn giao thông
V68.5,Người đi xe tải nặng bị thương trong Tai nạn giao thông không có va chạm: Lái xe bị thương trong tai nạn giao thông
V68.4,Người đi xe tải nặng bị thương trong Tai nạn giao thông không có va chạm: Người bị thương khi lên hoặc xuống xe
V68.9,Người đi xe tải nặng bị thương trong Tai nạn giao thông không có va chạm: Người đi trên xe tải nặng bị thương trong tai nạn giao thông
V68.2,Người đi xe tải nặng bị thương trong Tai nạn giao thông không có va chạm: Người bên ngoài xe bị thương trong tai nạn không giao thông
V68.0,Người đi xe tải nặng bị thương trong Tai nạn giao thông không có va chạm: Lái xe bị thương trong tai nạn không giao thông
V68.1,Người đi xe tải nặng bị thương trong Tai nạn giao thông không có va chạm: Hành khách bị thương trong tai nạn không giao thông
V68.3,Người đi xe tải nặng bị thương trong Tai nạn giao thông không có va chạm: Người đi trên xe tải nặng bị thương trong tai nạn không giao thông
V69.1,Hành khách xe tải nặng bị thương khi va chạm với xe cơ giới khác và không xác định trong tai nạn không giao thông
V69.9,Người đi xe tải nặng bị thương trong Tai nạn giao thông không xác định
V69.2,Người đi xe tải nặng không xác định bị thương khi va chạm với xe cơ giới khác và không xác định trong tai nạn không giao thông
V69.4,Lái xe bị thương khi va chạm với xe cơ giới khác và không xác định trong tai nạn giao thông
V69.6,Người đi xe tải nặng không xác định bị thương khi va chạm với xe cơ giới khác và không xác định trong tai nạn giao thông
V69.5,Người đi xe bị thương khi va chạm với xe cơ giới khác và không xác định trong tai nạn giao thông
V69.8,Người đi xe tải nặng bị thương trong Tai nạn giao thông xác định khác
V69.0,Lái xe tải nặng bị thương khi va chạm với xe cơ giới khác và không xác định trong tai nạn không giao thông
V69.3,Người đi trên xe tải nặng bị thương trong tai nạn không giao thông không xác định
V66.0,Người đi xe tải nặng bị thương khi va chạm với xe thô sơ khác: Lái xe bị thương trong tai nạn không giao thông
V66.6,Người đi xe tải nặng bị thương khi va chạm với xe thô sơ khác: Hành khách bị thương trong tai nạn giao thông
V66.1,Người đi xe tải nặng bị thương khi va chạm với xe thô sơ khác: Hành khách bị thương trong tai nạn không giao thông
V66.9,Người đi xe tải nặng bị thương khi va chạm với xe thô sơ khác: Người đi trên xe tải nặng bị thương trong tai nạn giao thông
V66.4,Người đi xe tải nặng bị thương khi va chạm với xe thô sơ khác: Người bị thương khi lên hoặc xuống xe
V66.3,Người đi xe tải nặng bị thương khi va chạm với xe thô sơ khác: Người đi trên xe tải nặng bị thương trong tai nạn không giao thông
V66.5,Người đi xe tải nặng bị thương khi va chạm với xe thô sơ khác: Lái xe bị thương trong tai nạn giao thông
V66.7,Người đi xe tải nặng bị thương khi va chạm với xe thô sơ khác: Người bên ngoài xe bị thương trong tai nạn giao thông
V66.2,Người đi xe tải nặng bị thương khi va chạm với xe thô sơ khác: Người bên ngoài xe bị thương trong tai nạn không giao thông
V64.0,Người đi xe tải nặng bị thương khi va chạm với xe tải nặng hay xe buýt: Lái xe bị thương trong tai nạn không giao thông
V64.7,Người đi xe tải nặng bị thương khi va chạm với xe tải nặng hay xe buýt: Người bên ngoài xe bị thương trong tai nạn giao thông
V64.4,Người đi xe tải nặng bị thương khi va chạm với xe tải nặng hay xe buýt: Người bị thương khi lên hoặc xuống xe
V64.2,Người đi xe tải nặng bị thương khi va chạm với xe tải nặng hay xe buýt: Người bên ngoài xe bị thương trong tai nạn không giao thông
V64.6,Người đi xe tải nặng bị thương khi va chạm với xe tải nặng hay xe buýt: Hành khách bị thương trong tai nạn giao thông
V64.5,Người đi xe tải nặng bị thương khi va chạm với xe tải nặng hay xe buýt: Lái xe bị thương trong tai nạn giao thông
V64.1,Người đi xe tải nặng bị thương khi va chạm với xe tải nặng hay xe buýt: Hành khách bị thương trong tai nạn không giao thông
V64.3,Người đi xe tải nặng bị thương khi va chạm với xe tải nặng hay xe buýt: Người đi trên xe tải nặng bị thương trong tai nạn không giao thông
V64.9,Người đi xe tải nặng bị thương khi va chạm với xe tải nặng hay xe buýt: Người đi trên xe tải nặng bị thương trong tai nạn giao thông
V65.7,Người đi xe tải nặng bị thương khi va chạm với tàu hoả hay ô tô ray: Người bên ngoài xe bị thương trong tai nạn giao thông
V65.6,Người đi xe tải nặng bị thương khi va chạm với tàu hoả hay ô tô ray: Hành khách bị thương trong tai nạn giao thông
V65.4,Người đi xe tải nặng bị thương khi va chạm với tàu hoả hay ô tô ray: Người bị thương khi lên hoặc xuống xe
V65.1,Người đi xe tải nặng bị thương khi va chạm với tàu hoả hay ô tô ray: Hành khách bị thương trong tai nạn không giao thông
V65.3,Người đi xe tải nặng bị thương khi va chạm với tàu hoả hay ô tô ray: Người đi trên xe tải nặng bị thương trong tai nạn không giao thông
V65.0,Người đi xe tải nặng bị thương khi va chạm với tàu hoả hay ô tô ray: Lái xe bị thương trong tai nạn không giao thông
V65.9,Người đi xe tải nặng bị thương khi va chạm với tàu hoả hay ô tô ray: Người đi trên xe tải nặng bị thương trong tai nạn giao thông
V65.5,Người đi xe tải nặng bị thương khi va chạm với tàu hoả hay ô tô ray: Lái xe bị thương trong tai nạn giao thông
V65.2,Người đi xe tải nặng bị thương khi va chạm với tàu hoả hay ô tô ray: Người bên ngoài xe bị thương trong tai nạn không giao thông
V96.1,Tai nạn tàu lượn treo tổn thương người đi trên đó
V96.0,Tai nạn kinh khí cầu tổn thương người đi trên đó
V96.2,Tai nạn tàu lượn (không động cơ) tổn thương người đi trên đó
V96.9,Tai nạn phương tiện bay không động cơ không xác định gây tổn thương người đi trên đó
V96.8,"Các tai nạn phương tiện bay không động cơ khác, tổn thương người đi trên đó"
V95.4,Tai nạn tàu vũ trụ làm tổn thương người trên tàu
V95.0,Tai nạn máy bay trực thăng làm bị thương người đi máy bay
V95.2,"Tai nạn của máy bay tư, cánh cố định khác, gây tổn thương người đi máy bay"
V95.3,"Tai nạn của máy bay thương mại cánh cố định, gây tổn thương cho người đi máy bay"
V95.8,Tai nạn máy bay khác làm tổn thương người trên máy bay
V95.1,Tai nạn tàu lượn hay có động cơ gây thương tích cho hành khách đi tàu
V95.9,Tai nạn máy bay khác và không xác định làm tổn thương người trên máy bay
V97.8,"Các tai nạn hàng không khác, không phân loại nơi khác"
V97.2,Người nhảy dù bị thương trong tai nạn hàng không
V97.3,Người ở mặt đất bị thương trong tai nạn hàng không
V97.0,Người ở trên phương tiện bay bị thương trong tai nạn hàng không đặc biệt khác
V97.1,Người bị thương khi lên xuống máy bay
V86.0,Lái xe địa hình hay xe máy địa hình bị thương trong tai nạn giao thông
V86.1,Người đi xe địa hình hay xe máy địa hình bị thương trong tai nạn giao thông
V86.6,Người đi xe địa hình hay xe máy địa hình bị thương không phải do tai nạn giao thông
V86.7,Người ở bên ngoài xe địa hình hay xe máy địa hình bị thương không phải do tai nạn giao thông
V86.3,Người ở xe địa hình hay xe máy địa hình không xác định bị thương trong tai nạn giao thông
V86.9,Người trên xe địa hình hay xe máy địa hình không xác định bị thương không phải do tai nạn giao thông
V86.2,Người ở bên ngoài xe địa hình hay xe máy địa hình bị thương trong tai nạn giao thông
V86.4,Người bị thương trong khi lên xuống xe địa hình hay xe máy địa hình
V86.5,Lái xe của xe địa hình hay xe máy địa hình bị thương không phải do tai nạn giao thông
V89.9,Người bị thương trong Tai nạn không biết loại xe
V89.1,"Người bị thương trong tai nạn xe thô sơ không xác định, không phải tai nạn giao thông"
V89.0,"Người bị thương trong tai nạn xe cơ giới không xác định, không phải tai nạn giao thông"
V89.2,"Người bị thương trong tai nạn xe cơ giới không xác định, tham gia giao thông"
V89.3,"Người bị thương trong tai nạn xe thô sơ không biết loại xe, tham gia giao thông"
V81.3,Người đi trên tàu hoả hoặc phương tiện chạy trên ray bị thương khi va chạm với vật khác
V81.7,Hành khách đi tàu hoặc phương tiện chạy trên ray bị thương khi tàu hay phương tiện chạy trên ray trật bánh mà không có va chạm trước đó
V81.1,Người đi trên tàu hoả hoặc phương tiện chạy trên ray bị thương khi va chạm với xe cơ giới trong tai nạn giao thông
V81.5,Hành khách đi tàu hoặc phương tiện chạy trên ray bị thương do ngã trong tàu hay phương tiện đi trên ray
V81.6,Hành khách đi tàu hoặc phương tiện chạy trên ray bị thương do ngã từ tàu hoả hay phương tiện đi trên ray
V81.9,Hành khách đi tàu hoặc phương tiện chạy trên ray bị thương trong tai nạn đường sắt không xác định
V81.4,Người bị thương khi lên hay xuống tàu hay phương tiện đi trên ray
V81.0,Người đi trên tàu hoả hoặc phương tiện chạy trên ray bị thương khi va chạm với xe cơ giới trong tai nạn không giao thông
V81.2,Người đi trên tàu hoả hoặc phương tiện chạy trên ray bị thương khi va chạm với hay bị đập bởi khối hàng hoá lăn
V81.8,Hành khách đi tàu hoặc phương tiện chạy trên ray bị thương trong những tai nạn đường sắt xác định
V88.2,Người bị thương trong va chạm giữa ô tô và xe tải thu góp hay tải không phải do giao thông
V88.0,Người bị thương trong va chạm giữa ô tô và mô tô 2 hoặc 3 bánh không phải do giao thông
V88.4,Người bị thương trong va chạm giữa ô tô và xe tải nặng không phải do giao thông
V88.3,Người bị thương trong va chạm giữa ô tô và xe buýt không phải do giao thông
V88.1,Người bị thương trong va chạm giữa xe cơ giới khác và mô tô 2 hoặc 3 bánh không phải do giao thông
V88.6,Người bị thương trong va chạm giữa tàu hoả hay phương tiện đi trên ray với ô tô không phải do giao thông
V88.8,"Người bị thương trong tai nạn giao thông xác định khác, không có va chạm, liên quan đến xe cơ giới, không phải do giao thông"
V88.5,Người bị thương trong va chạm giữa xe tải nặng và xe buýt không phải do giao thông
V88.7,Người bị thương trong va chạm giữa các xe cơ giới xác định khác không phải do giao thông
V88.9,"Người bị thương trong tai nạn giao thông khác xác định (có va chạm) (không có va chạm) liên quan đến xe thô sơ, không phải do giao thông"
V83.0,Người lái xe công nghiệp chuyên dụng bị thương trong tai nạn giao thông
V83.1,Hành khách xe công nghiệp chuyên dụng bị thương trong tai nạn giao thông
V83.2,Người ở bên ngoài xe công nghiệp chuyên dụng bị thương trong tai nạn giao thông
V83.7,Người ở ngoài xe công nghiệp chuyên dụng bị thương trong tai nạn không giao thông
V83.3,Người đi trên xe công nghiệp chuyên dụng bị thương trong tai nạn giao thông
V83.6,Hành khách trên xe công nghiệp chuyên dụng bị thương trong tai nạn không giao thông
V83.4,Người bị thương khi lên xuống xe công nghiệp chuyên dụng
V83.5,Người lái xe công nghiệp chuyên dụng bị thương trong tai nạn không giao thông
V83.9,Người đi trên xe công nghiệp chuyên dụng bị thương trong tai nạn không giao thông
V85.4,Người bị thương trong khi lên xuống xe xây dựng
V85.3,Người trên xe xây dựng không xác định bị thương trong tai nạn giao thông
V85.1,Người đi trên xe xây dựng bị thương trong tai nạn giao thông
V85.9,Người đi trên xe xây dựng chuyên dụng bị thương không phải do tai nạn giao thông
V85.0,Lái xe của xe xây dựng bị thương trong tai nạn giao thông
V85.7,Người ở bên ngoài xe xây dựng bị thương không phải do tai nạn giao thông
V85.2,Người ở bên ngoài xe xây dựng bị thương trong tai nạn giao thông
V85.6,Người đi xe xây dựng bị thương không phải do tai nạn giao thông
V85.5,Lái xe của xe xây dựng bị thương không phải do tai nạn giao thông
V84.1,Người đi xe nông nghiệp bị thương trong tai nạn giao thông
V84.5,Lái xe của xe nông nghiệp bị thương không phải do tai nạn giao thông
V84.0,Lái xe chuyên dùng trong nông nghiệp (xe nông nghiệp) bị thương trong tai nạn giao thông
V84.4,Người bị thương khi lên xuống xe nông nghiệp
V84.7,Người ở bên ngoài xe nông nghiệp bị thương không phải do tai nạn giao thông
V84.6,Người đi xe nông nghiệp bị thương không phải do tai nạn giao thông
V84.3,Người của xe nông nghiệp không xác định bị thương trong tai nạn giao thông
V84.2,Người ở bên ngoài xe nông nghiệp bị thương trong tai nạn giao thông
V84.9,Người ở xe nông nghiệp không xác định bị thương không phải do tai nạn giao thông
V87.6,Người bị thương trong va chạm giữa tàu hoả hay phương tiện đi trên ray và ô tô (do giao thông)
V87.7,Người bị thương trong va chạm các xe cơ giới đặc chủng khác (do giao thông)
V87.0,Người bị thương trong va chạm giữa ô tô và xe cơ giới 2 hoặc 3 bánh (do giao thông)
V87.3,Người bị thương trong va chạm giữa ô tô và xe buýt (do giao thông)
V87.2,Người bị thương trong va chạm giữa ô tô và xe tải thu góp hay xe tải (do giao thông)
V87.4,Người bị thương trong va chạm giữa ô tô và xe tải nặng (do giao thông)
V87.8,Người bị thương trong tai nạn giao thông xác định khác không có va chạm của xe cơ giới (giao thông)
V87.9,Người bị thương trong tai nạn giao thông xác định khác (có va chạm) (không va chạm) của xe thô sơ (giao thông)
V87.5,Người bị thương trong va chạm giữa xe tải nặng và xe buýt (do giao thông)
V87.1,Người bị thương trong va chạm giữa xe cơ giới và mô tô 2 hoặc 3 bánh (do giao thông)
V82.2,Người đi trên tàu điện bị thương khi va chạm khối hàng hoá bị lăn
V82.7,Người đi trên tàu điện bị thương khi trật ray mà không có va chạm trước đó
V82.6,Người đi trên tàu điện bị thương khi ngã từ tàu điện
V82.0,Người đi trên tàu điện bị thương khi va chạm với xe cơ giới trong tai nạn không giao thông
V82.5,Người đi trên tàu điện bị thương do ngã trong tàu điện
V82.9,Người đi trên tàu điện bị thương trong tai nạn giao thông không xác định
V82.4,Người đi trên tàu điện bị thương khi lên hay xuống tàu
V82.1,Người đi trên tàu điện bị thương khi va chạm với xe cơ giới trong tai nạn giao thông
V82.8,Người đi trên tàu điện bị thương trong tai nạn giao thông xác định khác
V82.3,Người đi trên tàu điện bị thương khi va chạm với vật khác
V80.8,Người cưỡi súc vật hay người đi trên xe súc vật kéo bị thương trong va chạm với vật cố định hay tĩnh vật
V80.3,Người cưỡi súc vật hay người đi trên xe súc vật kéo bị thương do va chạm với xe cơ giới 2 hoặc 3 bánh
V80.4,"Người cưỡi súc vật hay người trên xe bị thương do va chạm với xe ô tô con, xe bán tải, xe tải nhẹ, xe tải nặng hay xe buýt"
V80.0,"Người cưỡi súc vật, người trên xe súc vật kéo bị thương do ngã hay bị hất văng khỏi súc vật, xe trong tai nạn không có va chạm"
V80.5,Người cưỡi súc vật hay người đi trên xe súc vật kéo bị thương do va chạm với xe cơ giới xác định khác
V80.6,Người cưỡi súc vật hay người đi trên xe súc vật kéo bị thương do va chạm với tàu hoả hay phương tiện đi trên ray
V80.2,Người cưỡi súc vật hay người đi trên xe súc vật kéo bị thương do va chạm với xe đạp
V80.7,Người cưỡi súc vật hay người trên xe bị thương do va chạm với xe thô sơ khác
V80.1,Người cưỡi hoặc đi trên xe súc vật kéo va chạm với người đi bộ hay súc vật
V80.9,Người cưỡi súc vật hay người trên xe súc vật kéo bị thương trong tai nạn giao thông khác và không xác định
V04.1,"Người đi bộ bị thương do va chạm với xe tải hạng nặng, xe buýt, tai nạn giao thông"
V04.9,"Người đi bộ bị thương do va chạm với xe tải hạng nặng, xe buýt, không xác định tai nạn giao thông hay không giao thông"
V04.0,"Người đi bộ bị thương do va chạm với xe tải hạng nặng, xe buýt, tai nạn không giao thông"
V03.1,"Người đi bộ bị thương do va chạm với ô tô, xe bán tải hoặc xe tải nhẹ, tai nạn giao thông"
V03.0,"Người đi bộ bị thương do va chạm với ô tô, xe bán tải hoặc xe tải nhẹ, tai nạn không giao thông"
V03.9,"Người đi bộ bị thương do va chạm với ô tô, xe bán tải hoặc xe tải nhẹ, không xác định tai nạn giao thông hay không giao thông"
V01.9,"Người đi bộ bị thương do va chạm với xe đạp, không xác định tai nạn giao thông hay không giao thông"
V01.1,"Người đi bộ bị thương do va chạm với xe đạp, tai nạn giao thông"
V01.0,"Người đi bộ bị thương do va chạm với xe đạp, tai nạn không giao thông"
V09.9,Người đi bộ bị thương trong tai nạn giao thông không xác định
V09.0,Người đi bộ bị thương trong tai nạn không giao thông bao gồm xe cơ giới khác và không xác định
V09.2,Người đi bộ bị thương trong tai nạn giao thông liên quan đến xe cơ giới khác và không xác định
V09.3,Người đi bộ bị thương trong tai nạn giao thông không xác định
V09.1,Người đi bộ bị thương trong tai nạn không giao thông không xác định
V05.9,"Người đi bộ bị thương do va chạm với tàu hoả, ô tô ray, không xác định tai nạn giao thông hay không giao thông"
V05.0,"Người đi bộ bị thương do va chạm với tàu hoả, ô tô ray, tai nạn không giao thông"
V05.1,"Người đi bộ bị thương do va chạm với tàu hoả, ô tô ray, tai nạn giao thông"
V02.0,"Người đi bộ bị thương do va chạm với xe cơ giới 2- 3 bánh, tai nạn không giao thông"
V02.9,"Người đi bộ bị thương do va chạm với xe cơ giới 2- 3 bánh, không xác định tai nạn giao thông hay không giao thông"
V02.1,"Người đi bộ bị thương do va chạm với xe cơ giới 2- 3 bánh, tai nạn giao thông"
V06.9,"Người đi bộ bị thương do va chạm với xe thô sơ khác, không xác định tai nạn giao thông hay không giao thông"
V06.1,"Người đi bộ bị thương do va chạm với xe thô sơ khác, tai nạn giao thông"
V06.0,"Người đi bộ bị thương do va chạm với xe thô sơ khác, tai nạn không giao thông"
V26.5,Người đi xe máy bị thương khi va chạm với xe thô sơ khác: Hành khách bị thương trong tai nạn giao thông
V26.0,Người đi xe máy bị thương khi va chạm với xe thô sơ khác: Người lái xe bị thương trong tai nạn không giao thông
V26.3,Người đi xe máy bị thương khi va chạm với xe thô sơ khác: Người bị thương trong khi lên hoặc xuống xe
V26.4,Người đi xe máy bị thương khi va chạm với xe thô sơ khác: Người lái xe bị thương trong tai nạn giao thông
V26.9,Người đi xe máy bị thương khi va chạm với xe thô sơ khác: Người đi xe máy không xác đinh bị thương trong tai nạn giao thông
V26.2,Người đi xe máy bị thương khi va chạm với xe thô sơ khác: Người đi xe bị thương trong tai nạn không giao thông
V26.1,Người đi xe máy bị thương khi va chạm với xe thô sơ khác: Hành khách bị thương trong tai nạn không giao thông
V28.0,Người đi xe máy bị thương trong tai nạn giao thông không có va chạm: Người lái xe bị thương trong tai nạn không giao thông
V28.3,Người đi xe máy bị thương trong tai nạn giao thông không có va chạm: Người bị thương trong khi lên hoặc xuống xe
V28.5,Người đi xe máy bị thương trong tai nạn giao thông không có va chạm: Hành khách bị thương trong tai nạn giao thông
V28.1,Người đi xe máy bị thương trong tai nạn giao thông không có va chạm: Hành khách bị thương trong tai nạn không giao thông
V28.4,Người đi xe máy bị thương trong tai nạn giao thông không có va chạm: Người lái xe bị thương trong tai nạn giao thông
V28.2,Người đi xe máy bị thương trong tai nạn giao thông không có va chạm: Người đi xe bị thương trong tai nạn không giao thông
V28.9,Người đi xe máy bị thương trong tai nạn giao thông không có va chạm: Người đi xe máy không xác đinh bị thương trong tai nạn giao thông
V20.9,Người đi xe máy bị thương khi va chạm với người đi bộ hay súc vật: Người đi xe bị thương trong tai nạn giao thông
V20.3,Người đi xe máy bị thương khi va chạm với người đi bộ hay súc vật: Người bị thương trong khi lên hoặc xuống xe
V20.0,Người đi xe máy bị thương khi va chạm với người đi bộ hay súc vật: Người lái xe bị thương trong tai nạn không giao thông
V20.5,Người đi xe máy bị thương khi va chạm với người đi bộ hay súc vật: Hành khách bị thương trong tai nạn giao thông
V20.2,Người đi xe máy bị thương khi va chạm với người đi bộ hay súc vật: Người đi xe bị thương trong tai nạn không giao thông
V20.4,Người đi xe máy bị thương khi va chạm với người đi bộ hay súc vật: Người lái xe bị thương trong tai nạn giao thông
V20.1,Người đi xe máy bị thương khi va chạm với người đi bộ hay súc vật: Hành khách bị thương trong tai nạn không giao thông
V21.0,Người đi xe máy bị thương khi va chạm với xe đạp: Người lái xe bị thương trong tai nạn không giao thông
V21.9,Người đi xe máy bị thương khi va chạm với xe đạp: Người đi xe bị thương trong tai nạn giao thông
V21.4,Người đi xe máy bị thương khi va chạm với xe đạp: Người lái xe bị thương trong tai nạn giao thông
V21.3,Người đi xe cơ giới bị thương khi va chạm với xe đạp: Người bị thương trong khi lên hoặc xuống xe
V21.5,Người đi xe máy bị thương khi va chạm với xe đạp: Hành khách bị thương trong tai nạn giao thông
V21.2,Người đi xe máy bị thương khi va chạm với xe đạp: Người đi xe bị thương trong tai nạn không giao thông
V21.1,Người đi xe máy bị thương khi va chạm với xe đạp: Hành khách bị thương trong tai nạn không giao thông
V23.2,"Người đi xe máy bị thương khi va chạm với ô tô, xe bán tải hay xe tải nhẹ: Người đi xe bị thương trong tai nạn không giao thông"
V23.1,"Người đi xe máy bị thương khi va chạm với ô tô, xe bán tải hay xe tải nhẹ: Hành khách bị thương trong tai nạn không giao thông"
V23.9,"Người đi xe máy bị thương khi va chạm với ô tô, xe bán tải hay xe tải nhẹ: Người đi xe bị thương trong tai nạn giao thông"
V23.0,"Người đi xe máy bị thương khi va chạm với ô tô, xe bán tải hay xe tải nhẹ: Người lái xe bị thương trong tai nạn không giao thông"
V23.3,"Người đi xe máy bị thương khi va chạm với ô tô, xe bán tải hay xe tải nhẹ: Người bị thương trong khi lên hoặc xuống xe"
V23.4,"Người đi xe máy bị thương khi va chạm với ô tô, xe bán tải hay xe tải nhẹ: Người lái xe bị thương trong tai nạn giao thông"
V23.5,"Người đi xe máy bị thương khi va chạm với ô tô, xe bán tải hay xe tải nhẹ: Hành khách bị thương trong tai nạn giao thông"
V24.2,Người đi xe máy bị thương khi va chạm với xe tải nặng hay xe buýt: Người đi xe bị thương trong tai nạn không giao thông
V24.4,Người đi xe máy bị thương khi va chạm với xe tải nặng hay xe buýt: Người lái xe bị thương trong tai nạn giao thông
V24.1,Người đi xe máy bị thương khi va chạm với xe tải nặng hay xe buýt: Hành khách bị thương trong tai nạn không giao thông
V24.5,Người đi xe máy bị thương khi va chạm với xe tải nặng hay xe buýt: Hành khách bị thương trong tai nạn giao thông
V24.3,Người đi xe máy bị thương khi va chạm với xe tải nặng hay xe buýt: Người bị thương trong khi lên hoặc xuống xe
V24.0,Người đi xe máy bị thương khi va chạm với xe tải nặng hay xe buýt: Người lái xe bị thương trong tai nạn không giao thông
V24.9,Người đi xe máy bị thương khi va chạm với xe tải nặng hay xe buýt: Người đi xe bị thương trong tai nạn giao thông
V29.2,"Người đi xe máy, bị thương khi va chạm với xe cơ giới khác và không xác định trong tai nạn không giao thông"
V29.1,Người ngồi sau xe máy bị thương khi va chạm với xe cơ giới khác và không xác định trong tai nạn không giao thông
V29.9,Người đi xe máy bị thương trong tai nạn giao thông không xác định
V29.0,Người lái xe máy bị thương khi va chạm với xe cơ giới khác và không xác định trong tai nạn không giao thông
V29.6,Người đi xe máy bị thương khi va chạm với xe cơ giới khác và không xác định trong tai nạn giao thông
V29.3,Người đi xe máy bị thương trong tai nạn không giao thông không xác định
V29.5,Người ngồi sau xe máy bị thương khi va chạm với xe cơ giới khác và không xác định trong tai nạn giao thông
V29.4,Lái xe bị thương khi va chạm với xe cơ giới khác và không xác định trong tai nạn giao thông
V29.8,Người đi xe máy bị thương trong các tai nạn giao thông xác định khác
V25.1,"Người đi xe máy bị thương khi va chạm với tàu hoả, ô tô ray: Hành khách bị thương trong tai nạn không giao thông"
V25.9,"Người đi xe máy bị thương khi va chạm với tàu hoả, ô tô ray: Người đi xe máy không xác định bị thương trong tai nạn giao thông"
V25.0,"Người đi xe máy bị thương khi va chạm với tàu hoả, ô tô ray: Người lái xe bị thương trong tai nạn không giao thông"
V25.3,"Người đi xe máy bị thương khi va chạm với tàu hoả, ô tô ray: Người bị thương trong khi lên hoặc xuống xe"
V25.5,"Người đi xe máy bị thương khi va chạm với tàu hoả, ô tô ray: Hành khách bị thương trong tai nạn giao thông"
V25.2,"Người đi xe máy bị thương khi va chạm với tàu hoả, ô tô ray: Người đi xe bị thương trong tai nạn không giao thông"
V25.4,"Người đi xe máy bị thương khi va chạm với tàu hoả, ô tô ray: Người lái xe bị thương trong tai nạn giao thông"
V27.4,Người đi xe máy bị thương khi va chạm với vật cố định hay tĩnh vật: Người lái xe bị thương trong tai nạn giao thông
V27.5,Người đi xe máy bị thương khi va chạm với vật cố định hay tĩnh vật: Hành khách bị thương trong tai nạn giao thông
V27.2,Người đi xe máy bị thương khi va chạm với vật cố định hay tĩnh vật: Người đi xe bị thương trong tai nạn không giao thông
V27.3,Người đi xe máy bị thương khi va chạm với vật cố định hay tĩnh vật: Người bị thương trong khi lên hoặc xuống xe
V27.9,Người đi xe máy bị thương khi va chạm với vật cố định hay tĩnh vật: Người đi xe máy không xác đinh bị thương trong tai nạn giao thông
V27.1,Người đi xe máy bị thương khi va chạm với vật cố định hay tĩnh vật: Hành khách bị thương trong tai nạn không giao thông
V27.0,Người đi xe máy bị thương khi va chạm với vật cố định hay tĩnh vật: Người lái xe bị thương trong tai nạn không giao thông
V22.1,Người đi xe máy bị thương khi va chạm với mô tô 2- 3 bánh: Hành khách bị thương trong tai nạn không giao thông
V22.9,Người đi xe máy bị thương khi va chạm với mô tô 2- 3 bánh: Người đi xe bị thương trong tai nạn giao thông
V22.4,Người đi xe máy bị thương khi va chạm với mô tô 2- 3 bánh: Người lái xe bị thương trong tai nạn giao thông
V22.5,Người đi xe máy bị thương khi va chạm với mô tô 2- 3 bánh: Hành khách bị thương trong tai nạn giao thông
V22.0,Người đi xe máy bị thương khi va chạm với mô tô 2- 3 bánh: Người lái xe bị thương trong tai nạn không giao thông
V22.2,Người đi xe máy bị thương khi va chạm với mô tô 2- 3 bánh: Người đi xe bị thương trong tai nạn không giao thông
V22.3,Người đi xe máy bị thương khi va chạm với mô tô 2- 3 bánh: Người bị thương trong khi lên hoặc xuống xe
X34.0,Nạn nhân chuyển động lớn của đất do động đất gây ra
X34.9,Nạn nhân ảnh hưởng của động đất không xác định
X34.8,Nạn nhân các ảnh hưởng của động đất xác định khác
X34.1,Nạn nhân sóng thần
X59.9,Phơi nhiễm với yếu tố không xác định và tổn thương không xác định
X59.0,Phơi nhiễm với yếu tố không xác định gây gãy xương
X47.0,Vô tình ngộ độc do tiếp xúc với carbon monoxide từ khí thải động cơ đốt trong
X47.8,Vô tình ngộ độc do khí ga hoặc hơi xác định khác
X47.1,Vô tình ngộ độc do tiếp xúc với carbon monoxide từ khí ga tiêu dùng
X47.4,Vô tình ngộ độc do tiếp xúc với carbon monoxide từ nguồn không xác định
X47.9,Vô tình ngộ độc do khí ga hoặc hơi không xác định
X47.3,Vô tình ngộ độc do tiếp xúc với carbon monoxide từ nguồn khác
X47.2,Vô tình ngộ độc do tiếp xúc với carbon monoxide từ nhiên liệu hoá thạch dân dụng khác
G73.5*,Bệnh cơ trong bệnh nội tiết
G73.3*,Hội chứng nhược cơ trong các bệnh khác phân loại nơi khác
G73.4*,Bệnh cơ trong bệnh nhiễm trùng và ký sinh trùng phân loại nơi khác
G73.7*,Bệnh cơ trong bệnh phân loại nơi khác
G73.1*,Lambert- Eaton syndrome (C00- D48†)
G73.6*,Bệnh cơ trong bệnh chuyển hoá
G73.2*,Hội chứng nhược cơ khác trong u (C00- D48†)
G73.0*,Hội chứng nhược cơ trong bệnh nội tiết
G72.3,Liệt chu kỳ
G72.4,"Viêm cơ, không phân loại nơi khác"
G72.8,Bệnh cơ xác định khác
G72.1,Bệnh cơ do rượu
G72.2,Bệnh cơ do độc tố khác
G72.9,"Bệnh cơ, không đặc hiệu"
G72.0,Bệnh cơ do thuốc
G70.1,Bệnh thần kinh- cơ do nhiễm độc
G70.2,Nhược cơ bẩm sinh và trong quá trình phát triển
G70.8,Bệnh thần kinh- cơ xác định khác
G70.9,"Bệnh thần kinh- cơ, không đặc hiệu"
G70.0,Nhược cơ
G71.0,Loạn dưỡng cơ
G71.9,"Bệnh cơ tiên phát, không đặc hiệu"
G71.3,"Bệnh cơ do thể ty lạp, không phân loại nơi khác"
G71.8,Các bệnh tiên phát khác của cơ
G71.1,Bệnh loạn trương lực cơ
G71.2,Bệnh cơ bẩm sinh
G50.9,"Bệnh dây kinh tam thoa, không phân loại nơi khác"
G50.8,Bệnh khác của thần kinh tam thoa
G50.1,Đau mặt không điển hình
G50.0,Đau thần kinh tam thoa
G54.8,Bệnh rễ và đám rối thần kinh khác
G54.3,"Bệnh rễ thần kinh ngực, không phân loại nơi khác"
G54.5,Teo cơ đau thần kinh
G54.2,"Bệnh rễ thần kinh cổ, không phân loại nơi khác"
G54.4,"Bệnh rễ thần kinh thắt lưng- cùng, không phân loại nơi khác"
G54.0,Bệnh đám rối thần kinh cánh tay
G54.6,Hội chứng chi ma có đau
G54.9,"Bệnh rễ và đám rối thần kinh, không xác định"
G54.7,Hội chứng chi ma không đau
G54.1,Bệnh đám rối thắt lưng- cùng
G55.1*,Chèn ép rễ và đám rối thần kinh trong bệnh đĩa đệm cột sống (M50- M51†)
G55.3*,"Chèn ép rễ và đám rối thần kinh trong bệnh khác vùng lưng (M45- M46†, M48.-†, M53- M54†)"
G55.2*,Chèn ép rễ và đám rối thần kinh trong thoái hoá đốt sống (M47.-†)
G55.8*,Chèn ép rễ và đám rối thần kinh trong bệnh phân loại nơi khác
G55.0*,Chèn ép rễ thần kinh và đám rối trong u (C00- D48†)
G58.8,Bệnh đơn dây thần kinh xác định khác
G58.0,Bệnh dây thần kinh liên sườn
G58.7,Viêm đơn dây thần kinh nhiều ổ
G58.9,"Bệnh đơn dây thần kinh, không đặc hiệu"
G53.3*,Liệt nhiều dây thần kinh sọ trong u (C00- D48†)
G53.2*,Liệt nhiều dây thần kinh sọ trong bệnh Saccoit (D86.8†)
G53.1*,Liệt nhiều dây thần kinh sọ trong bệnh nhiễm trùng và ký sinh trùng phân loại nơi khác (A00- B99†)
G53.0*,Đau thần kinh sau zona (B02.2†)
G53.8*,Bệnh của thần kinh sọ khác trong các bệnh phân loại nơi khác
G52.7,Bệnh của đa thần kinh sọ
G52.8,Bệnh của thần kinh sọ xác định khác
G52.3,Bệnh của thần kinh dưới lưỡi (hạ thiệt)
G52.0,Bệnh thần kinh khứu giác
G52.2,Bệnh của thần kinh phế vị
G52.9,"Bệnh của thần kinh sọ, không đặc hiệu"
G52.1,Bệnh của thần kinh lưỡi hầu [thiệt hầu]
G57.6,Tổn thương dây thần kinh gan bàn chân
G57.0,Tổn thương dây thần kinh hông to [dây thần kinh toạ]
G57.1,Đau đùi dị cảm
G57.3,Tổn thương dây thần kinh khoeo ngoài
G57.8,Bệnh đơn dây thần kinh khác ở chi dưới
G57.2,Tổn thương dây thần kinh đùi
G57.9,Bệnh đơn dây thần kinh ở chi dưới không đặc hiệu
G57.5,Hội chứng ống cổ chân
G57.4,Tổn thương dây thần kinh khoeo trong
G56.1,Tổn thương khác của dây thần kinh giữa
G56.0,Hội chứng ống cổ tay
G56.3,Tổn thương thần kinh quay
G56.9,Bệnh đơn dây thần kinh của chi trên không đặc hiệu
G56.2,Tổn thương thần kinh trụ
G56.8,Bệnh đơn dây thần kinh khác của chi trên
G59.8*,Bệnh đơn dây thần kinh khác trong bệnh phân loại nơi khác
G59.0*,Viêm đơn dây thần kinh do đái tháo đường (E10- E14†) với ký tự thứ tư là.4†
G51.1,Đau dây thần kinh thể gối
G51.0,Liệt Bell
G51.3,Co thắt và giật nửa mặt
G51.8,Bệnh khác của thần kinh mặt
G51.4,Máy cơ mặt
G51.9,"Bệnh thần kinh mặt, không đặc hiệu"
G51.2,Hội chứng Melkersson
G13.0*,Bệnh thần kinh cơ và bệnh thần kinh cận u
G13.2*,"Bệnh teo hệ thống ảnh hưởng chủ yếu tới hệ thần kinh trung ương trong bệnh phù niêm (E00.1†, E03.-†)"
G13.8*,Bệnh teo hệ thống ảnh hưởng chủ yếu tới hệ thần kinh trung ương trong các bệnh phân loại nơi khác
G13.1*,"Bệnh teo hệ thống ảnh hưởng chủ yếu tới hệ thần kinh trung ương khác, trong u"
G12.9,"Teo cơ tuỷ sống, không đặc hiệu"
G12.0,"Teo cơ do tuỷ trẻ em, loại I [Werdnig- Hofman)"
G12.8,Teo cơ tuỷ khác và hội chứng liên quan
G12.2,Bệnh tế bào thần kinh vận động
G12.1,Teo cơ do tuỷ sống di truyền khác
G11.1,Thất điều tiểu não khởi phát sớm
G11.8,Thất điều di truyền khác
G11.4,Liệt cứng hai chân di truyền
G11.9,"Thất điều di truyền, không đặc hiệu"
G11.0,Thất điều bẩm sinh không tiến triển
G11.3,Thất điều tiểu não với rối loạn sửa chữa DNA
G11.2,Thất điều tiểu não khởi phát muộn
G80.2,Bại não liệt nửa người co cứng
G80.8,Bại não khác
G80.1,Bại não liệt co cứng hai bên
G80.9,"Bại não, không đặc hiệu"
G80.4,Bại não thất điều
G80.3,Bại não loạn động
G80.0,Bại não liệt tứ chi co cứng
G81.0,Liệt mềm nửa người
G81.1,Liệt cứng nửa người
G81.9,Liệt nửa người không đặc hiệu
G82.1,Liệt cứng hai chi dưới
G82.4,Liệt cứng tứ chi
G82.3,Liệt mềm tứ chi
G82.5,"Liệt tứ chi, không đặc hiệu"
G82.0,Liệt mềm hai chi dưới
G82.2,"Liệt hai chi dưới, không đặc hiệu"
G83.0,Liệt hai chi trên
G83.4,Hội chứng đuôi ngựa
G83.2,Liệt một chi trên
G83.1,Liệt một chi dưới
G83.5,Hội chứng khoá trong
G83.9,"Hội chứng liệt, không đặc hiệu"
G83.3,"Liệt một chi, không đặc hiệu"
G83.6,Liệt mặt do tổn thương tế bào thần kinh vận động trên
G83.8,Hội chứng liệt xác định khác
G37.2,Tiêu myelin trung tâm cầu não
G37.8,Bệnh Thoái hoá myelin xác định khác của hệ thần kinh trung ương
G37.1,Thoái hoá myelin trung tâm của thể chai
G37.5,Xơ cứng đồng tâm [Bálo]
G37.9,"Bệnh Thoái hoá myelin của hệ thần kinh trung ương, không đặc hiệu"
G37.0,Xơ cứng toả lan
G37.3,Viêm tuỷ ngang cấp trong bệnh Thoái hoá myelin của hệ thần kinh trung ương
G37.4,Viêm tuỷ hoại tử bán cấp
G36.8,Thoái hoá myelin rải rác cấp tính xác định khác
G36.9,Thoái hoá myelin rải rác cấp tính không đặc hiệu
G36.1,Viêm não chất trắng xuất huyết cấp và bán cấp
G36.0,Viêm tuỷ thị thần kinh [Devic]
G06.2,"Áp xe ngoài màng cứng và áp xe dưới màng cứng, không đặc hiệu"
G06.0,Áp xe não và u hạt nội sọ
G06.1,Áp xe tuỷ và u hạt nội tuỷ
G05.2*,"Viêm não, viêm tuỷ và viêm não- tuỷ trong bệnh nhiễm trùng, ký sinh trùng phân loại nơi khác"
G05.1*,"Viêm não, viêm tuỷ và viêm não- tuỷ trong bệnh vi rút phân loại nơi khác"
G05.8*,"Viêm não, viêm tuỷ và viêm não- tuỷ trong bệnh phân loại nơi khác"
G05.0*,"Viêm não, viêm tuỷ và viêm não- tuỷ trong bệnh nhiễm khuẩn phân loại nơi khác"
G04.8,"Viêm não, viêm tuỷ và viêm não- tuỷ khác"
G04.2,"Viêm não- màng não và viêm tuỷ- màng tuỷ do vi khuẩn, không phân loại nơi khác"
G04.9,"Viêm não, viêm tuỷ và viêm não- tuỷ, không đặc hiệu"
G04.1,Bệnh lý tuỷ do vi rút T- lymphotropic gây bệnh ở người
G04.0,Viêm não rải rác cấp tính
G02.1*,Viêm màng não trong bệnh nấm
G02.0*,Viêm màng não trong bệnh vi rút phân loại nơi khác
G02.8*,Viêm màng não trong bệnh nhiễm trùng và ký sinh trùng xác định phân loại nơi khác
G03.2,Viêm màng não tái diễn lành tính [Mollaret)
G03.8,Viêm màng não do nguyên nhân biệt định khác
G03.0,Viêm màng não không sinh mủ
G03.1,Viêm màng não mạn tính
G03.9,"Viêm màng não, không xác định"
G00.0,Viêm màng não do Haemophilus
G00.3,Viêm màng não do tụ cầu
G00.2,Viêm màng não do liên cầu
G00.9,"Viêm màng não vi khuẩn, không đặc hiệu"
G00.8,Viêm màng não do vi khuẩn khác
G00.1,Viêm màng não do phế cầu
G31.1,"Thoái hoá não tuổi già, không phân loại nơi khác"
G31.8,Bệnh thoái hoá xác định khác của hệ thần kinh
G31.2,Thoái hoá hệ thần kinh do rượu
G31.9,"Bệnh thoái hoá hệ thần kinh, không đặc hiệu"
G31.0,Teo não khu trú
G32.0*,thoái hoá phối hợp bán cấp tuỷ sống trong bệnh phân loại nơi khác
G32.8*,Bệnh thoái hoá xác định khác của hệ thần kinh trong bệnh phân loại nơi khác
G30.8,Bệnh Alzheimer khác
G30.1,Bệnh Alzheimer khởi phát muộn
G30.0,Bệnh Alzheimer khởi phát sớm
G30.9,Bệnh Alzheimer không đặc hiệu
G96.0,Rò dịch não tuỷ
G96.9,"Bệnh thần kinh trung ương, không đặc hiệu"
G96.1,Bệnh màng não không phân loại nơi khác
G96.8,Bệnh xác định khác của hệ thần kinh trung ương
G94.1*,Tràn dịch não trong u (C00- D48†)
G94.2*,Tràn dịch não trong các bệnh phân loại nơi khác
G94.3*,Bệnh não phân loại nơi khác
G94.0*,Tràn dịch não trong bệnh nhiễm trùng và ký sinh trùng phân loại nơi khác (A00- B99†)
G94.8*,Bệnh lý xác định khác của não trong các bệnh phân loại nơi khác
G90.8,Bệnh khác của hệ thần kinh tự chủ
G90.9,"Bệnh hệ thần kinh tự chủ, không đặc hiệu"
G90.7,"Hội chứng đau theo vùng phức tạp (CRPS), khác và không xác định loại"
G90.5,Hội chứng đau theo vùng phức tạp (CRPS) loại 1
G90.1,Rối loạn thần kinh tự động gia đình [Riley- Day]
G90.6,Hội chứng đau theo vùng phức tạp (CRPS) loại 2
G90.0,Bệnh thần kinh tự động ngoại vi vô căn
G90.4,Rối loạn phản xạ thần kinh tự động
G90.2,Hội chứng Horner
G97.0,Rò dịch não tuỷ do chọc dò thắt lưng
G97.9,"Bệnh của hệ thần kinh sau phẫu thuật, thủ thuật, không đặc hiệu"
G97.2,Hạ áp lực nội sọ sau dẫn lưu não thất
G97.8,"Bệnh khác của hệ thần kinh sau phẫu thuật, thủ thuật"
G97.1,Phản ứng khác đối với chọc dò thắt lưng
G93.7,Hội chứng Reye
G93.6,Phù não
G93.4,"Bệnh não, không đặc hiệu"
G93.0,Nang dịch não
G93.1,"Tổn thương não do thiếu oxy, không phân loại nơi khác"
G93.8,Bệnh lý xác định khác của não
G93.5,Chèn ép não
G93.9,"Rối loạn ở não, không đặc hiệu"
G93.2,Tăng áp lực trong sọ lành tính
G93.3,Hội chứng mệt mỏi sau nhiễm vi rút
G91.8,Não úng thuỷ khác
G91.0,Não úng thuỷ thể thông
G91.3,"Não úng thuỷ sau chấn thương, không đặc hiệu"
G91.9,"Não úng thuỷ, không đặc hiệu"
G91.1,Não úng thuỷ thể tắc nghẽn
G91.2,Não úng thuỷ áp lực bình thường
G95.0,Bệnh rỗng tuỷ sống và rỗng hành não
G95.8,Bệnh tuỷ sống xác định khác
G95.1,Bệnh mạch máu tuỷ
G95.2,"Chèn ép tuỷ, không đặc hiệu"
G95.9,"Bệnh của tuỷ, không đặc hiệu"
G99.1*,Bệnh khác của hệ thần kinh tự chủ trong các bệnh phân loại nơi khác
G99.8*,Các bệnh xác định khác của hệ thần kinh trong các bệnh phân loại nơi khác
G99.0*,Bệnh hệ thần kinh tự động trong bệnh nội tiết và chuyển hoá
G99.2*,Bệnh tuỷ trong các bệnh phân loại nơi khác
G25.6,Rối loạn Tic do thuốc và các rối loạn tic khác do nguyên nhân thực thể
G25.1,Run do thuốc
G25.8,Hội chứng ngoại tháp và rối loạn vận động
G25.9,Hội chứng ngoại tháp và rối loạn vận động không đặc hiệu
G25.0,Run vô căn
G25.4,Múa giật do thuốc
G25.5,Múa giật khác
G25.3,Giật cơ
G25.2,Thể run khác
G23.9,"Bệnh thoái hoá hạch nền, không đặc hiệu"
G23.0,Bệnh Hallervorden- Spatz
G23.2,Teo đa hệ thống thể Parkinson [MSA- P]
G23.8,Bệnh thoái hoá xác định khác của hạch nền
G23.1,Liệt vận nhãn trên nhân tiến triển [Steele- Richardson- Olszewski]
G23.3,Teo đa hệ thống thể tiểu não [MSA- C]
G21.9,"Hội chứng Parkinson thứ phát, không đặc hiệu"
G21.8,Hội chứng Parkinson thứ phát khác
G21.2,Hội chứng Parkinson thứ phát do nguyên nhân ngoại sinh khác
G21.3,Hội chứng Parkinson sau viêm não
G21.0,Hội chứng an thần kinh ác tính
G21.4,Hội chứng Parkinson do bệnh mạch máu
G21.1,Hội chứng Parkinson thứ phát khác do thuốc
G24.2,Loạn trương lực cơ vô căn không có tính chất gia đình
G24.9,"Loạn trương lực cơ, không xác định"
G24.4,Loạn trương lực cơ mặt- miệng nguyên phát
G24.1,Loạn trương lực cơ vô căn có tính chất gia đình
G24.3,Vẹo cổ do co thắt
G24.5,Co thắt cơ vòng mi
G24.8,Loạn trương lực cơ khác
G24.0,Loạn trương lực cơ do thuốc
G63.1*,Bệnh đa dây thần kinh trong u (C00- D48†)
G63.2*,Viêm đa dây thần kinh do đái tháo đường (E10- E14 với ký tự thứ tư là.4†)
G63.6*,"Bệnh đa dây thần kinh trong bệnh cơ xương khác (M00- M25†, M40- M96†)"
G63.0*,Bệnh đa dây thần kinh trong các bệnh nhiễm trùng và ký sinh trùng phân loại nơi khác
G63.3*,"Bệnh đa dây thần kinh trong các bệnh nội tiết và chuyển hoá khác (E00- E07†, E15- E16†, E20- E34†, E70- E89†)"
G63.5*,Bệnh đa dây thần kinh trong bệnh hệ thống mô liên kết (M30- M35†)
G63.8*,"Bệnh đa dây thần kinh trong bệnh khác, phân loại nơi khác"
G63.4*,Bệnh đa dây thần kinh trong thiểu dinh dưỡng (E40- E64†)
G61.9,"Bệnh viêm đa dây thần kinh, không đặc hiệu"
G61.8,Bệnh viêm đa dây thần kinh khác
G61.0,Hội chứng Guillain- Bárre
G61.1,Bệnh dây thần kinh do huyết thanh
G60.9,"Bệnh dây thần kinh di truyền nguyên phát, không đặc hiệu khác"
G60.0,Bệnh dây thần kinh cảm giác và vận động di truyền
G60.3,Bệnh dây thần kinh tiến triển vô căn
G60.1,Bệnh Refsum
G60.8,Bệnh dây thần kinh nguyên phát và di truyền khác
G60.2,Bệnh dây thần kinh kết hợp với thất điều di truyền
G62.2,Bệnh đa dây thần kinh do độc tố khác
G62.0,Bệnh đa dây thần kinh do thuốc
G62.1,Bệnh đa dây thần kinh do rượu
G62.9,"Bệnh đa dây thần kinh, không đặc hiệu"
G62.8,Bệnh đa dây thần kinh xác định khác
G47.4,Chứng ngủ rũ và mất trương lực đột ngột
G47.1,Rối loạn buồn ngủ quá mức [ngủ quá nhiều]
G47.9,"Rối loạn giấc ngủ, không biệt định"
G47.8,Rối loạn giấc ngủ khác
G47.0,Rối loạn vào giấc và duy trì giấc ngủ [mất ngủ]
G47.2,Rối loạn chu kỳ thức ngủ
G47.3,Ngừng thở khi ngủ
G46.6*,Hội chứng ổ khuyết cảm giác đơn thuần (I60- I67†)
G46.2*,Hội chứng động mạch não sau (I66.2†)
G46.5*,Hội chứng ổ khuyết vận động đơn thuần (I60- I67†)
G46.1*,Hội chứng động mạch não trước (I66.1†)
G46.4*,Hội chứng đột quỵ tiểu não (I60- I67†)
G46.0*,Hội chứng động mạch não giữa (I66.0†)
G46.8*,Hội chứng mạch máu não khác trong bệnh mạch máu não (I60- I67†)
G46.3*,Hội chứng đột quỵ thân não (I60- I67†)
G46.7*,Hội chứng ổ khuyết khác (I60- I67†)
G41.1,Trạng thái động kinh cơn nhỏ
G41.2,Trạng thái động kinh cục bộ phức tạp
G41.0,Trạng thái động kinh cơn lớn
G41.9,"Trạng thái động kinh, không đặc hiệu"
G41.8,Trạng thái động kinh khác
G44.0,Hội chứng đau đầu chuỗi
G44.2,Đau đầu do căng thẳng
G44.8,Chứng đau đầu xác định khác
G44.4,"Đau do thuốc, không phân loại nơi khác"
G44.1,"Đau đầu do mạch máu, không phân loại nơi khác"
G44.3,Đau đầu mạn tính sau chấn thương
G43.2,Trạng thái đau nửa đầu [migraine]
G43.8,Bệnh đau nửa đầu [migraine] khác
G43.0,Bệnh đau nửa đầu không có tiền triệu [migraine phổ biến]
G43.1,Bệnh đau nửa đầu có tiền triệu [migraine cổ điển]
G43.3,Bệnh đau nửa đầu [migraine] biến chứng
G43.9,"Bệnh đau nửa đầu [migraine], không đặc hiệu"
G40.1,Động kinh triệu chứng có khu trú (cục bộ) (từng phần) và hội chứng động kinh có cơn cục bộ đơn giản
G40.2,Động kinh triệu chứng khu trú (cục bộ) (từng phần) và hội chứng động kinh có cơn động kinh cục bộ phức tạp
G40.7,"Cơn nhỏ, không đặc hiệu, không kèm theo động kinh cơn lớn"
G40.8,Động kinh khác
G40.9,Động kinh không đặc hiệu
G40.4,Động kinh toàn thể và hội chứng động kinh khác
G40.5,Hội chứng động kinh đặc biệt
G40.0,Động kinh nguyên phát khu trú (cục bộ) (từng phần) và hội chứng động kinh với cơn khởi phát khu trú
G40.3,Hội chứng động kinh và động kinh toàn thể nguyên phát
G40.6,"Động kinh cơn lớn, không đặc hiệu (kèm hay không có cơn nhỏ)"
G45.1,Hội chứng động mạch cảnh (bán cầu não)
G45.2,Hội chứng động mạch não trước đa ổ và rải rác hai bên
G45.8,Cơn thiếu máu não thoáng qua khác và hội chứng liên quan
G45.3,Mù thoáng qua
G45.4,Mất trí nhớ toàn bộ thoáng qua
G45.9,Cơn thiếu máu não thoáng qua không đặc hiệu
G45.0,Hội chứng động mạch sống- nền
N29.0*,Giang mai muộn ở thận (A52.7†)
N29.1*,Các biến đổi khác của thận và niệu quản trong các bệnh nhiễm trùng và ký sinh trùng phân loại nơi khác
N29.8*,Các biến đổi khác của thận và niệu quản trong các bệnh khác phân loại nơi khác
N27.0,"Thận teo nhỏ, một bên"
N27.9,"Thận teo nhỏ, không đặc hiệu"
N27.1,"Thận teo nhỏ, hai bên"
N28.8,Các biến đổi xác định khác của thận và niệu quản
N28.1,Nang thận
N28.0,Thiếu máu và nhồi máu thận
N28.9,"Biến đổi của thận và niệu quản, không đặc hiệu"
N25.0,Loạn dưỡng xương do thận
N25.9,"Rối loạn do suy giảm chức năng ống thận, không đặc hiệu"
N25.8,Rối loạn khác do suy giảm chức năng ống thận
N25.1,Đái tháo nhạt do thận
N88.1,Rách cũ cổ tử cung
N88.0,Bạch sản cổ tử cung
N88.3,Suy cổ tử cung
N88.2,Hẹp và chít hẹp cổ tử cung
N88.8,Biến đổi không do viêm xác định khác của cổ tử cung
N88.4,Cổ tử cung bị kéo dài do phì đại
N88.9,"Biến đổi không do viêm của cổ tử cung, không đặc hiệu"
N94.2,Co đau âm đạo
N94.5,Đau kinh thứ phát
N94.1,Đau lúc giao hợp
N94.4,Đau kinh nguyên phát
N94.9,Tình trạng không xác định liên quan đến cơ quan sinh dục nữ và chu kỳ kinh nguyệt
N94.6,"Đau kinh, không đặc hiệu"
N94.3,Hội chứng căng thẳng trước khi thấy kinh
N94.8,Các tình trạng xác định khác liên quan đến cơ quan sinh dục nữ và chu kỳ kinh nguyệt
N94.0,Đau giữa kỳ kinh (hội chứng Mittelschmerz)
N90.3,"Loạn sản âm hộ, không đặc hiệu"
N90.9,"Biến đổi không do viêm của âm hộ và tầng sinh môn, không đặc hiệu"
N90.4,Bạch sản âm hộ
N90.5,Teo âm hộ
N90.6,Phì đại âm hộ
N90.2,"Loạn sản nặng âm hộ, không phân loại nơi khác"
N90.0,Loạn sản nhẹ âm hộ
N90.7,Nang âm hộ
N90.8,Biến đổi không do viêm xác định khác của âm hộ và tầng sinh môn
N90.1,Loạn sản vừa âm hộ
N91.3,Thiểu kinh nguyên phát
N91.2,"Vô kinh, không đặc hiệu"
N91.1,Vô kinh thứ phát
N91.4,Thiểu kinh thứ phát
N91.0,Vô kinh nguyên phát
N91.5,Thiểu kinh không đặc hiệu
N84.9,"Polyp đường sinh dục nữ, không đặc hiệu"
N84.0,Polyp thân tử cung
N84.1,Polyp cổ tử cung
N84.8,Polyp các phần khác đường sinh dục nữ
N84.3,Polyp âm hộ
N84.2,Polyp âm đạo
N80.9,"Bệnh lạc nội mạc tử cung, không đặc hiệu"
N80.2,Bệnh lạc nội mạc tử cung ở vòi trứng
N80.8,Bệnh lạc nội mạc tử cung khác
N80.3,Bệnh lạc nội mạc tử cung ở phúc mạc chậu
N80.4,Bệnh lạc nội mạc tử cung ở vách trực tràng âm đạo và âm đạo
N80.0,Bệnh lạc nội mạc tử cung
N80.6,Bệnh lạc nội mạc tử cung ở sẹo da
N80.1,Bệnh lạc nội mạc tử cung ở buồng trứng
N80.5,Bệnh lạc nội mạc tử cung ở ruột
N81.8,Sa sinh dục nữ khác
N81.3,Sa hoàn toàn tử cung âm đạo
N81.4,"Sa tử cung âm đạo, không đặc hiệu"
N81.0,Sa niệu đạo nữ
N81.9,"Sa sinh dục nữ, không đặc hiệu"
N81.2,Sa tử cung âm đạo không hoàn toàn
N81.6,Thoát vị thành trực tràng
N81.1,Sa bàng quang
N81.5,Thoát vị ruột trong âm đạo
N95.1,Tình trạng mãn kinh nữ
N95.8,"Rối loạn mãn kinh và chu mãn kinh, không đặc hiệu"
N95.9,"Rối loạn mãn kinh và chu mãn kinh, không đặc hiệu"
N95.2,Viêm teo âm đạo sau mãn kinh
N95.0,Chảy máu sau mãn kinh
N95.3,Tình trạng liên quan đến mãn kinh nhân tạo
N98.3,Biến chứng do đưa phôi vào trong quá trình chuyển phôi
N98.8,Biến chứng khác liên quan đến thụ thai nhân tạo
N98.2,Biến chứng do đưa vào trứng đã thụ tinh trong quá trình thụ tinh trong ống nghiệm
N98.1,Cường kích thích các buồng trứng
N98.0,Nhiễm khuẩn liên quan đến thụ tinh nhân tạo
N98.9,"Biến chứng liên quan đến thụ thai nhân tạo, không đặc hiệu"
N92.3,Chảy máu lúc rụng trứng
N92.1,Kinh nguyệt nhiều và hay xuất hiện với chu kỳ không đều
N92.5,Kinh nguyệt không đều khác
N92.2,Rong kinh lúc dậy thì
N92.0,Kinh nguyệt nhiều và hay xuất hiện với chu kỳ đều
N92.4,Chảy máu nặng lúc tiền mãn kinh
N92.6,"Kinh nguyệt không đều, không đặc hiệu"
N85.7,Ứ máu tử cung
N85.9,"Biến đổi của tử cung không do viêm, không đặc hiệu"
N85.3,Bán co tử cung
N85.0,Tăng sản tuyến nội mạc
N85.5,Lộn tử cung
N85.8,Biến đổi khác xác định của tử cung không do viêm
N85.6,Dính buồng tử cung
N85.4,Tư thế lệch của tử cung
N85.2,Phì đại tử cung
N85.1,Tăng sản u tuyến nội mạc tử cung
N93.0,Chảy máu sau tiếp xúc và giao hợp
N93.8,Chảy máu bất thường xác định khác của tử cung và âm đạo
N93.9,"Chảy máu bất thường của tử cung và âm đạo, không đặc hiệu"
N82.3,Rò âm đạo vào ruột già
N82.9,"Rò đường sinh dục nữ, không đặc hiệu"
N82.5,Rò đường sinh dục nữ ra da
N82.0,Rò bàng quang âm đạo
N82.4,Các rò đường sinh dục nữ- ruột khác
N82.8,Các rò đường sinh dục nữ khác
N82.2,Rò âm đạo vào ruột non
N82.1,Các rò tiết niệu- sinh dục nữ khác
N83.2,Các u nang buồng trứng khác và không đặc hiệu
N83.4,Thoát vị và sa buồng trứng và vòi trứng
N83.0,U nang buồng trứng
N83.3,Teo buồng trứng và vòi trứng mắc phải
N83.5,"Xoắn buồng trứng, xoắn cuống phần phụ, xoắn vòi trứng"
N83.7,Ứ máu dây chằng rộng
N83.6,Vòi trứng ứ máu
N83.9,"Biến đổi không do viêm của buồng trứng, vòi trứng và dây chằng rộng, không đặc hiệu"
N83.1,U nang hoàng thể
N83.8,"Các biến đổi không do viêm khác của buồng trứng, vòi trứng và dây chằng rộng"
N97.2,Vô sinh nữ do nguyên nhân tử cung
N97.9,"Vô sinh nữ, không đặc hiệu"
N97.4,Vô sinh nữ liên quan đến các yếu tố nam
N97.8,Vô sinh nữ liên quan đến các yếu tố khác
N97.1,Vô sinh nữ do nguyên nhân vòi trứng
N97.3,Vô sinh nữ do nguyên nhân cổ tử cung
N97.0,Vô sinh nữ liên quan đến không rụng trứng
N87.2,"Loạn sản nặng cổ tử cung, không phân loại nơi khác"
N87.9,"Loạn sản cổ tử cung, không đặc hiệu"
N87.1,Loạn sản vừa cổ tử cung
N87.0,Loạn sản nhẹ cổ tử cung
N89.7,Ứ máu âm đạo
N89.5,Hẹp và tịt âm đạo
N89.4,Bạch sản âm đạo
N89.1,Loạn sản âm đạo vừa
N89.6,Vòng màng trinh hẹp
N89.3,"Loạn sản âm đạo, không đặc hiệu"
N89.8,Các rối loạn không viêm xác định khác của âm đạo
N89.9,"Biến đổi không do viêm của âm đạo, không đặc hiệu"
N89.0,Loạn sản âm đạo nhẹ
N89.2,"Loạn sản âm đạo nặng, không phân loại nơi khác"
N60.4,Giãn ống tuyến vú
N60.1,Nang lan toả vú
N60.3,Xơ teo tuyến vú
N60.2,U xơ tuyến vú
N60.8,Loạn sản lành tính vú khác
N60.9,"Loạn sản lành tính vú, không đặc hiệu"
N60.0,Nang đơn vú
N64.8,Biến đổi xác định khác của vú
N64.1,Hoại tử mỡ của vú
N64.2,Teo vú
N64.9,"Biến đổi của vú, không đặc hiệu"
N64.3,Tiết sữa không liên quan đến sinh đẻ
N64.5,Triệu chứng khác ở vú
N64.0,Nứt và rò ở núm vú
N64.4,Đau vú
N13.3,Thận ứ nước khác và không xác định
N13.7,Bệnh tiết niệu kèm theo trào ngược bàng quang niệu quản
N13.6,Thận ứ mủ
N13.0,Thận ứ nước do chít hẹp khúc nối bể thận niệu quản
N13.4,Niệu quản ứ nước
N13.2,Thận ứ nước do sỏi thận và niệu quản gây tắc nghẽn
N13.5,Niệu quản gấp khúc và chít hẹp không gây ứ nước thận
N13.9,"Bệnh tiết niệu trào ngược và tắc nghẽn, không đặc hiệu"
N13.1,Thận ứ nước do chít hẹp khúc nối bể thận niệu quản không phân loại nơi khác
N13.8,Bệnh tiết niệu trào ngược và tắc nghẽn khác
N11.0,Viêm thận bể thận mạn do trào ngược không tắc nghẽn
N11.9,"Viêm mô kẽ ống thận mạn, không đặc hiệu"
N11.8,Viêm mô kẽ ống thận mạn khác
N11.1,Viêm thận bể thận mạn do tắc nghẽn
N14.1,"Bệnh thận do thuốc, dược phẩm và chất sinh học khác"
N14.3,Bệnh thận do kim loại nặng
N14.2,"Bệnh thận do thuốc, chất sinh học và cách chữa trị không xác định"
N14.0,Bệnh thận do thuốc giảm đau
N14.4,"Bệnh thận nhiễm độc, không phân loại nơi khác"
N15.8,Bệnh kẽ ống thận xác định khác
N15.9,Bệnh kẽ ống thận không đặc hiệu
N15.1,Áp xe thận và quanh thận
N15.0,Bệnh thận vùng Balkan
N16.8*,Biến đổi ống thận mô kẽ trong các bệnh khác phân loại nơi khác
N16.1*,Biến đổi ống thận mô kẽ trong bệnh u tân sinh
N16.0*,Biến đổi ống thận mô kẽ trong bệnh nhiễm khuẩn và ký sinh trùng phân loại nơi khác
N16.3*,Biến đổi ống thận mô kẽ trong các bệnh chuyển hoá
N16.2*,Biến đổi ống thận mô kẽ trong các bệnh máu và các rối loạn liên quan đến cơ chế miễn dịch
N16.4*,Biến đổi ống thận mô kẽ trong các rối loạn mô liên kết hệ thống
N16.5*,Biến đổi ống thận mô kẽ trong thải ghép (T86.-†)
N18.2,"Bệnh thận mạn, giai đoạn 2"
N18.5,"Bệnh thận mạn, giai đoạn 5"
N18.9,"Bệnh thận mạn, không đặc hiệu"
N18.4,"Bệnh thận mạn, giai đoạn 4"
N18.3,"Bệnh thận mạn, giai đoạn 3"
N18.1,"Bệnh thận mạn, giai đoạn 1"
N17.8,Suy thận cấp khác
N17.1,Suy thận cấp có hoại tử cấp vỏ thận
N17.9,Suy thận cấp không đặc hiệu
N17.0,Suy thận cấp có hoại tử ống thận
N17.2,Suy thận cấp có hoại tử tuỷ thận
N00.4,Hội chứng viêm thận cấp: Viêm cầu thận tăng sinh nội mô mao mạch lan toả
N00.0,Hội chứng viêm thận cấp: Bất thường tối thiểu ở cầu thận
N00.2,Hội chứng viêm thận cấp: Viêm cầu thận màng lan toả
N00.3,Hội chứng viêm thận cấp: Viêm cầu thận tăng sinh gian mạch lan toả
N00.7,Hội chứng viêm thận cấp: Viêm cầu thận liềm lan toả
N00.5,Hội chứng viêm thận cấp: Viêm cầu thận gian mạch mao mạch lan toả
N00.9,"Hội chứng viêm thận cấp, Không đặc hiệu"
N00.6,Hội chứng viêm thận cấp: Bệnh lắng đọng đặc
N00.8,"Hội chứng viêm cầu thận cấp, Khác"
N00.1,Hội chứng viêm thận cấp: tổn thương xơ chai cầu thận khu trú từng vùng
N06.5,Protein niệu đơn độc với hình thái tổn thương xác định: Viêm cầu thận gian mạch mao mạch lan toả
N06.1,Protein niệu đơn độc với hình thái tổn thương xác định: tổn thương xơ chai cầu thận khu trú từng vùng
N06.0,Protein niệu đơn độc với hình thái tổn thương xác định: Bất thường tối thiểu ở cầu thận
N06.6,Protein niệu đơn độc với hình thái tổn thương xác định: Bệnh lắng đọng đặc
N06.7,Protein niệu đơn độc với hình thái tổn thương xác định: Viêm cầu thận liềm lan toả
N06.9,"Protein niệu đơn độc với hình thái tổn thương xác định, không xác định"
N06.4,Protein niệu đơn độc với hình thái tổn thương xác định: Viêm cầu thận tăng sinh nội mô mao mạch lan toả
N06.8,"Protein niệu đơn độc với hình thái tổn thương xác định, Khác"
N06.2,Protein niệu đơn độc với hình thái tổn thương xác định: Viêm cầu thận màng lan toả
N06.3,Protein niệu đơn độc với hình thái tổn thương xác định: Viêm cầu thận tăng sinh gian mạch lan toả
N08.4*,"Biến đổi cầu thận trong các bệnh nội tiết, dinh dưỡng và chuyển hoá khác"
N08.3*,Biến đổi cầu thận trong đái tháo đường (nhóm E10- E14 với ký tự thứ tư là.2†)
N08.1*,Biến đổi cầu thận trong các bệnh tân sinh
N08.5*,Biến đổi cầu thận trong các bệnh mô liên kết hệ thống
N08.8*,Biến đổi cầu thận trong các bệnh phân loại nơi khác
N08.0*,Biến đổi cầu thận trong bệnh nhiễm khuẩn và ký sinh trùng phân loại nơi khác
N08.2*,Biến đổi cầu thận trong bệnh máu và các rối loạn liên quan cơ chế miễn dịch
N02.0,Đái máu dai dẳng và tái diễn: Bất thường tối thiểu ở cầu thận
N02.4,Đái máu dai dẳng và tái diễn: Viêm cầu thận tăng sinh nội mô mao mạch lan toả
N02.3,Đái máu dai dẳng và tái diễn: Viêm cầu thận tăng sinh gian mạch lan toả
N02.1,Đái máu dai dẳng và tái diễn: tổn thương xơ chai cầu thận khu trú từng vùng
N02.5,Đái máu dai dẳng và tái diễn: Viêm cầu thận gian mạch mao mạch lan toả
N02.7,Đái máu dai dẳng và tái diễn: Viêm cầu thận liềm lan toả
N02.2,Đái máu dai dẳng và tái diễn: Viêm cầu thận màng lan toả
N02.9,"Đái máu dai dẳng và tái diễn, Không đặc hiệu"
N02.8,"Đái máu dai dẳng và tái diễn, Khác"
N02.6,Đái máu dai dẳng và tái diễn: Bệnh lắng đọng đặc
N01.4,Hội chứng viêm thận tiến triển nhanh: Viêm cầu thận tăng sinh nội mô mao mạch lan toả
N01.6,Hội chứng viêm thận tiến triển nhanh: Bệnh lắng đọng đặc
N01.1,Hội chứng viêm thận tiến triển nhanh: tổn thương xơ chai cầu thận khu trú từng vùng
N01.9,"Hội chứng viêm thận tiến triển nhanh, không xác định"
N01.0,Hội chứng viêm thận tiến triển nhanh: Bất thường tối thiểu ở cầu thận
N01.5,Hội chứng viêm thận tiến triển nhanh: Viêm cầu thận gian mạch mao mạch lan toả
N01.8,Hội chứng viêm thận tiến triển nhanh khác
N01.3,Hội chứng viêm thận tiến triển nhanh: Viêm cầu thận tăng sinh gian mạch lan toả
N01.2,Hội chứng viêm thận tiến triển nhanh: Viêm cầu thận màng lan toả
N01.7,Hội chứng viêm thận tiến triển nhanh: Viêm cầu thận liềm lan toả
N05.2,Hội chứng viêm thận không đặc hiệu: Viêm cầu thận màng lan toả
N05.6,Hội chứng viêm thận không đặc hiệu: Bệnh lắng đọng đặc
N05.8,"Hội chứng viêm thận không đặc hiệu, Khác"
N05.0,Hội chứng viêm thận không đặc hiệu: Bất thường tối thiểu ở cầu thận
N05.7,Hội chứng viêm thận không đặc hiệu: Viêm cầu thận liềm lan toả
N05.9,Hội chứng viêm thận không đặc hiệu
N05.1,Hội chứng viêm thận không đặc hiệu: tổn thương xơ chai cầu thận khu trú từng vùng
N05.3,Hội chứng viêm thận không đặc hiệu: Viêm cầu thận tăng sinh gian mạch lan toả
N05.4,Hội chứng viêm thận không đặc hiệu: Viêm cầu thận tăng sinh nội mô mao mạch lan toả
N05.5,Hội chứng viêm thận không đặc hiệu: Viêm cầu thận gian mạch mao mạch lan toả
N03.9,"Hội chứng viêm thận mạn, không xác định"
N03.8,Hội chứng viêm thận mạn khác
N03.5,Hội chứng viêm thận mạn: Viêm cầu thận gian mạch mao mạch lan toả
N03.6,Hội chứng viêm thận mạn: Bệnh lắng đọng đặc
N03.3,Hội chứng viêm thận mạn: Viêm cầu thận tăng sinh gian mạch lan toả
N03.0,Hội chứng viêm thận mạn: Bất thường tối thiểu ở cầu thận
N03.4,Hội chứng viêm thận mạn: Viêm cầu thận tăng sinh nội mô mao mạch lan toả
N03.1,Hội chứng viêm thận mạn: tổn thương xơ chai cầu thận khu trú từng vùng
N03.7,Hội chứng viêm thận mạn: Viêm cầu thận liềm lan toả
N03.2,Hội chứng viêm thận mạn: Viêm cầu thận màng lan toả
N07.1,"Bệnh thận di truyền, không phân loại nơi khác: tổn thương xơ chai cầu thận khu trú từng vùng"
N07.9,"Bệnh thận di truyền, không phân loại nơi khác, Không xác định"
N07.7,"Bệnh thận di truyền, không phân loại nơi khác: Viêm cầu thận liềm lan toả"
N07.6,"Bệnh thận di truyền, không phân loại nơi khác: Bệnh lắng đọng đặc"
N07.0,"Bệnh thận di truyền, không phân loại nơi khác: Bất thường tối thiểu ở cầu thận"
N07.4,"Bệnh thận di truyền, không phân loại nơi khác: Viêm cầu thận tăng sinh nội mô mao mạch lan toả"
N07.8,"Bệnh thận di truyền, không phân loại nơi khác, Khác"
N07.2,"Bệnh thận di truyền, không phân loại nơi khác: Viêm cầu thận màng lan toả"
N07.5,"Bệnh thận di truyền, không phân loại nơi khác: Viêm cầu thận gian mạch mao mạch lan toả"
N07.3,"Bệnh thận di truyền, không phân loại nơi khác: Viêm cầu thận tăng sinh gian mạch lan toả"
N04.5,Hội chứng thận hư: Viêm cầu thận gian mạch mao mạch lan toả
N04.1,Hội chứng thận hư: tổn thương xơ chai cầu thận khu trú từng vùng
N04.4,Hội chứng thận hư: Viêm cầu thận tăng sinh nội mô mao mạch lan toả
N04.9,Hội chứng thận hư không xác định
N04.6,Hội chứng thận hư: Bệnh lắng đọng đặc
N04.0,Hội chứng thận hư: Bất thường tối thiểu ở cầu thận
N04.3,Hội chứng thận hư: Viêm cầu thận tăng sinh gian mạch lan toả
N04.8,Hội chứng thận hư khác
N04.2,Hội chứng thận hư: Viêm cầu thận màng lan toả
N04.7,Hội chứng thận hư: Viêm cầu thận liềm lan toả
N37.0*,Viêm niệu đạo trong các bệnh phân loại nơi khác
N37.8*,Biến đổi niệu đạo khác trong các bệnh phân loại nơi khác
N33.8,Rối loạn bàng quang trong các bệnh khác phân loại nơi khác
N33.0,Lao bàng quang (A18.1†)
N32.4,"Vỡ bàng quang, không do chấn thương"
N32.1,Rò bàng quang ruột
N32.9,"Rối loạn bàng quang, không đặc hiệu"
N32.3,Túi thừa bàng quang
N32.2,"Rò bàng quang, không phân loại nơi khác"
N32.0,Chít hẹp cổ bàng quang
N32.8,Rối loạn xác định khác của bàng quang
N39.9,"Rối loạn của hệ tiết niệu, không đặc hiệu"
N39.2,"Protein niệu [Tiểu đạm] tư thế, không đặc hiệu"
N39.1,"Protein niệu [Tiểu đạm] dai dẳng, không đặc hiệu"
N39.4,Tiểu không tự chủ xác định khác
N39.3,Tiểu không tự chủ do Stress
N39.8,Biến đổi xác định khác của hệ tiết niệu
N39.0,"Nhiễm khuẩn đường tiết niệu, vị trí không xác định"
N30.2,Viêm bàng quang mạn khác
N30.1,Viêm bàng quang kẽ (mạn)
N30.9,"Viêm bàng quang, không đặc hiệu"
N30.4,Viêm bàng quang do tia xạ
N30.0,Viêm bàng quang cấp
N30.8,Viêm bàng quang khác
N30.3,Viêm tam giác bàng quang
N35.8,Hẹp niệu đạo khác
N35.9,"Hẹp niệu đạo, không đặc hiệu"
N35.0,Hẹp niệu đạo sau chấn thương
N35.1,"Hẹp niệu đạo sau nhiễm khuẩn, không phân loại nơi khác"
N36.8,Các biến đổi niệu đạo xác định khác
N36.9,Biến đổi niệu đạo không đặc hiệu
N36.2,Núm niệu đạo
N36.1,Túi thừa niệu đạo
N36.3,Sa niêm mạc niệu đạo
N36.0,Rò niệu đạo
N31.2,"Bàng quang thần kinh mất trương lực, không phân loại nơi khác"
N31.0,"Bàng quang thần kinh không được ức chế, không phân loại nơi khác"
N31.1,"Bàng quang thần kinh phản xạ, không phân loại nơi khác"
N31.8,Rối loạn chức năng thần kinh cơ bàng quang khác
N31.9,"Rối loạn chức năng thần kinh cơ bàng quang, không đặc hiệu"
N34.3,"Hội chứng niệu đạo, không đặc hiệu"
N34.2,Viêm niệu đạo khác
N34.1,Viêm niệu đạo không đặc hiệu
N34.0,Áp xe niệu đạo
N48.2,Biến đổi viêm khác của dương vật
N48.5,Loét dương vật
N48.4,Bất lực do nguyên nhân thực thể
N48.0,Bạch sản dương vật
N48.8,Biến đổi xác định khác của dương vật
N48.1,Viêm quy đầu- bao quy đầu
N48.6,Xơ cứng dương vật
N48.9,"Biến đổi của dương vật, không đặc hiệu"
N48.3,Cương đau dương vật kéo dài
N43.0,Tràn dịch màng tinh hoàn nang hoá
N43.3,"Tràn dịch màng tinh hoàn, không đặc hiệu"
N43.1,Tràn dịch màng tinh hoàn nhiễm khuẩn
N43.4,Nang mào tinh hoàn
N43.2,Tràn dịch màng tinh hoàn khác
N41.2,Áp xe tuyến tiền liệt
N41.1,Viêm tuyến tiền liệt mạn
N41.9,"Bệnh viêm tuyến tiền liệt, không đặc hiệu"
N41.8,Bệnh viêm khác của tuyến tiền liệt
N41.3,Viêm tuyến tiền liệt- bàng quang
N41.0,Viêm tuyến tiền liệt cấp
N45.0,"Viêm tinh hoàn, viêm mào tinh hoàn và viêm tinh hoàn- mào tinh hoàn có áp xe"
N45.9,"Viêm tinh hoàn, viêm mào tinh hoàn và viêm tinh hoàn- mào tinh hoàn không có áp xe"
N49.8,Viêm của cơ quan sinh dục nam khác
N49.2,Viêm bìu
N49.0,Viêm túi tinh
N49.9,Viêm cơ quan sinh dục nam không đặc hiệu
N49.1,"Viêm thừng tinh, màng tinh và ống tinh"
N51.0*,Biến đổi của tuyến tiền liệt trong các bệnh phân loại nơi khác
N51.8*,Biến đổi khác của cơ quan sinh dục nam trong các bệnh phân loại nơi khác
N51.2*,Viêm quy đầu trong các bệnh phân loại nơi khác
N51.1*,Biến đổi của tinh hoàn và mào tinh hoàn trong các bệnh phân loại nơi khác
N50.0,Teo tinh hoàn
N50.1,Rối loạn mạch máu của cơ quan sinh dục nam
N50.8,Biến đổi khác của cơ quan sinh dục nam
N50.9,"Biến đổi của cơ quan sinh dục nam, không đặc hiệu"
N42.3,Loạn sản tuyến tiền liệt
N42.1,Sung huyết và chảy máu tuyến tiền liệt
N42.8,Biến đổi xác định khác của tuyến tiền liệt
N42.9,"Biến đổi của tuyến tiền liệt, không đặc hiệu"
N42.2,Teo tuyến tiền liệt
N42.0,Sỏi tuyến tiền liệt
N20.0,Sỏi thận
N20.1,Sỏi niệu quản
N20.9,"Sỏi tiết niệu, không đặc hiệu"
N20.2,Sỏi thận và sỏi niệu quản
N21.1,Sỏi niệu đạo
N21.8,Sỏi đường tiết niệu dưới khác
N21.0,Sỏi bàng quang
N21.9,"Sỏi đường tiết niệu dưới, không đặc hiệu"
N22.0*,Sỏi tiết niệu trong bệnh sán máng (B65.0†)
N22.8*,Sỏi đường tiết niệu trong các bệnh phân loại nơi khác
N99.1,"Hẹp niệu đạo sau phẫu thuật, thủ thuật"
N99.0,"Suy thận sau phẫu thuật, thủ thuật"
N99.4,"Dính phúc mạc chậu sau phẫu thuật, thủ thuật"
N99.9,"Rối loạn sau phẫu thuật, thủ thuật của hệ sinh dục tiết niệu, không đặc hiệu"
N99.8,"Rối loạn sau phẫu thuật, thủ thuật khác của hệ sinh dục tiết niệu"
N99.5,Hoạt động kém của các lỗ thông ra ngoài của đường tiết niệu
N99.2,Dính âm đạo sau phẫu thuật
N99.3,Sa vòm âm đạo sau cắt tử cung
N75.0,Nang tuyến Bartholin
N75.9,"Bệnh tuyến Bartholin, không đặc hiệu"
N75.8,Các bệnh khác của tuyến Bartholin
N75.1,Áp xe tuyến Bartholin
N71.9,"Viêm tử cung, không đặc hiệu"
N71.1,Viêm tử cung mạn
N71.0,Viêm tử cung cấp
N76.1,Viêm âm đạo bán cấp và mạn
N76.8,Viêm âm đạo và âm hộ xác định khác
N76.4,Áp xe âm hộ
N76.6,Loét âm hộ
N76.0,Viêm âm đạo cấp
N76.5,Loét âm đạo
N76.3,Viêm âm hộ bán cấp và mạn
N76.2,Viêm âm hộ cấp
N74.1*,Viêm lao vùng chậu nữ (A18.1†)
N74.4*,Viêm vùng chậu nữ do chlamydia (A56.1†)
N74.2*,"Viêm giang mai vùng chậu nữ (A51.4†, A52.7†)"
N74.8*,Bệnh lý viêm vùng chậu nữ trong các bệnh phân loại nơi khác
N74.3*,Viêm lậu vùng chậu nữ (A54.2†)
N74.0*,Lao cổ tử cung (A18.1†)
N70.1,Viêm vòi và viêm buồng trứng mạn
N70.9,"Viêm vòi và buồng trứng, không đặc hiệu"
N70.0,Viêm vòi và viêm buồng trứng cấp
N73.1,Viêm mô cận tử cung và viêm mô tế bào vùng chậu mạn
N73.2,Viêm mô cận tử cung và viêm mô tế bào vùng chậu không đặc hiệu
N73.9,"Viêm vùng chậu nữ, không đặc hiệu"
N73.5,"Viêm phúc mạc vùng chậu nữ, không đặc hiệu"
N73.6,Dính phúc mạc vùng chậu nữ
N73.4,Viêm phúc mạc vùng chậu nữ mạn
N73.0,Viêm mô cận tử cung và viêm mô tế bào vùng chậu
N73.8,Các bệnh viêm vùng chậu nữ xác định khác
N73.3,Viêm phúc mạc vùng chậu nữ cấp
N77.8*,Viêm và loét âm đạo âm hộ trong các bệnh khác phân loại nơi khác
N77.0*,Loét âm hộ trong các bệnh nhiễm khuẩn và ký sinh trùng phân loại nơi khác
N77.1*,"Viêm âm đạo, viêm âm hộ và viêm âm đạo âm hộ trong các bệnh nhiễm khuẩn và ký sinh trùng phân loại nơi khác"
B96.8,Vi khuẩn xác định khác gây bệnh phân loại ở chương khác
B96.7,Clostridium perfringens [C. Perfringens] là nguyên nhân gây bệnh phân loại ở chương khác
B96.3,Haemophilus influenzae [H. influenzae] là nguyên nhân gây bệnh phân loại ở chương khác
B96.0,Mycoplasma pneumoniae [M. pneumoniae] là nguyên nhân gây bệnh phân loại ở chương khác
B96.6,Bacillus fragilis [B. fragilis] là nguyên nhân gây bệnh phân loại ở chương khác
B96.4,Proteus (mirabilis) (morganii) là nguyên nhân gây bệnh phân loại ở chương khác
B96.2,Escherichia coli [E. coli] là nguyên nhân gây bệnh phân loại ở chương khác
B96.1,Klebsiella pneumoniae [K. pneumoniae] là nguyên nhân gây bệnh phân loại ở chương khác
B96.5,Pseudomonas (aeruginosa) là nguyên nhân gây bệnh phân loại ở chương khác
B95.1,"Liên cầu, nhóm B, là nguyên nhân gây bệnh phân loại ở chương khác"
B95.7,Tụ cầu khác là nguyên nhân gây bệnh phân loại ở chương khác
B95.4,Liên cầu khác là nguyên nhân gây bệnh phân loại ở chương khác
B95.2,"Liên cầu, nhóm D, là nguyên nhân gây bệnh phân loại ở chương khác"
B95.5,Liên cầu không xác định là nguyên nhân gây bệnh phân loại ở chương khác
B95.6,Tụ cầu vàng là nguyên nhân gây bệnh phân loại ở chương khác
B95.8,Tụ cầu không xác định là nguyên nhân gây bệnh phân loại ở chương khác
B95.3,Phế cầu là nguyên nhân gây bệnh phân loại ở chương khác
B95.0,"Liên cầu, nhóm A, là nguyên nhân gây bệnh phân loại ở chương khác"
B97.7,Vi rút Papilloma là nguyên nhân gây bệnh phân loại ở chương khác
B97.6,Vi rút Parvo là nguyên nhân gây bệnh phân loại ở chương khác
B97.2,Vi rút Corona là nguyên nhân gây bệnh phân loại ở chương khác
B97.5,Vi rút Reo là nguyên nhân gây bệnh phân loại ở chương khác
B97.4,Vi rút hợp bào đường hô hấp là nguyên nhân gây bệnh phân loại ở chương khác
B97.0,Vi rút Adeno là nguyên nhân gây bệnh phân loại ở chương khác
B97.3,Vi rút Retro là nguyên nhân gây bệnh phân loại ở chương khác
B97.8,Các vi rút gây bệnh phân loại ở chương khác
B97.1,Vi rút Entero là nguyên nhân gây bệnh phân loại ở chương khác
B98.0,Helicobacter pylori [H. pylori] gây bệnh phân loại ở chương khác
B98.1,Vibrio vulnificus là nguyên nhân gây bệnh phân loại ở chương khác
A68.9,"Sốt tái phát, không xác đinh"
A68.1,Sốt hồi quy do ve truyền
A68.0,Sốt hồi quy do chấy rận
A69.2,Bệnh Lyme
A69.1,Nhiễm trùng do kiểu Vincent khác
A69.0,Viêm loét hoại tử ở miệng
A69.8,Nhiễm xoắn khuẩn xác định khác
A69.9,"Nhiễm xoắn khuẩn, không đặc hiệu"
A67.9,"Pinta, không đặc hiệu"
A67.2,Tổn thương muộn của pinta
A67.0,Tổn thương tiên phát của pinta
A67.3,Tổn thương hỗn hợp của pinta
A67.1,Tổn thương trung gian của pinta
A66.0,Tổn thương ban đầu của ghẻ cóc
A66.6,Tổn thương xương và khớp của ghẻ cóc
A66.2,Tổn thương da sớm khác của ghẻ cóc
A66.7,Biểu hiện khác của ghẻ cóc
A66.9,"Ghẻ cóc, không đặc hiệu"
A66.5,Bệnh Gangosa [bệnh loét quanh mũi]
A66.3,Quá sản sừng của ghẻ cóc
A66.8,Ghẻ cóc tiềm ẩn
A66.1,Ghẻ cóc đa u nhú và ghẻ cóc dạng u
A66.4,Gôm và loét của ghẻ cóc
B47.0,Bệnh u nấm do Eumycetes
B47.9,"Bệnh u nấm, không xác định"
B47.1,Bệnh u nấm do Actinomyces
B42.1,Bệnh do nhiễm nấm Sporotrichum da- bạch huyết
B42.7,Bệnh do nhiễm nấm Sporotrichum lan toả
B42.0†,Bệnh do nhiễm nấm Sporotrichum ở phổi (J99.8*)
B42.8,Dạng khác của bệnh do nhiễm nấm Sporotrichum
B42.9,"Bệnh do nhiễm nấm Sporotrichum, không xác định"
B44.9,"Bệnh nhiễm nấm Aspergillus, không xác định"
B44.0,Bệnh nhiễm nấm Aspergillus ở phổi xâm lấn
B44.1,Bệnh nhiễm nấm Aspergillus ở phổi khác
B44.2,Bệnh nhiễm nấm Aspergillus ở amidan
B44.7,Bệnh nhiễm nấm Aspergillus lan toả
B44.8,Dạng khác của bệnh nhiễm nấm Aspergillus
B48.3,Bệnh nhiễm nấm Geotrichum
B48.1,Bệnh nhiễm nấm Rhinosporidium
B48.4,Bệnh nhiễm nấm Penicillium
B48.0,Bệnh nhiễm nấm Lobo
B48.7,Bệnh nhiễm nấm cơ hội
B48.5†,Bệnh nhiễm nấm Pneumocystis carinii (J17.2*)
B48.8,Bệnh nhiễm nấm xác định khác
B48.2,Bệnh nhiễm nấm Allesscheria
B37.6†,Bệnh viêm nội tâm mạc do nhiễm nấm Candida (I39.8*)
B37.5†,Bệnh viêm màng não do nhiễm nấm Candida (G02.1*)
B37.8,Bệnh do nhiễm nấm Candida ở các vị trí khác
B37.9,"Bệnh do nhiễm nấm Candida, không xác định"
B37.4,Bệnh do nhiễm nấm Candida ở các vị trí niệu sinh dục khác
B37.3†,Bệnh do nhiễm nấm Candida ở âm hộ và âm đạo (N77.1*)
B37.2,Bệnh do nhiễm nấm Candida ở da và móng
B37.1,Bệnh do nhiễm nấm Candida ở phổi
B37.7,Nhiễm trùng huyết do nấm Candida
B37.0,Bệnh viêm miệng do nấm Candida
B39.5,Bệnh nhiễm nấm Histoplasma duboisii
B39.9,"Bệnh nhiễm nấm Histoplasma, không xác định"
B39.3,Bệnh nhiễm nấm Histoplasma capsulatum lan toả
B39.2,"Bệnh nhiễm nấm Histoplasma capsulatum ở phổi, không xác định [cấp tính hoặc mạn tính]"
B39.0,Bệnh nhiễm nấm Histoplasma capsulatum ở phổi cấp tính
B39.4,"Bệnh nhiễm nấm Histoplasma capsulatum, không xác định [ở phổi hoặc lan toả]"
B39.1,Bệnh nhiễm nấm Histoplasma capsulatum ở phổi mạn tính
B41.0,Bệnh do nhiễm nấm Paracoccidioides ở phổi
B41.9,"Bệnh do nhiễm nấm Paracoccidioides, không xác định"
B41.8,Dạng khác của bệnh do nhiễm nấm Paracoccidioides
B41.7,Bệnh do nhiễm nấm Paracoccidioides lan toả
B35.9,"Bệnh nấm da, không xác định"
B35.3,Bệnh nấm da chân
B35.6,Bệnh nấm da đùi [nấm bẹn]
B35.0,Bệnh nấm ở cằm và nấm da đầu [chốc đầu]
B35.1,Bệnh nấm móng tay
B35.8,Bệnh nấm da khác
B35.2,Bệnh nấm da bàn tay
B35.4,Bệnh nấm da thân
B35.5,Bệnh nấm da vảy xếp lớp
B46.5,"Bệnh nhiễm nấm Mucor, không xác định"
B46.8,Bệnh nhiễm nấm Zygomycetes khác
B46.2,Bệnh nhiễm nấm Mucor ở đường tiêu hoá
B46.0,Bệnh nhiễm nấm Mucor ở phổi
B46.9,"Bệnh nhiễm nấm Zygomycetes, không xác định"
B46.3,Bệnh nhiễm nấm Mucor ở da
B46.1,Bệnh nhiễm nấm Mucor ở mũi- não
B46.4,Bệnh nhiễm nấm Mucor lan toả
B43.0,Bệnh do nhiễm nấm Chromoblastomycosa ở da
B43.2,Nang và áp xe dưới da do phaeomyces
B43.9,"Bệnh nhiễm nấm sâu Chromomycois (nấm hạt màu), không xác định"
B43.8,Dạng khác của bệnh nhiễm nấm sâu Chromomycosis (nấm hạt màu)
B43.1,Áp xe não do phaeomyces
B36.3,Bệnh trứng tóc đen
B36.9,"Bệnh nấm nông, không xác định"
B36.1,Bệnh nấm da có tổn thương màu đen
B36.2,Bệnh trứng tóc trắng
B36.0,Bệnh lang ben
B36.8,Bệnh nấm nông xác định khác
B40.3,Bệnh do nhiễm nấm Blastomyces ở da
B40.2,"Bệnh do nhiễm nấm Blastomyces ở phổi, không xác định [cấp tính hoặc mạn tính]"
B40.1,Bệnh do nhiễm nấm Blastomyces ở phổi mạn tính
B40.9,"Bệnh do nhiễm nấm Blastomyces, không xác định"
B40.0,Bệnh do nhiễm nấm Blastomyces ở phổi cấp tính
B40.7,Bệnh do nhiễm nấm Blastomyces lan toả
B40.8,Dạng khác của bệnh do nhiễm nấm Blastomyces
B45.1,Bệnh nhiễm nấm Cryptococcus ở não
B45.2,Bệnh nhiễm nấm Cryptococcus ở da
B45.0,Bệnh nhiễm nấm Cryptococcus ở phổi
B45.9,"Bệnh nhiễm nấm Cryptococcus, không xác định"
B45.8,Dạng khác của bệnh nhiễm nấm Cryptococcus
B45.7,Bệnh nhiễm nấm Cryptococcus lan toả
B45.3,Bệnh nhiễm nấm Cryptococcus ở xương
B38.8,Các dạng khác của bệnh nhiễm nấm Coccidioides
B38.3,Bệnh nhiễm nấm Coccidioides ở da
B38.9,"Bệnh nhiễm nấm Coccidioides, không xác định"
B38.7,Bệnh nhiễm nấm Coccidioides lan toả
B38.0,Bệnh nhiễm nấm Coccidioides ở phổi cấp tính
B38.4†,Viêm màng não do nhiễm nấm Coccidioides (G02.1*)
B38.2,"Bệnh nhiễm nấm Coccidioides ở phổi, không xác định [cấp tính hoặc mạn tính]"
B38.1,Bệnh nhiễm nấm Coccidioides ở phổi mạn tính
B77.0,Bệnh giun đũa với biến chứng đường ruột
B77.9,"Bệnh giun đũa, không đặc hiệu"
B77.8,Bệnh giun đũa với biến chứng khác
B74.1,Bệnh giun chỉ do Brugia malayi
B74.2,Bệnh giun chỉ do Brugia timori
B74.8,Bệnh giun chỉ khác
B74.9,"Bệnh giun chỉ, không đặc hiệu"
B74.3,Bệnh giun chỉ Loa loa
B74.4,Nhiễm giun chỉ Mansonella
B74.0,Bệnh giun chỉ do Wuchereria bancrofti
B69.9,"Bệnh ấu trùng sán lợn, không đặc hiệu"
B69.0,Bệnh ấu trùng sán lợn ở hệ thần kinh trung ương
B69.8,Bệnh ấu trùng sán lợn ở vị trí khác
B69.1,Nhiễm ấu trùng sán lợn ở mắt
B68.9,"Bệnh sán dây Taenia, không đặc hiệu"
B68.0,Bệnh sán dây Taenia solium
B68.1,Bệnh sán dây Taenia saginata
B70.0,Bệnh nhiễm sán dây cá diphyllobothrium.
B70.1,Bệnh nhiễm ấu trùng sán nhái spargamum
B76.8,Bệnh giun móc khác
B76.9,"Bệnh giun móc, không đặc hiệu"
B76.0,Bệnh giun ancylostoma
B76.1,Bệnh giun necator
B81.8,Bệnh giun sán đường ruột xác định khác
B81.4,Bệnh nhiễm giun sán phối hợp
B81.2,Bệnh giun trichostrongylus
B81.0,Bệnh giun anisakis
B81.1,Bệnh giun capillaria đường ruột
B81.3,Bệnh giun angiostrongylus đường ruột
B83.4,Bệnh đỉa nội tạng
B83.9,"Bệnh giun sán, không đặc hiệu"
B83.2,Bệnh giun angiostrongylus do Parastrongylus cantonensis
B83.0,Ấu trùng di chuyển trong nội tạng
B83.8,Bệnh giun sán xác định khác
B83.1,Nhiễm giun đầu gai (Gnathostoma)
B83.3,Nhiễm giun Syngamia
B71.1,Bệnh sán dipylium
B71.8,Nhiễm sán dây xác định khác
B71.9,Nhiễm sán dây không đặc hiệu
B71.0,Bệnh sán dây nhỏ hymenolepis
B82.9,Nhiễm ký sinh trùng đường ruột không đặc hiệu
B82.0,"Bệnh giun sán đường ruột, không đặc hiệu"
B67.3,"Nhiễm Echinococcus granulosus, vị trí khác và nhiều vị trí"
B67.7,Nhiễm Echinococcus multilocularis không đặc hiệu
B67.2,Nhiễm Echinococcus granulosus ở xương
B67.8,"Bệnh do sán Echinococcus ở gan, không đặc hiệu"
B67.9,"Nhiễm ấu trùng sán Echinococcus, khác và không xác định"
B67.0,Nhiễm Echinococcus granulosus ở gan
B67.5,Nhiễm Echinococcus multilocularis ở gan
B67.4,"Nhiễm Echinococcus granulosus, không đặc hiệu"
B67.6,Nhiễm Echinococcus multilocularis vị trí khác và nhiều vị trí
B67.1,Nhiễm Echinococcus granulosus ở phổi
B78.7,Bệnh giun lan toả
B78.0,Bệnh giun lươn đường ruột
B78.9,"Bệnh giun lươn, không đặc hiệu"
B78.1,Bệnh giun lươn ở da
B66.1,Bệnh nhiễm sán lá gan nhỏ
B66.5,Bệnh do nhiễm Fasciolopsis
B66.3,Bệnh nhiễm sán lá gan lớn (Fasciola hepatica)
B66.8,Bệnh nhiễm sán lá xác định khác
B66.0,Bệnh nhiễm sán lá gan Opisthorchis
B66.9,"Bệnh nhiễm sán lá, không đặc hiệu"
B66.2,Bệnh nhiễm sán Dicrocoelium
B66.4,Bệnh nhiễm sán Paragonimus
B65.1,Bệnh sán máng do Schistosoma mansoni [bệnh sán máng đường ruột]
B65.2,Bệnh sán máng do Schistosoma japonicum
B65.9,"Bệnh sán máng, không đặc hiệu"
B65.0,Bệnh sán máng do Schistosoma haematobium [bệnh sán máng đường tiết niệu]
B65.8,Bệnh sán máng khác
B65.3,Viêm da do ấu trùng
A81.2,Bệnh lý não chất trắng đa ổ tiến triển
A81.8,Nhiễm vi rút không điển hình khác của hệ thần kinh trung ương
A81.0,Bệnh bò điên (Creutzfeldt- Jakob)
A81.1,Viêm toàn não xơ hoá bán cấp
A81.9,"Nhiễm vi rút không điển hình của hệ thần kinh trung ương, không đặc hiệu"
A83.2,Bệnh viêm não ngựa miền Đông
A83.4,Bệnh viêm não châu Úc
A83.1,Bệnh viêm não ngựa miền Tây
A83.8,Bệnh viêm não vi rút khác do muỗi truyền
A83.6,Bệnh do vi rút Rocio
A83.3,Bệnh viêm não St. Louis
A83.9,"Bệnh viêm não vi rút do muỗi truyền, không xác định"
A83.5,Bệnh viêm não California
A83.0,Bệnh viêm não Nhật Bản
A85.8,Viêm não vi rút xác định khác
A85.0†,Viêm não do Enterovirus (G05.1*)
A85.2,"Bệnh viêm não vi rút do tiết túc truyền, không xác định"
A85.1†,Viêm não do vi rút Adeno (G05.1*)
A84.8,Viêm não vi rút khác do bọ ve truyền
A84.0,Viêm não Viễn Đông do bọ ve truyền [viêm não xuân hè Nga]
A84.9,"Viêm não vi rút do bọ ve truyền, không xác định"
A84.1,Viêm não Trung Âu do bọ ve truyền
A82.0,Bệnh dại ở động vật hoang dã
A82.1,Bệnh dại ở động vật nuôi
A82.9,"Bệnh dại, không đặc hiệu"
A88.0,Sốt phát ban do Enterovirus [phát ban Boston]
A88.8,Nhiễm vi rút xác định khác của hệ thần kinh trung ương
A88.1,Chóng mặt gây dịch
A87.8,Viêm màng não do vi rút khác
A87.2,Viêm màng não- đám rối mạch mạc tăng lympho bào
A87.0†,Viêm màng não do Enterovirus (G02.0*)
A87.9,"Viêm màng não do vi rút, không đặc hiệu"
A87.1†,Bệnh viêm màng não do vi rút Adeno (G02.0*)
A80.0,"Bệnh bại liệt cấp, thể liệt, liên quan đến Vắc xin"
A80.1,"Bệnh bại liệt cấp thể liệt, do vi rút hoang dã, ngoại lai"
A80.3,"Bệnh bại liệt cấp, thể liệt khác và không xác định"
A80.2,"Bệnh bại liệt cấp, thể liệt, do vi rút hoang dã, bản địa"
A80.4,"Bệnh bại liệt cấp, không liệt"
A80.9,"Bệnh bại liệt cấp, không xác định"
B23.1,Bệnh lý hạch lympho toàn thể do HIV
B23.8,Các bệnh lý khác do HIV
B23.2,"Bất thường về huyết học và miễn dịch, không phân loại nơi khác do HIV"
B23.0,Hội chứng nhiễm HIV cấp
B20.2,Bệnh HIV dẫn đến bệnh nhiễm vi rút Cytomegalo
B20.7,Bệnh HIV dẫn đến đa nhiễm trùng
B20.4,Bệnh HIV dẫn đến nhiễm nấm Candida
B20.3,Bệnh HIV dẫn đến các bệnh nhiễm vi rút khác
B20.8,Bệnh HIV dẫn đến các bệnh nhiễm trùng và ký sinh trùng khác
B20.6,Bệnh HIV dẫn đến viêm phổi do Pneumocystis jirovecci
B20.9,Bệnh HIV dẫn đến bệnh nhiễm trùng và ký sinh trùng không đặc hiệu
B20.1,Bệnh HIV dẫn đến các bệnh nhiễm trùng khác
B20.5,Bệnh HIV dẫn đến nhiễm nấm khác
B20.0,Bệnh HIV dẫn đến nhiễm Mycobacterium
B22.7,Bệnh HIV dẫn đến đa bệnh lý phân loại nơi khác
B22.2,Bệnh HIV dẫn đến hội chứng suy kiệt
B22.1,Bệnh HIV dẫn đến viêm phổi mô kẽ lympho bào
B22.0,Bệnh HIV dẫn đến bệnh lý não
B21.7,Bệnh HIV dẫn đến đa u ác tính
B21.1,Bệnh HIV dẫn đến u lympho Burkitt
B21.9,Bệnh HIV dẫn đến u ác tính không xác định
B21.3,"Bệnh HIV dẫn đến các khối u ác tính khác của mô bạch huyết, cơ quan tạo máu và tổ chức liên quan"
B21.8,Bệnh HIV dẫn đến u ác tính khác
B21.2,Bệnh HIV dẫn đến các loại u lympho không Hodgkin
B21.0,Bệnh HIV dẫn đến ung thư Kaposi
A53.9,"Giang mai, không xác định"
A53.0,"Giang mai thể ẩn, không xác định là sớm hoặc muộn"
A60.0,Bệnh do vi rút Herpes ở đường sinh dục và niệu- sinh dục
A60.9,"Nhiễm vi rút Herpes [herpes simplex] ở hậu môn- sinh dục, không xác định"
A60.1,Bệnh do vi rút Herpes [herpes simplex] ở da quanh hậu môn và trực tràng
A54.9,"Nhiễm lậu cầu, không đặc hiệu"
A54.0,Nhiễm lậu cầu ở đường niệu- sinh dục dưới không có áp xe quanh niệu đạo hoặc các tuyến
A54.3,Nhiễm lậu cầu ở mắt
A54.1,Viêm lậu cầu vùng sinh dục ngoài
A54.4†,Nhiễm lậu cầu ở hệ cơ xương khớp
A54.5,Viêm họng do lậu
A54.8,Nhiễm lậu cầu khác
A54.2,"Bệnh lậu vùng tiểu khung, phúc mạc, tiết niệu- sinh dục khác"
A54.6,Nhiễm lậu cầu ở hậu môn và trực tràng
A56.8,Bệnh do chlamydia lây truyền qua đường tình dục có vị trí khác
A56.0,Bệnh do chlamydia ở đường niệu- sinh dục dưới
A56.2,"Bệnh do chlamydia ở đường niệu- sinh dục, không đặc hiệu"
A56.4,Bệnh do chlamydia ở họng
A56.1,Viêm phúc mạc tiểu khung và các cơ quan niệu- sinh dục khác do chlamydia
A56.3,Bệnh do chlamydia ở hậu môn và trực tràng
A51.9,"Giang mai sớm, không đặc hiệu"
A51.4,Giang mai thứ phát khác
A51.0,Giang mai sinh dục nguyên phát
A51.1,Giang mai hậu môn nguyên phát
A51.2,Giang mai nguyên phát ở vị trí khác
A51.5,"Giang mai sớm, tiềm ẩn"
A51.3,Giang mai thứ phát ở da và niêm mạc
A59.0,Bệnh do trichomonas đường niệu- sinh dục
A59.9,"Bệnh do trichomonas, không đặc hiệu"
A59.8,Bệnh do trichomonas ở vị trí khác
A52.8,"Giang mai muộn, tiềm ẩn"
A52.2,Bệnh giang mai có tổn thương hệ thần kinh dạng tiềm ẩn
A52.3,"Giang mai thần kinh, không đặc hiệu"
A52.7,Giang mai muộn có triệu chứng khác
A52.9,"Giang mai muộn, không đặc hiệu"
A52.1,Bệnh giang mai có biểu hiện tổn thương thương hệ thần kinh
A52.0†,Giang mai có biểu hiện tổn thương hệ tim mạch
A50.9,"Giang mai bẩm sinh, không đặc hiệu"
A50.6,"Giang mai bẩm sinh muộn, thể ẩn"
A50.7,"Giang mai bẩm sinh muộn, không đặc hiệu"
A50.1,"Giang mai bẩm sinh, thể ẩn"
A50.3,"Giang mai bẩm sinh muộn, có biến chứng mắt"
A50.5,"Giang mai bẩm sinh muộn khác, có triệu chứng"
A50.0,"Giang mai bẩm sinh, có triệu chứng"
A50.4,"Giang mai bẩm sinh muộn, có biến chứng thần kinh"
A50.2,"Giang mai bẩm sinh, không xác định"
A63.0,Sùi mào gà
A63.8,Bệnh lây truyền chủ yếu qua đường tình dục xác định khác
A19.1,Lao kê cấp của nhiều vị trí
A19.9,"Lao kê, không xác định"
A19.2,"Lao kê cấp, không xác định"
A19.0,Lao kê cấp của một vị trí xác định
A19.8,Lao kê khác
A15.6,"Lao màng phổi, khẳng định về vi khuẩn học và mô học"
A15.0,"Lao phổi, khẳng định về soi đờm có cấy hoặc không cấy đờm"
A15.5,"Lao thanh quản, khí quản và phế quản, khẳng định về vi khuẩn học và mô học"
A15.1,"Lao phổi, chỉ khẳng định bằng nuôi cấy"
A15.7,"Lao hô hấp sơ nhiễm, khẳng định về vi khuẩn học và mô học"
A15.4,"Lao hạch lympho trong lồng ngực, khẳng định về vi khuẩn học và mô học"
A15.9,"Lao hô hấp không xác định, khẳng định về vi khuẩn học và mô học"
A15.8,"Lao hô hấp khác, khẳng định về vi khuẩn học và mô học"
A15.2,"Lao phổi, khẳng định về mô học"
A15.3,Lao phổi được khẳng định bằng những phương pháp không đặc hiệu
A17.8†,Lao khác của hệ thần kinh
A17.9†,"Lao hệ thần kinh, không xác định (G99.8*)"
A17.1†,U lao màng não (G07*)
A17.0†,Viêm màng não do lao (G01*)
A16.5,"Lao màng phổi, không đề cập đến việc khẳng định về vi khuẩn học hoặc mô học"
A16.1,"Lao phổi, không xét nghiệm vi khuẩn học và mô học"
A16.9,"Lao hô hấp không xác định, không đề cập đến việc khẳng định về vi khuẩn học hoặc mô học"
A16.3,"Lao hạch lympho trong lồng ngực, không đề cập đến việc khẳng định về vi khuẩn học hoặc mô học"
A16.8,"Lao hô hấp khác, không đề cập đến việc khẳng định về vi khuẩn học hoặc mô học"
A16.4,"Lao thanh quản, khí quản và phế quản, không đề cập đến việc khẳng định về vi khuẩn học hoặc mô học"
A16.0,"Lao phổi, âm tính về vi khuẩn học và mô học"
A16.2,"Lao phổi, không đề cập đến việc khẳng định về vi khuẩn hoặc mô học"
A16.7,Lao hô hấp sơ nhiễm không đề cập đến khẳng định về vi khuẩn học hoặc mô học
A18.2,Lao hạch lympho ngoại vi
A18.1†,Lao hệ tiết niệu sinh dục
A18.7†,Lao tuyến thượng thận (E35.1*)
A18.5,Lao ở mắt
A18.8,Lao các cơ quan xác định khác
A18.0†,Lao xương và khớp
A18.3,"Lao ruột, màng bụng và hạch mạc treo"
A18.6,Lao ở tai
A18.4,Lao da và mô dưới da
A28.9,"Bệnh nhiễm trùng do động vật truyền sang người, không xác định"
A28.0,Bệnh tụ huyết trùng do Pasteurella
A28.1,Bệnh mèo cào
A28.2,Nhiễm Yersinia ngoài ruột
A28.8,"Bệnh nhiễm trùng do động vật truyền sang người khác, không phân loại nơi khác"
A21.2,Bệnh tularaemia thể phổi
A21.7,Bệnh tularaemia toàn thân
A21.8,Bệnh tularaemia thể khác
A21.0,Loét hạch do tularaemia
A21.3,Bệnh tularaemia thể dạ dày ruột
A21.9,"Bệnh tularaemia, không xác định"
A21.1,Bệnh tularaemia hạch ở mắt
A22.9,Bệnh than không xác định
A22.7,Bệnh than thể nhiễm khuẩn huyết
A22.2,Bệnh than thể dạ dày ruột
A22.1,Bệnh than thể phổi
A22.0,Bệnh than thể da
A22.8,Bệnh than thể khác
A27.0,Bệnh do Leptospira gây vàng da xuất huyết
A27.9,"Nhiễm Leptospira, không đặc hiệu"
A27.8,Thể khác của nhiễm Leptospira
A23.2,Bệnh do Brucella suis
A23.1,Bệnh do Brucella abortus
A23.9,"Bệnh do Brucella, không xác định"
A23.8,Bệnh do Brucella khác
A23.3,Bệnh do Brucella canis
A23.0,Bệnh do Brucella melitensis
A26.7,Nhiễm khuẩn huyết do Erysipelothrix
A26.0,Bệnh viêm quầng đỏ ở da do Erysipelothrix
A26.9,"Bệnh viêm quầng đỏ do Erysipelothrix rhusiopathiae, không đặc hiệu"
A26.8,Thể khác của viêm quầng đỏ do Erysipelothrix
A20.1,Dịch hạch thể viêm da mô mềm
A20.8,Dịch hạch thể khác
A20.2,Dịch hạch thể phổi
A20.7,Dịch hạch thể nhiễm trùng huyết
A20.9,Dịch hạch không xác định
A20.3,Dịch hạch thể viêm màng não
A20.0,Dịch hạch thể hạch
A24.2,Bệnh do Burkholderia Pseudomallei bán cấp và mạn tính
A24.3,Bệnh do Burkholderia Pseudomallei khác
A24.4,"Bệnh do Burkholderia pseudomallei [bệnh Whitmore], không đặc hiệu"
A24.1,Bệnh do Burkholderia Pseudomallei cấp tính và tối cấp
A24.0,Bệnh do Burkholderia mallei
A25.0,Bệnh do spirilla
A25.1,Bệnh do Streptobacilla
A25.9,Sốt do chuột cắn không xác định
B90.8,Di chứng do lao cơ quan khác
B90.1,Di chứng do lao tiết niệu- sinh dục
B90.0,Di chứng do lao hệ thần kinh trung ương
B90.9,Di chứng do lao hô hấp và bệnh lao không xác định
B90.2,Di chứng do lao xương và khớp
B94.2,Di chứng của bệnh viêm gan vi rút
B94.1,Di chứng của bệnh viêm não do vi rút
B94.0,Di chứng của bệnh mắt hột
B94.9,Di chứng của bệnh nhiễm trùng và ký sinh trùng không xác định
B94.8,Di chứng của bệnh nhiễm trùng và ký sinh trùng xác định khác
B52.9,Bệnh sốt rét do Plasmodium malariae không kèm theo biến chứng
B52.0,Bệnh sốt rét do Plasmodium malariae kèm bệnh lý thận
B52.8,Bệnh sốt rét do Plasmodium malariae kèm biến chứng khác
B56.0,Bệnh do nhiễm Trypanosoma gambiense
B56.1,Bệnh do nhiễm Trypanosoma rhodesiense
B56.9,"Bệnh do nhiễm Trypanosoma Châu Phi [bệnh ngủ Châu Phi], không xác định"
B53.1,Bệnh sốt rét do plasmodia ở khỉ
B53.0,Bệnh sốt rét do Plasmodium ovale
B53.8,"Bệnh sốt rét được khẳng định bằng ký sinh trùng học khác, không phân loại nơi khác"
B50.0,Bệnh sốt rét do Plasmodium falciparum kèm biến chứng não
B50.9,"Bệnh sốt rét do Plasmodium falciparum, không xác định"
B50.8,Bệnh sốt rét do Plasmodium falciparum thể nặng và biến chứng khác
B57.1,Bệnh Chagas cấp không ảnh hưởng đến tim
B57.4,Bệnh Chagas (mạn tính) ảnh hưởng đến hệ thần kinh
B57.5,Bệnh Chagas (mạn tính) ảnh hưởng đến cơ quan khác
B57.3,Bệnh Chagas (mạn tính) ảnh hưởng đến hệ tiêu hoá
B57.2,Bệnh Chagas (mạn tính) ảnh hưởng đến tim
B57.0†,"Bệnh Chagas cấp ảnh hưởng đến tim (I41.2*, I98.1*)"
B55.9,"Bệnh do leishmania, không đặc hiệu"
B55.2,Bệnh do leishmania da niêm mạc
B55.0,Bệnh do leishmania nội tạng
B55.1,Bệnh do leishmania da
B58.9,"Bệnh do toxoplasma, không đặc hiệu"
B58.2†,Viêm não màng não do toxoplasma (G05.2*)
B58.8,Bệnh do toxoplasma có ảnh hưởng đến cơ quan khác
B58.3†,Bệnh do toxoplasma ở phổi (J17.3*)
B58.0†,Bệnh lý mắt do toxoplasma
B58.1†,Viêm gan do toxoplasma (K77.0*)
B60.2,Bệnh do naegleria
B60.0,Bệnh do babesia
B60.1,Bệnh do acanthamoeba
B60.8,"Bệnh do ký sinh trùng đơn bào, xác định khác"
B51.0,Bệnh sốt rét do Plasmodium vivax với vỡ lách
B51.9,Bệnh sốt rét do Plasmodium vivax không biến chứng
B51.8,Bệnh sốt rét do Plasmodium vivax với biến chứng khác
B85.1,Bệnh chấy rận do Pediculus humanus corporis
B85.3,Bệnh chấy rận
B85.2,"Bệnh chấy rận, không đặc hiệu"
B85.0,Bệnh chấy rận do Pediculus humanus capitis
B85.4,Bệnh chấy rận phối hợp
B87.0,Bệnh giòi ở da
B87.1,Bệnh giòi trên vết thương
B87.2,Bệnh giòi ở mắt (Ocular myiasis)
B87.4,Bệnh giòi ở tai
B87.9,Bệnh giòi không đặc hiệu
B87.8,Bệnh giòi ở vị trí khác
B87.3,Bệnh giòi ở mũi họng
B88.0,Bệnh do ve khác
B88.3,Bệnh do đỉa ngoại ký sinh
B88.8,Nhiễm ký sinh trùng xác định khác
B88.9,"Nhiễm ký sinh trùng, không đặc hiệu"
B88.1,Nhiễm do bọ tunga [nhiễm do bọ chét cái]
B88.2,Nhiễm ký sinh trùng do tiết túc khác
A77.1,Sốt phát ban dạng đốm do Rickettsia conoril
A77.9,"Sốt phát ban dạng đốm, không xác định"
A77.8,Sốt phát ban dạng đốm khác
A77.0,Sốt phát ban dạng đốm do Rickettsia rikettsii
A77.2,Sốt phát ban dạng đốm do Rickettsia siberica
A77.3,Sốt phát ban dạng đốm do Rickettsia australis
A79.9,"Nhiễm Rickettsia, không đặc hiệu"
A79.1,Mụn Rickettsia do Rickettsia akari
A79.8,Bệnh Rickettsia xác định khác
A79.0,Sốt chiến hào
A75.1,Sốt phát ban tái phát [bệnh Brill]
A75.9,"Sốt phát ban, không đặc hiệu"
A75.2,Sốt phát ban do Rickettsia typhi
A75.0,Sốt phát ban dịch tễ (do chấy rận truyền) do Rickettsia prowazekii
A75.3,Sốt phát ban do Rickettsia tsutsugamushi [bệnh sốt mò]
B18.0,Bệnh viêm gan vi rút B mạn tính có kèm viêm gan virus D
B18.2,Viêm gan virut C mạn tính
B18.9,"Viêm gan vi rút mạn tính, không đặc hiệu"
B18.10,"Viêm gan vi rút B mạn tính, không đồng nhiễm viêm gan vi rút D: giai đoạn dung nạp miễn dịch"
B18.1,"Viêm gan vi rút B mạn tính, không đồng nhiễm viêm gan vi rút D"
B18.19,"Viêm gan vi rút B mạn tính, không đồng nhiễm viêm gan vi rút D: giai đoạn khác và không xác định"
B18.8,Viêm gan vi rút mạn tính khác
B17.1,Bệnh viêm gan vi rút C cấp tính
B17.2,Bệnh viêm gan vi rút E cấp tính
B17.8,Bệnh viêm gan vi rút cấp tính xác định khác
B17.9,"Bệnh viêm gan vi rút cấp tính, không xác định"
B17.0,Viêm gan D cấp tính bội nhiễm trên người viêm gan B mạn tính
B15.9,Bệnh viêm gan vi rút A không kèm hôn mê gan
B15.0,Viêm gan A có hôn mê gan
B19.0,Bệnh viêm gan vi rút không xác định kèm hôn mê gan
B19.9,Bệnh viêm gan vi rút không xác định không kèm hôn mê gan
B16.1,Bệnh viêm gan vi rút B cấp tính có có tác nhân delta (đồng nhiễm) không kèm hôn mê gan
B16.2,Bệnh viêm gan vi rút B cấp tính không có tác nhân delta có kèm hôn mê gan
B16.0,Bệnh viêm gan vi rút B cấp tính có tác nhân delta (đồng nhiễm) kèm hôn mê gan
B16.9,Bệnh viêm gan vi rút B cấp tính không có tác nhân delta và không kèm hôn mê gan
A41.9,"Nhiễm khuẩn huyết, không đặc hiệu"
A41.4,Nhiễm khuẩn huyết do vi khuẩn kỵ khí
A41.3,Nhiễm khuẩn huyết do Haemophilus influenzae
A41.0,Nhiễm khuẩn huyết do tụ cầu vàng
A41.5,Nhiễm khuẩn huyết do vi khuẩn Gram âm khác
A41.8,Nhiễm khuẩn huyết đặc hiệu khác
A41.2,Nhiễm khuẩn huyết do tụ cầu không đặc hiệu
A41.1,Nhiễm khuẩn huyết do tụ cầu xác định khác
A49.8,"Nhiễm khuẩn khác, vị trí không xác định"
A49.1,"Nhiễm trùng liên cầu, vị trí không xác định"
A49.0,"Nhiễm trùng tụ cầu, vị trí không xác định"
A49.2,"Nhiễm Haemophilus influenzae, vị trí không xác định"
A49.9,"Nhiễm khuẩn, không đặc hiệu"
A49.3,"Nhiễm Mycoplasma, vị trí không xác định"
A40.9,"Nhiễm khuẩn huyết do liên cầu, không đặc hiệu"
A40.0,"Nhiễm khuẩn huyết do liên cầu, nhóm A"
A40.2,"Nhiễm khuẩn huyết do liên cầu, nhóm D và Enterococcus"
A40.8,Nhiễm khuẩn huyết do liên cầu khác
A40.3,Nhiễm khuẩn huyết do phế cầu
A40.1,"Nhiễm khuẩn huyết do liên cầu, nhóm B"
A36.3,Bệnh bạch hầu da
A36.1,Bệnh bạch hầu thể mũi họng
A36.2,Bệnh bạch hầu thanh quản
A36.8,Bệnh bạch hầu khác
A36.0,Bệnh bạch hầu họng
A36.9,"Bệnh bạch hầu, không đặc hiệu"
A31.8,Nhiễm khuẩn Mycobacteria khác
A31.0,Nhiễm khuẩn phổi do Mycobacteria
A31.1,Nhiễm khuẩn da do Mycobacteria
A31.9,"Nhiễm khuẩn do Mycobacteria, không đặc hiệu"
A30.2,Bệnh phong thể củ trung gian
A30.8,Thể khác của bệnh phong
A30.0,Bệnh phong thể bất định
A30.3,Bệnh phong thể trung gian
A30.9,"Bệnh phong, không xác định"
A30.4,Bệnh phong thể u trung gian
A30.1,Bệnh phong thể củ
A30.5,Bệnh phong thể u
A44.0,Bệnh do Bartonella toàn thân
A44.1,Bệnh do Bartonella ở da và niêm mạc
A44.8,Thể khác của bệnh do Bartonella
A44.9,"Bệnh do Bartonella, không đặc hiệu"
A32.9,"Bệnh do Listeria, không đặc hiệu"
A32.0,Nhiễm khuẩn da do Listeria
A32.8,Thể khác của nhiễm trùng Listeria
A32.1†,Viêm màng não và viêm não màng não do Listeria
A32.7,Nhiễm khuẩn huyết do Listeria
A43.1,Bệnh do Nocardia ở da
A43.8,Thể khác của bệnh Nocardia
A43.9,"Bệnh do Nocardia, không đặc hiệu"
A43.0,Bệnh do Nocardia ở phổi
A48.2,Bệnh Legionnaire không ở phổi [sốt Pontiac]
A48.3,Hội chứng sốc nhiễm độc
A48.4,Sốt ban xuất huyết Brazil
A48.0,Bệnh hoại thư sinh hơi
A48.1,Bệnh do Legionnaire
A48.8,Bệnh nhiễm khuẩn xác định khác
A37.9,"Bệnh ho gà, không đặc hiệu"
A37.8,Bệnh ho gà do Bordetella khác
A37.1,Bệnh ho gà do Bordetella parapertussis
A37.0,Bệnh ho gà do Bordetella pertussis
A42.1,Bệnh do nhiễm nấm Actinomyces ở bụng
A42.9,"Bệnh do nhiễm nấm Actinomyces, không đặc hiệu"
A42.0,Bệnh do nhiễm nấm Actinomyces ở phổi
A42.8,Thể khác của nhiễm nấm Actinomyces
A42.7,Nhiễm trùng huyết do nhiễm nấm Actinomyces
A42.2,Bệnh do nhiễm nấm Actinomyces ở mặt- cổ
A39.3,Nhiễm khuẩn huyết não mô cầu mạn tính
A39.9,"Nhiễm não mô cầu, không đặc hiệu"
A39.1†,Hội chứng Waterhouse- Friderichsen (E35.1*)
A39.0†,Viêm màng não do não mô cầu (G01*)
A39.5†,Bệnh tim do não mô cầu
A39.2,Nhiễm khuẩn huyết não mô cầu cấp tính
A39.4,"Nhiễm khuẩn huyết não mô cầu, không đặc hiệu"
A39.8,Nhiễm não mô cầu khác
B25.0†,Viêm phổi do vi rút Cytomegalo (J17.1*)
B25.9,"Bệnh do vi rút Cytomegalo, không đặc hiệu"
B25.1†,Viêm gan do vi rút Cytomegalo (K77.0*)
B25.2†,Viêm tuỵ do vi rút Cytomegalo (K87.1*)
B25.8,Bệnh khác do vi rút Cytomegalo
B27.8,Bệnh tăng bạch cầu đơn nhân nhiễm trùng khác
B27.0,Bệnh tăng bạch cầu đơn nhân do vi rút Herpes gamma
B27.9,"Bệnh tăng bạch cầu đơn nhân nhiễm trùng, không đặc hiệu"
B27.1,Bệnh tăng bạch cầu đơn nhân do vi rút Cytomegalo
B34.0,"Nhiễm vi rút Adeno, vị trí không xác định"
B34.3,"Nhiễm vi rút Parvo, vị trí không xác định"
B34.2,"Nhiễm vi rút Corona, vị trí không xác định"
B34.8,Nhiễm vi rút khác ở vị trí không xác định
B34.9,"Nhiễm vi rút, không xác định"
B34.4,"Nhiễm vi rút Papova, vị trí không xác định"
B34.1,"Nhiễm vi rút Entero, vị trí không xác định"
B26.2†,Viêm não do quai bị (G05.1*)
B26.1†,Viêm màng não do quai bị (G02.0*)
B26.8,Bệnh quai bị với biến chứng khác
B26.9,Bệnh quai bị không biến chứng
B26.0†,Viêm tinh hoàn do quai bị (N51.1*)
B26.3†,Viêm tuỵ do quai bị (K87.1*)
B33.0,Bệnh đau cơ gây dịch
B33.4†,Hội chứng tim- phổi do Hanta vi rút [HPS] [HCPS] (J17.1*)
B33.3,Nhiễm Retrovirus không phân loại nơi khác
B33.8,Bệnh do vi rút xác định khác
B33.1,Bệnh Ross River
B33.2,Viêm tim do vi rút
B30.1†,Viêm kết mạc do vírut Adeno (H13.1*)
B30.3†,Bệnh viêm kết mạc xuất huyết cấp tính do dịch (do vi rút Entero) (H13.1*)
B30.2,Bệnh viêm họng- kết mạc do vi rút
B30.9,"Viêm kết mạc do vi rút, không đặc hiệu"
B30.0†,Viêm kết- giác mạc do vi rút Adeno (H19.2*)
B30.8†,Viêm kết mạc do vi rút khác (H13.1*)
B01.0†,Viêm màng não do thuỷ đậu (G02.0*)
B01.9,Bệnh thuỷ đậu không biến chứng
B01.8,Bệnh thuỷ đậu với biến chứng khác
B01.2†,Bệnh viêm phổi do thuỷ đậu (J17.1*)
B01.1†,Viêm não do thuỷ đậu (G05.1*)
B02.1†,Viêm màng não do Zoster (G02.0*)
B02.7,Bệnh Zoster lan toả
B02.2†,Tổn thương hệ thần kinh khác do zoster
B02.3,Bệnh mắt do Zona
B02.8,Bệnh Zoster với các biến chứng
B02.0†,Viêm não do Zoster (G05.1*)
B02.9,Bệnh Zoster không biến chứng
B05.9,Sởi không biến chứng
B05.0†,Sởi biến chứng viêm não (G05.1*)
B05.2†,Sởi biến chứng viêm phổi (J17.1*)
B05.1†,Sởi biến chứng viêm màng não (G02.0*)
B05.8,Sởi với biến chứng khác
B05.4,Sởi với biến chứng ở ruột
B05.3†,Sởi biến chứng viêm tai giữa (H67.1*)
B06.8,Bệnh rubella với biến chứng khác
B06.9,Bệnh rubella không có biến chứng
B06.0†,Bệnh rubella với biến chứng thần kinh
B00.9,"Bệnh do nhiễm vi rút Herpes [herpes simplex], không xác định"
B00.5,Bệnh mắt do nhiễm vi rút Herpes [herpes simplex]
B00.8,Dạng khác của nhiễm vi rút Herpes [herpes simplex]
B00.4†,Bệnh viêm não do nhiễm vi rút Herpes [herpes simplex] (G05.1*)
B00.0,Bệnh chàm do nhiễm vi rút herpes [herpes simplex]
B00.1,Bệnh viêm da rộp nước do nhiễm vi rút Herpes [herpes simplex]
B00.3†,Bệnh viêm màng não do nhiễm vi rút Herpes [herpes simplex] (G02.0*)
B00.7,Bệnh do nhiễm vi rút Herpes [herpes simplex] lan toả
B00.2,Bệnh viêm miệng- lợi và viêm amidan- họng do nhiễm vi rút Herpes [herpes simplex]
B08.4,Viêm họng có phỏng nước do vi rút Entero có phát ban [Bệnh Tay chân miệng]
B08.5,Viêm họng có phỏng nước do vi rút Entero
B08.2,Phát ban đột ngột [bệnh thứ sáu]
B08.8,Nhiễm vi rút xác định khác có biểu hiện tổn thương tại da và niêm mạc
B08.0,Nhiễm vi rút Orthopox khác
B08.3,Ban đỏ truyền nhiễm [bệnh thứ năm]
B08.1,U mềm lây
A71.0,Giai đoạn đầu của mắt hột
A71.9,"Mắt hột, không đặc hiệu"
A71.1,Giai đoạn hoạt động của mắt hột
A74.0†,Viêm kết mạc do chlamydia (H13.1*)
A74.8,Bệnh do chlamydia khác
A74.9,"Bệnh do chlamydia, không xác định"
A98.3,Bệnh sốt xuất huyết do vi rút Marburg
A98.8,Bệnh sốt xuất huyết do vi rút xác định khác
A98.2,Bệnh sốt xuất huyết rừng Kyasanur
A98.0,Bệnh sốt xuất huyết Crimean- Congo
A98.1,Bệnh sốt xuất huyết Omsk
A98.5,Bệnh sốt xuất huyết kèm theo hội chứng thận
A98.4,Bệnh sốt xuất huyết do vi rút Ebola
A95.9,"Sốt vàng, không đặc hiệu"
A95.0,Sốt vàng ở rừng
A95.1,Sốt vàng thành thị
A96.1,Bệnh sốt xuất huyết do vi rút Machupo
A96.0,Bệnh sốt xuất huyết do vi rút Junin
A96.2,Bệnh sốt xuất huyết do vi rút Lassa
A96.8,Bệnh sốt xuất huyết do vi rút Arena khác
A96.9,"Sốt xuất huyết do Arenavirus, không đặc hiệu"
A97.2,Bệnh sốt xuất huyết Dengue nặng
A97.0,Bệnh sốt xuất huyết Dengue không có dấu hiệu cảnh báo
A97.9,"Bệnh sốt xuất huyết Dengue, không xác định"
A97.1,Bệnh sốt xuất huyết Dengue có dấu hiệu cảnh báo
A92.0,Bệnh do nhiễm vi rút Chikungunya
A92.3,Bệnh vi rút vùng Tây sông Nil
A92.8,Bệnh sốt vi rút do muỗi truyền xác định khác
A92.9,"Sốt vi rút do muỗi truyền, không xác định"
A92.5,Bệnh nhiễm vi rút Zika
A92.1,Bệnh sốt do vi rút O’ nyong nyong
A92.2,Sốt ngựa Venezuela
A92.4,Sốt thung lũng Rift
A93.0,Bệnh do vi rút Oropouche
A93.8,Sốt vi rút xác định khác do tiết túc truyền
A93.1,Sốt muỗi cát
A93.2,Sốt do bọ ve Colorado
A05.2,Nhiễm độc thức ăn do độc tố của Clostridium perfringens [Clostridium welchii]
A05.1,Ngộ độc thịt
A05.9,"Nhiễm độc thức ăn do vi khuẩn, không xác định"
A05.3,Nhiễm độc thức ăn do độc tố của Vibrio parahaemolyticus
A05.4,Nhiễm độc thức ăn do độc tố của Bacillus cereus
A05.0,Nhiễm độc thức ăn do độc tố của tụ cầu
A05.8,Nhiễm độc thức ăn do độc tố của vi khuẩn xác định khác
A09.9,Viêm dạ dày- ruột và viêm đại tràng khác không rõ nguyên nhân
A09.0,Viêm dạ dày- ruột và viêm đại tràng do nhiễm trùng khác và không xác định
A08.2,Viêm ruột do vi rút Adeno
A08.0,Viêm ruột do vi rút Rota
A08.4,"Nhiễm trùng đường ruột do vi rút, không xác định"
A08.1,Bệnh lý dạ dày ruột cấp do tác nhân Norwalk
A08.3,Viêm ruột do vi rút khác
A08.5,Nhiễm trùng đường ruột xác định khác
A04.8,Nhiễm khuẩn đường ruột do vi khuẩn xác định khác
A04.0,Nhiễm Escherichia coli gây bệnh đường ruột
A04.2,Nhiễm Escherichia coli xâm nhập (EIEC)
A04.9,"Nhiễm khuẩn đường ruột do vi khuẩn, không xác định"
A04.4,Nhiễm Escherichia coli đường ruột khác
A04.1,Nhiễm Escherichia coli gây độc tố ruột (ETEC)
A04.6,Viêm ruột do Yersinia enterocolitica
A04.5,Viêm ruột do Campylobacter
A04.7,Viêm ruột do Clostridium difficile
A04.3,Nhiễm Escherichia coli gây xuất huyết đường ruột (EHEC)
A06.8,Nhiễm amip ở vị trí khác
A06.3,U do amip đường ruột
A06.6†,Áp xe não do amip (G07*)
A06.5†,Áp xe phổi do amip
A06.1,Bệnh lỵ amip đường ruột mạn tính
A06.7,Nhiễm amip ở da
A06.0,Bệnh lỵ amip cấp
A06.9,"Bệnh do amip, không xác định"
A06.4†,Áp xe gan do amip (K77.0*)
A06.2,Viêm đại tràng do amip không gây hội chứng lỵ
A03.2,Bệnh lỵ trực khuẩn do Shigella boydii
A03.1,Bệnh lỵ trực khuẩn do Shigella flexneri
A03.9,"Bệnh lỵ trực khuẩn, không xác định"
A03.3,Bệnh lỵ trực khuẩn do Shigella sonnei
A03.8,Bệnh lỵ trực khuẩn khác
A03.0,Bệnh lỵ trực khuẩn do Shigella dysenteriae
A00.0,"Bệnh tả do Vibrio cholerae 01, type sinh học cholerae"
A00.9,"Bệnh tả, không đặc hiệu"
A00.1,"Bệnh tả do Vibrio cholerae 01, type sinh học eltor"
A07.1,Bệnh do Giardia [lamblia]
A07.9,"Bệnh đường ruột do đơn bào, không xác định"
A07.0,Bệnh do Balantidium
A07.8,Bệnh do đơn bào xác định khác
A07.2,Bệnh do Cryptosporidia
A07.3,Bệnh do Isospora
A01.2,Bệnh phó thương hàn B
A01.1,Bệnh phó thương hàn A
A01.3,Bệnh phó thương hàn C
A01.4,"Bệnh phó thương hàn, không đặc hiệu"
A01.0,Thương hàn
A02.1,Nhiễm khuẩn huyết do Salmonella
A02.9,"Nhiễm Salmonella, không đặc hiệu"
A02.2†,Nhiễm Salmonella khu trú
A02.8,Nhiễm Salmonella xác định khác
A02.0,Viêm ruột do Salmonella
H54.9,Giảm thị lực không đặc hiệu (hai mắt)
H54.1,"Giảm thị lực mức độ nặng, hai mắt"
H54.5,"Giảm thị lực mức độ nặng, một mắt"
H54.4,"Mù, một mắt"
H54.3,"Mất thị lực không đo được, hai mắt"
H54.0,"Mù, hai mắt"
H54.2,"Khiếm thị, hai mắt"
H54.6,"Mất thị lực không đo được, một mắt"
H53.6,Quáng gà
H53.8,Rối loạn thị giác khác
H53.0,Nhược thị do bất đồng khúc xạ
H53.3,Rối loạn thị giác hai mắt khác
H53.4,Tổn hại thị trường
H53.1,Rối loạn thị giác chủ quan
H53.5,Rối loạn sắc giác (mù màu)
H53.2,Song thị
H53.9,"Rối loạn thị giác, không đặc hiệu"
H49.9,"Các loại lác liệt, không đặc hiệu"
H49.3,Liệt vận nhãn (ngoài) toàn bộ
H49.1,Liệt dây thần kinh [ròng rọc] IV
H49.0,Liệt dây thần kinh [vận nhãn] III
H49.8,Các loại lác liệt khác
H49.4,Liệt vận nhãn ngoài tiến triển
H49.2,Liệt dây thần kinh [giạng] VI
H50.5,Lác ẩn
H50.8,Lác xác định khác
H50.4,Lác khác và lác không xác định
H50.1,Lác ngoài [Lác phân kỳ đồng hành]
H50.0,Lác trong [Lác hội tụ đồng hành]
H50.2,Lác đứng
H50.3,Lác luân hồi
H50.9,"Lác, không đặc hiệu"
H50.6,Lác cơ học
H52.4,Lão thị
H52.1,Cận thị
H52.5,Rối loạn điều tiết
H52.3,Khúc xạ hai mắt không đều và hình võng mạc hai mắt không đều
H52.0,Viễn thị
H52.6,Rối loạn khúc xạ khác
H52.2,Loạn thị
H52.7,"Tật khúc xạ, không đặc hiệu"
H51.1,Thiểu năng hay gia tăng quy tụ
H51.2,Liệt vận nhãn gian
H51.9,"Rối loạn vận nhãn hai mắt, không đặc hiệu"
H51.8,Rối loạn vận nhãn hai mắt xác định khác
H51.0,Liệt phối hợp hướng nhìn
H06.2*,Lồi mắt do tuyến giáp (E05.-†)
H06.1*,Nhiễm ký sinh trùng của hốc mắt trong các bệnh phân loại nơi khác
H06.0*,Bệnh của lệ bộ trong các bệnh phân loại nơi khác
H06.3*,Bệnh khác của hốc mắt trong các bệnh phân loại nơi khác
H00.0,Lẹo và viêm sâu khác của mi mắt
H00.1,Chắp
H02.0,Quặm và lông xiêu của mi mắt
H02.7,Bệnh thoái hoá khác của mi mắt và vùng quanh mắt
H02.8,Bệnh khác của mi mắt
H02.4,Sụp mi
H02.9,Bệnh mi mắt không đặc hiệu
H02.2,Hở mi
H02.3,Sa da mi
H02.1,Lật mi
H02.6,U vàng ở mi mắt
H02.5,Bệnh khác ảnh hưởng đến chức năng của mi mắt
H03.0*,Nhiễm ký sinh trùng ở mi mắt trong các bệnh phân loại nơi khác
H03.1*,Tổn thương mi mắt trong các bệnh truyền nhiễm phân loại nơi khác
H03.8*,Liên quan đến mi mắt trong các bệnh phân loại nơi khác
H01.0,Viêm bờ mi
H01.1,Bệnh da mi không nhiễm trùng
H01.8,Viêm mi mắt đặc hiệu khác
H01.9,"Viêm mi mắt, không đặc hiệu"
H05.9,"Bệnh của hốc mắt, không xác định"
H05.1,Viêm tổ chức hốc mắt mạn tính
H05.5,Dị vật (cũ) hậu nhãn cầu
H05.2,Bệnh lý lồi mắt
H05.8,Bệnh khác của hốc mắt
H05.3,Biến dạng của hốc mắt
H05.0,Viêm hốc mắt cấp tính
H05.4,Lõm mắt
H04.3,Viêm lệ đạo cấp tính và không đặc hiệu
H04.5,"Hẹp, tắc lệ đạo và suy giảm chức năng lệ đạo"
H04.2,Chảy nước mắt
H04.1,Bệnh khác của tuyến lệ
H04.4,Viêm lệ đạo mạn tính
H04.0,Viêm tuyến lệ
H04.9,"Bệnh của lệ bộ, không đặc hiệu"
H04.8,Bệnh khác của lệ bộ
H04.6,Biến đổi khác của lệ đạo
H13.8*,Bệnh khác của kết mạc trong các bệnh phân loại nơi khác
H13.2*,Viêm kết mạc trong bệnh phân loại nơi khác
H13.1*,Viêm kết mạc trong các bệnh nhiễm trùng và ký sinh trùng phân loại nơi khác
H13.3*,Pempigus ở mắt (L12.-†)
H13.0*,Nhiễm giun chỉ ở kết mạc (B74.-†)
H11.3,Xuất huyết kết mạc
H11.2,Sẹo kết mạc
H11.8,Bệnh xác định khác của kết mạc
H11.9,"Bệnh của kết mạc, không đặc hiệu"
H11.4,Nang các bệnh mạch máu kết mạc khác
H11.0,Mộng thịt
H11.1,"Cặn lắng và thoái hoá kết mạc, sạn vôi"
H10.2,Viêm kết mạc cấp khác
H10.0,Viêm kết mạc nhầy mủ
H10.8,Viêm kết mạc khác
H10.9,"Viêm kết mạc, không đặc hiệu"
H10.1,Viêm kết mạc dị ứng cấp
H10.3,"Viêm kết mạc cấp, không đặc hiệu"
H10.5,"Viêm kết mạc, mi mắt"
H10.4,Viêm kết mạc mạn tính
H28.8*,Bệnh khác của thể thuỷ tinh trong các bệnh phân loại nơi khác
H28.0*,Đục thể thuỷ tinh do đái tháo đường (E10- E14 với ký tự thứ tư là.3†)
H28.2*,Đục thể thuỷ tinh trong bệnh khác phân loại nơi khác
H28.1*,"Đục thể thuỷ tinh trong các bệnh nội tiết, dinh dưỡng và chuyển hoá khác"
H27.1,Lệch thể thuỷ tinh
H27.0,Không có thể thuỷ tinh
H27.9,"Bệnh thể thuỷ tinh, không đặc hiệu"
H27.8,Bệnh thể thuỷ tinh xác định khác
H25.0,Đục thể thuỷ tinh bắt đầu ở người già
H25.2,Đục thể thuỷ tinh hình thái Morgagni
H25.1,Đục thể thuỷ tinh vùng nhân ở người già
H25.8,Đục thể thuỷ tinh người già khác
H25.9,"Đục thể thuỷ tinh người già, không đặc hiệu"
H26.0,"Đục thể thuỷ tinh trẻ em, người trẻ và trước tuổi già (loại trừ bẩm sinh)"
H26.8,Đục thể thuỷ tinh xác định khác
H26.3,Đục thể thuỷ tinh do thuốc
H26.4,Đục bao sau sau mổ đục thể thuỷ tinh ngoài bao
H26.2,Đục thể thuỷ tinh biến chứng
H26.9,"Đục thể thuỷ tinh, không đặc hiệu khác"
H26.1,Đục thể thuỷ tinh do chấn thương
H15.9,"Bệnh củng mạc, không đặc hiệu"
H15.1,Viêm thượng củng mạc
H15.8,Bệnh khác của củng mạc
H15.0,Viêm củng mạc
H17.8,Sẹo và đục giác mạc khác
H17.0,Sẹo dính giác mạc
H17.9,"Sẹo và đục giác mạc, không đặc hiệu"
H17.1,Đục giác mạc trung tâm khác
H18.3,Biến đổi ở các lớp giác mạc
H18.1,Bệnh giác mạc bọng
H18.4,Thoái hoá giác mạc
H18.6,Giác mạc hình chóp
H18.5,Loạn dưỡng giác mạc di truyền
H18.9,Bệnh giác mạc không đặc hiệu
H18.7,Biến dạng giác mạc khác
H18.2,Phù giác mạc khác
H18.0,Nhiễm sắc tố và lắng đọng ở giác mạc
H18.8,Bệnh giác mạc xác định khác
H19.8*,Bệnh khác của củng mạc và giác mạc trong bệnh phân loại nơi khác
H19.1*,Viêm giác mạc và viêm kết mạc do vi rút Herpes (B00.5†)
H19.2*,Viêm giác mạc và viêm kết giác mạc trong bệnh nhiễm trùng và nhiễm ký sinh khác phân loại nơi khác
H19.3*,Viêm giác mạc và viêm kết giác mạc trong bệnh phân loại nơi khác
H19.0*,Viêm củng mạc và thượng củng mạc trong các bệnh phân loại nơi khác
H20.9,"Viêm mống mắt thể mi, không đặc hiệu"
H20.1,Viêm mống mắt thể mi mạn
H20.2,Viêm mống mắt thể mi do thể thuỷ tinh
H20.8,Viêm mống mắt thể mi khác
H20.0,Viêm mống mắt thể mi cấp và bán cấp
H21.3,"Nang mống mắt, thể mi và tiền phòng"
H21.9,"Bệnh của mống mắt và thể mi, không đặc hiệu"
H21.8,Bệnh khác của mống mắt và thể mi
H21.0,Xuất huyết tiền phòng
H21.1,Bệnh mạch máu khác của mống mắt và thể mi
H21.5,Dính và đứt khác của mống mắt và thể mi
H21.2,Thoái hoá mống mắt và thể mi
H21.4,Màng đồng tử
H16.3,Viêm giác mạc sâu và viêm giác mạc kẽ
H16.8,Viêm giác mạc khác
H16.9,"Viêm giác mạc, không đặc hiệu"
H16.4,Tân mạch giác mạc
H16.2,Viêm kết giác mạc
H16.1,Viêm giác mạc nông khác không viêm kết mạc
H16.0,Loét giác mạc
H22.8*,Bệnh khác của mống mắt và thể mi trong các bệnh phân loại nơi khác
H22.0*,Viêm mống mắt thể mi trong các bệnh nhiễm trùng và ký sinh trùng phân loại nơi khác
H22.1*,Viêm mống mắt thể mi trong các bệnh phân loại nơi khác
H47.1,"Phù gai thị, không đặc hiệu"
H47.3,Bệnh khác của đĩa thị- khuyết gai thị
H47.0,"Bệnh thần kinh thị, không phân loại nơi khác"
H47.6,Tổn thương vỏ não thị giác
H47.5,Tổn thương đường thị giác
H47.7,"Tổn thương đường thị giác, không đặc hiệu"
H47.4,Tổn thương tại giao thoa thị giác
H47.2,Teo thị thần kinh
H48.1*,Viêm thần kinh hậu cầu trong các bệnh phân loại nơi khác
H48.0*,Teo thần kinh thị trong các bệnh phân loại nơi khác
H48.8*,Bệnh khác của thần kinh thị và đường dẫn truyền thị giác trong các bệnh phân loại nơi khác
H43.8,Bệnh khác của dịch kính
H43.1,Xuất huyết dịch kính
H43.0,Vỡ khối dịch kính
H43.2,Cặn lắng tinh thể trong dịch kính
H43.3,Vẩn đục dịch kính khác
H43.9,"Bệnh dịch kính, không xác định"
H44.3,Bệnh lý thoái hoá khác của nhãn cầu
H44.8,Các bệnh khác của nhãn cầu
H44.2,Cận thị thoái hoá
H44.9,"Bệnh nhãn cầu, không xác định"
H44.6,"Dị vật nội nhãn, có từ tính (cũ)"
H44.7,"Dị vật nội nhãn, không từ tính (cũ)"
H44.4,Hạ nhãn áp
H44.5,Bệnh lý thoái hoá của nhãn cầu
H44.1,Viêm nội nhãn khác
H44.0,Viêm mủ nội nhãn
H45.0*,Xuất huyết dịch kính trong các bệnh phân loại nơi khác
H45.8*,Các bệnh khác của dịch kính và nhãn cầu trong các bệnh phân loại nơi khác
H45.1*,Viêm nội nhãn trong các bệnh phân loại nơi khác
H33.0,Bong võng mạc có vết rách
H33.1,Tách lớp võng mạc và nang võng mạc
H33.2,Bong thanh dịch võng mạc
H33.3,Rách võng mạc không có bong
H33.5,Bong võng mạc khác
H33.4,Bong võng mạc co kéo
H34.9,"Tắc mạch máu võng mạc, không đặc hiệu"
H34.8,Các bệnh lý tắc mạch máu võng mạc khác
H34.2,Các bệnh lý tắc động mạch võng mạc khác
H34.0,Tắc động mạch võng mạc thoáng qua
H34.1,Tắc động mạch trung tâm võng mạc
H32.0*,Viêm hắc võng mạc trong bệnh nhiễm trùng và ký sinh trùng phân loại nơi khác
H32.8*,Bệnh hắc võng mạc khác trong các bệnh phân loại nơi khác
H35.5,Loạn dưỡng võng mạc di truyền
H35.1,Bệnh lý võng mạc của trẻ đẻ non
H35.4,Thoái hoá võng mạc ngoại biên
H35.8,Các bệnh lý võng mạc đặc hiệu khác
H35.6,Xuất huyết võng mạc
H35.9,"Các bệnh lý võng mạc, không đặc hiệu"
H35.2,Bệnh lý võng mạc tăng sinh khác
H35.3,Thoái hoá hoàng điểm và cực sau
H35.0,Bệnh lý võng mạc và biến đổi mạch máu võng mạc
H35.7,Bệnh lý có tổn thương chia tách các lớp võng mạc
H31.9,"Bệnh hắc mạc, không xác định"
H31.8,Bệnh hắc mạc xác định khác
H31.1,Thoái hoá hắc mạc
H31.4,Bong hắc mạc
H31.0,Sẹo hắc võng mạc
H31.2,Loạn dưỡng hắc mạc di truyền
H31.3,Xuất huyết và rách hắc mạc
H36.8*,Bệnh võng mạc khác trong các bệnh phân loại nơi khác
H36.0*,Bệnh võng mạc đái tháo đường (E10- E14 với ký tự thứ tư chung là.3†)
H30.1,Viêm hắc võng mạc rải rác
H30.8,Bệnh viêm hắc võng mạc khác
H30.2,Viêm thể mi sau
H30.9,"Viêm hắc võng mạc, không xác định"
H30.0,Viêm hắc võng mạc khu trú
H57.8,Các bệnh xác định khác của mắt và phần phụ
H57.9,"Các bệnh của mắt và phần phụ, không đặc hiệu"
H57.0,Bất thường chức năng đồng tử
H57.1,Nhức mắt
H58.1*,Rối loạn thị giác trong các bệnh phân loại nơi khác
H58.8*,Bệnh của mắt và phần phụ xác định khác trong các bệnh phân loại nơi khác
H58.0*,Bất thường chức năng đồng tử trong các bệnh phân loại nơi khác
H59.9,"Bệnh mắt và phần phụ sau phẫu thuật, không đặc hiệu"
H59.8,Bệnh khác của mắt và phần phụ sau phẫu thuật
H59.0,Bệnh lý giác mạc (bullous aphakic) sau phẫu thuật thể thuỷ tinh
H40.9,"Glocom, không đặc hiệu"
H40.1,Glocom góc mở nguyên phát
H40.0,Nghi ngờ glocom
H40.5,Glocom thứ phát do bệnh mắt khác
H40.6,Glocom thứ phát do thuốc
H40.8,Glocom khác
H40.3,Glocom thứ phát do chấn thương mắt
H40.4,Glocom thứ phát do viêm mắt
H40.2,Glocom góc đóng nguyên phát
H42.8*,Glocom trong các bệnh phân loại nơi khác
H42.0*,"Glocom trong các bệnh nội tiết, dinh dưỡng và chuyển hoá"
K91.9,"Rối loạn sau phẫu thuật, thủ thuật của hệ tiêu hoá, không đặc hiệu"
K91.2,"Kém hấp thu sau phẫu thuật, không phân loại nơi khác"
K91.0,Nôn mửa sau phẫu thuật dạ dày- ruột
K91.1,Hội chứng sau phẫu thuật dạ dày
K91.8,"Rối loạn tiêu hoá khác sau phẫu thuật, thủ thuật, không phân loại nơi khác"
K91.4,Suy chức năng sau mổ thông đại tràng và mổ thông đường ruột
K91.5,Hội chứng sau cắt túi mật
K91.3,Tắc ruột sau mổ
K90.4,"Kém hấp thụ do không dung nạp, không phân loại nơi khác"
K90.0,Bệnh Coeliac
K90.8,Ruột kém hấp thu khác
K90.9,"Ruột kém hấp thu, không đặc hiệu"
K90.2,"Hội chứng quai tới, không phân loại nơi khác"
K90.1,Tiêu chảy nhiệt đới
K90.3,Tiêu chảy phân mỡ do tuỵ
K92.9,"Bệnh hệ tiêu hoá, không đặc hiệu"
K92.8,Bệnh hệ tiêu hoá đặc hiệu khác
K92.2,"Xuất huyết tiêu hoá, không đặc hiệu"
K92.0,Nôn ra máu
K92.1,Đi ngoài phân đen
K93.8*,Rối loạn của cơ quan tiêu hoá đặc hiệu khác trong bệnh phân loại nơi khác
K93.0*,"Bệnh lao ở ruột, phúc mạc và tuyến mạc treo (A18.3†)"
K93.1*,Phình đại tràng trong bệnh Chagas (B57.3†)
K40.4,"Thoát vị bẹn một bên hay không xác định, có hoại tử"
K40.3,"Thoát vị bẹn một bên hay không xác định, có tắc, không hoại tử"
K40.9,"Thoát vị bẹn một bên hay không xác định, không tắc hoặc không hoại tử"
K40.0,"Thoát vị bẹn hai bên, có tắc, không hoại tử"
K40.2,"Thoát vị bẹn hai bên, không tắc hoặc không hoại tử"
K40.1,"Thoát vị bẹn hai bên, có hoại tử"
K45.0,"Thoát vị thành bụng xác định khác có tắc, không hoại thư"
K45.1,"Thoát vị thành bụng đặc hiệu khác, có hoại tử"
K45.8,"Thoát vị thành bụng đặc hiệu khác, không tắc hay hoại tử"
K43.3,"Thoát vị cạnh lỗ mở thông có tắc, không hoại tử"
K43.4,Thoát vị cạnh lỗ mở thông có hoại tử
K43.7,Thoát vị thành bụng khác và không xác định có hoại thư
K43.6,"Thoát vị thành bụng khác và không xác định có tắc, không hoại tử"
K43.0,"Thoát vị qua đường mổ có tắc nghẽn, không hoại thư"
K43.5,Thoát vị cạnh lỗ mở thông không tắc hay hoại tử
K43.9,Thoát vị bụng không tắc hay hoại thư
K43.2,Thoát vị qua đường mổ không tắc hoặc hoại thư
K43.1,Thoát vị thành bụng có hoại tử
K41.9,"Thoát vị đùi một bên hay không xác định, không tắc hoặc không hoại tử"
K41.1,"Thoát vị đùi hai bên, có hoại tử"
K41.3,"Thoát vị đùi một bên hay không xác định, có tắc, không hoại tử"
K41.0,"Thoát vị đùi hai bên, có tắc, không hoại tử"
K41.4,"Thoát vị đùi một bên hay không xác định, có hoại tử"
K41.2,"Thoát vị đùi hai bên, không tắc hoặc không hoại tử"
K44.0,"Thoát vị hoành có tắc, không hoại tử"
K44.9,"Thoát vị hoành, không tắc hay hoại tử"
K44.1,Thoát vị hoành có hoại tử
K46.0,"Thoát vị thành bụng không đặc hiệu có tắc, không hoại tử"
K46.1,"Thoát vị thành bụng không đặc hiệu, có hoại tử"
K46.9,"Thoát vị thành bụng không đặc hiệu, không tắc hay hoại tử"
K42.0,"Thoát vị rốn có tắc, không hoại tử"
K42.1,Thoát vị rốn có hoại tử
K42.9,"Thoát vị rốn, không tắc hay hoại tử"
K76.6,Tăng áp lực tĩnh mạch cửa
K76.0,"Gan (biến đổi) nhiễm mỡ, không phân loại nơi khác"
K76.4,Bệnh ứ máu xoang gan
K76.7,Hội chứng gan- thận
K76.5,Bệnh tắc tĩnh mạch trên gan
K76.1,Sung huyết thụ động mạn tính ở gan
K76.9,"Bệnh gan, không đặc hiệu"
K76.8,Bệnh gan đặc hiệu khác
K76.3,Nhồi máu gan
K76.2,Hoại tử xuất huyết trung tâm tiểu thuỳ gan
K70.4,Suy gan do rượu
K70.2,Bệnh xơ hoá gan do rượu
K70.3,Xơ gan do rượu
K70.1,Viêm gan do rượu
K70.9,"Bệnh gan do rượu, không đặc hiệu"
K70.0,Gan nhiễm mỡ do rượu
K72.1,Suy gan mạn
K72.0,Suy gan cấp và bán cấp
K72.9,"Suy gan, không đặc hiệu"
K77.8*,Rối loạn chức năng gan trong bệnh phân loại nơi khác
K77.0*,Rối loạn chức năng gan trong bệnh nhiễm trùng và nhiễm ký sinh trùng phân loại nơi khác
K75.3,"Viêm gan dạng u hạt, không phân loại nơi khác"
K75.9,"Bệnh viêm gan, không đặc hiệu"
K75.1,Viêm tĩnh mạch của tĩnh mạch cửa
K75.4,Viêm gan tự miễn
K75.0,Áp xe gan
K75.8,Bệnh viêm gan đặc hiệu khác
K75.2,"Viêm gan tái hoạt động, không đặc hiệu"
K73.0,"Viêm gan mạn trường diễn, không phân loại nơi khác"
K73.1,"Viêm tiểu thuỳ gan mạn, không phân loại nơi khác"
K73.2,"Viêm gan mạn hoạt động, không phân loại nơi khác"
K73.9,"Viêm gan mạn, không đặc hiệu"
K73.8,"Viêm gan mạn khác, không phân loại nơi khác"
K74.0,Gan xơ hoá
K74.2,Gan xơ hoá với gan xơ cứng
K74.4,Xơ gan mật thứ phát
K74.5,Xơ gan mật không đặc hiệu
K74.6,Xơ gan khác và không xác định
K74.1,Gan xơ cứng
K74.3,Xơ gan mật tiên phát
K71.3,Bệnh gan nhiễm độc có viêm gan mạn dai dẳng
K71.6,"Bệnh gan nhiễm độc có viêm gan, không phân loại nơi khác"
K71.8,Bệnh gan nhiễm độc có rối loạn khác của gan
K71.0,"Bệnh gan nhiễm độc, có ứ mật"
K71.2,Bệnh gan nhiễm độc có viêm gan cấp
K71.5,Bệnh gan nhiễm độc có viêm gan mạn hoạt động
K71.1,Bệnh gan nhiễm độc có hoại tử gan
K71.4,Bệnh gan nhiễm độc có viêm tiểu thuỳ gan mạn
K71.9,"Bệnh gan nhiễm độc, không đặc hiệu"
K71.7,Bệnh gan nhiễm độc có xơ hoá và xơ gan
K66.9,"Bệnh lý của phúc mạc, không đặc hiệu"
K66.2,Xơ hoá sau màng bụng
K66.8,Bệnh lý đặc hiệu khác của phúc mạc
K66.1,Cổ trướng máu
K66.0,Dính phúc mạc
K65.9,"Viêm phúc mạc, không đặc hiệu"
K65.0,Viêm phúc mạc cấp
K65.8,Viêm phúc mạc khác
K67.0*,Viêm phúc mạc do Chlamydia (A74.8†)
K67.1*,Viêm phúc mạc do lậu cầu (A54.8†)
K67.3*,Viêm phúc mạc do lao (A18.3†)
K67.8*,Rối loạn khác của phúc mạc trong bệnh nhiễm trùng phân loại nơi khác
K67.2*,Viêm phúc mạc do giang mai (A52.7†)
K07.5,Bất thường chức năng hàm mặt
K07.0,Bất thường lớn về kích thước xương hàm
K07.6,Loạn năng khớp thái dương hàm
K07.1,Bất thường tương quan sọ mặt
K07.9,"Bất thường răng mặt, không đặc hiệu"
K07.4,Khớp cắn lệch không xác định
K07.8,Các bất thường răng mặt khác
K07.3,Bất thường chức năng răng mặt
K07.2,Bất thường tương quan cung răng
K08.0,Mẻ răng do nguyên nhân hệ thống
K08.3,Chân răng còn sót
K08.2,Teo sống hàm
K08.1,"Mất răng do tai nạn, do nhổ răng hay bệnh nha chu khu trú"
K08.8,Bệnh đặc hiệu khác của răng và cấu trúc nâng đỡ
K08.9,"Bệnh của răng và cấu trúc nâng đỡ, không đặc hiệu"
K12.1,Dạng khác của viêm miệng
K12.0,Loét miệng tái diễn
K12.3,Viêm miệng (loét)
K12.2,Viêm mô tế bào và áp xe của miệng
K05.1,Viêm lợi [nướu] mạn tính
K05.4,Thoái hoá quanh răng
K05.2,Viêm quanh răng cấp tính
K05.5,Các bệnh vùng quanh răng khác
K05.6,"Bệnh quanh răng, không đặc hiệu"
K05.0,Viêm lợi [nướu] cấp tính
K05.3,Viêm quanh răng mạn tính
K04.9,Các bệnh lý khác và không đặc hiệu của mô tuỷ và mô quanh chóp
K04.8,Nang chân răng
K04.7,Áp xe quanh chóp không có lỗ rò
K04.5,Viêm quanh chóp răng mạn tính
K04.6,Áp xe quanh chóp răng có lỗ rò
K04.3,Tạo mô cứng bất thường trong tuỷ
K04.0,Viêm tuỷ răng
K04.4,Viêm quanh chóp cấp tính có nguồn gốc tuỷ răng
K04.2,Thoái hoá tuỷ răng
K04.1,Hoại tử tuỷ răng
K14.8,Bệnh khác của lưỡi
K14.5,Lưỡi gấp nếp
K14.0,Viêm lưỡi
K14.9,"Bệnh lưỡi, không đặc hiệu"
K14.6,Đau lưỡi
K14.2,Viêm lưỡi dạng thoi
K14.3,Phì đại gai lưỡi
K14.1,Lưỡi bản đồ
K14.4,Teo gai lưỡi
K01.1,Răng mọc kẹt
K01.0,Răng mọc ngầm
K10.0,Rối loạn phát triển của xương hàm
K10.9,"Bệnh xương hàm, không đặc hiệu"
K10.8,Bệnh xác định khác của xương hàm
K10.1,"U hạt tế bào khổng lồ, trung tâm"
K10.2,Tình trạng viêm của xương hàm
K10.3,Viêm ổ răng xương hàm
K06.1,Phì đại lợi
K06.0,Tụt lợi [nướu]
K06.8,Rối loạn đặc hiệu khác của lợi [nướu] và sống hàm
K06.9,"Rối loạn ở lợi [nướu] và sống hàm, không đặc hiệu"
K06.2,Tổn thương lợi [nướu] và sống hàm liên quan tới chấn thương
K00.4,Rối loạn tạo răng
K00.5,"Các rối loạn di truyền cấu trúc răng, không phân loại nơi khác"
K00.8,Rối loạn khác về phát triển răng
K00.0,Không có răng
K00.6,Rối loạn mọc răng
K00.9,"Rối loạn phát triển răng, không đặc hiệu"
K00.2,Bất thường kích thước và hình dạng răng
K00.3,Răng đốm màu
K00.7,Hội chứng mọc răng
K00.1,Răng thừa
K11.9,"Bệnh tuyến nước bọt, không đặc hiệu"
K11.1,Phì đại tuyến nước bọt
K11.8,Bệnh khác của tuyến nước bọt
K11.5,Sỏi tuyến nước bọt
K11.6,Nang nhầy tuyến nước bọt
K11.2,Viêm tuyến nước bọt
K11.0,Teo tuyến nước bọt
K11.4,Lỗ rò tuyến nước bọt
K11.7,Rối loạn tiết nước bọt
K11.3,Áp xe tuyến nước bọt
K02.5,Sâu răng có hở tuỷ
K02.9,"Sâu răng, không đặc hiệu"
K02.8,Sâu răng khác
K02.4,Huỷ khoáng mô cứng nhiều răng
K02.3,Sâu răng ngừng tiến triển
K02.0,Sâu men răng
K02.1,Sâu ngà răng
K02.2,Sâu cement răng
K09.8,"Nang khác ở vùng miệng, không phân loại nơi khác"
K09.9,Nang vùng miệng không đặc hiệu
K09.0,Nang nguồn gốc răng
K09.2,Nang khác của xương hàm
K09.1,Nang vùng miệng không có nguồn gốc răng
K13.7,Tổn thương khác và không xác định của niêm mạc miệng
K13.4,U hạt và tổn thương dạng u hạt của niêm mạc miệng
K13.1,Đau má và môi
K13.2,"Bạch sản và rối loạn khác của thượng bì miệng, bao gồm lưỡi"
K13.6,Tăng sản do kích thích của niêm mạc miệng
K13.0,Bệnh của môi
K13.3,Bạch sản dạng tóc
K13.5,Xơ hoá dưới niêm mạc miệng
K03.1,Mòn răng cơ học
K03.8,Bệnh mô cứng đặc hiệu khác của răng
K03.6,Cao răng
K03.9,"Bệnh mô cứng của răng, không đặc hiệu"
K03.5,Dính khớp răng
K03.4,Quá sản cement răng
K03.0,Mòn răng- răng quá mức
K03.3,Tiêu răng bệnh lý
K03.7,Đổi màu mô cứng sau mọc răng
K03.2,Mòn răng hoá học
K85.1,Viêm tuỵ cấp do mật
K85.2,Viêm tuỵ cấp do rượu
K85.3,Viêm tuỵ cấp do thuốc
K85.0,Viêm tuỵ cấp vô căn
K85.9,"Viêm tuỵ cấp, không đặc hiệu"
K85.8,Viêm tuỵ cấp khác
K87.1*,Rối loạn tuỵ trong phân loại nơi khác
K87.0*,Rối loạn của túi mật và đường mật phân loại nơi khác
K82.8,Bệnh đặc hiệu khác của túi mật
K82.2,Thủng túi mật
K82.4,Tích tụ Cholesterol ở túi mật
K82.3,Rò túi mật
K82.1,Tràn dịch túi mật
K82.9,"Bệnh của túi mật, không đặc hiệu"
K82.0,Tắc túi mật
K81.9,"Viêm túi mật, không đặc hiệu"
K81.0,Viêm túi mật cấp
K81.1,Viêm túi mật mạn
K81.8,Viêm túi mật thể khác
K80.8,Sỏi mật khác
K80.3,Sỏi ống mật có viêm đường mật
K80.4,Sỏi đường mật có viêm túi mật
K80.2,Sỏi túi mật không có viêm túi mật
K80.0,Sỏi túi mật có viêm túi mật cấp
K80.5,Sỏi mật không viêm đường mật hay viêm túi mật
K80.1,Sỏi túi mật có viêm túi mật khác
K86.2,Nang tuỵ
K86.1,Viêm tuỵ mạn thể khác
K86.8,Bệnh đặc hiệu khác của tuỵ
K86.0,Viêm tuỵ mạn do rượu
K86.3,Nang giả tuỵ
K86.9,"Bệnh tuỵ, không đặc hiệu"
K83.1,Tắc ống mật
K83.5,Nang đường mật
K83.3,Rò đường mật
K83.0,Viêm đường mật
K83.4,Co thắt cơ vòng Oddi
K83.9,"Bệnh đường mật, không đặc hiệu"
K83.2,Thủng đường mật
K83.8,Bệnh đặc hiệu khác của đường mật
K38.1,Sỏi ở ruột thừa
K38.9,"Bệnh ruột thừa, không đặc hiệu"
K38.2,Túi thừa của ruột thừa
K38.0,Tăng sản ở ruột thừa
K38.3,Rò ruột thừa
K38.8,Bệnh ruột thừa đặc hiệu khác
K35.2,Viêm ruột thừa cấp kèm viêm phúc mạc toàn bộ
K35.8,"Viêm ruột thừa cấp, khác và không đặc hiệu"
K35.3,Viêm ruột thừa cấp kèm viêm phúc mạc khu trú
K52.0,Viêm dạ dày- ruột và đại tràng do tia xạ
K52.2,Viêm dạ dày- ruột và đại tràng do dị ứng và thức ăn
K52.3,Viêm đại tràng không xác định
K52.1,Viêm dạ dày- ruột và đại tràng do nhiễm độc
K52.9,"Viêm dạ dày- ruột và đại tràng không nhiễm trùng, không đặc hiệu"
K52.8,Viêm dạ dày- ruột và đại tràng không nhiễm trùng đặc hiệu khác
K50.9,"Bệnh Crohn [viêm ruột từng vùng], không đặc hiệu"
K50.1,Bênh Crohn [viêm ruột từng vùng] của đại tràng
K50.8,Bệnh Crohn [viêm ruột từng vùng] khác
K50.0,Bệnh Crohn [viêm ruột từng vùng] của ruột non
K51.3,Viêm loét đại tràng sigma- trực tràng chảy máu (mạn)
K51.0,Viêm loét toàn ruột (mạn tính)
K51.5,Viêm niêm mạc đại- trực tràng
K51.4,Nhiều polyp viêm
K51.2,Viêm loét trực tràng chảy máu (mạn)
K51.8,Viêm loét đại tràng chảy máu khác
K51.9,"Viêm loét đại tràng chảy máu, không đặc hiệu"
K27.4,"Loét dạ dày- tá tràng, vị trí không xác định: Mạn hay không xác định có xuất huyết"
K27.6,"Loét dạ dày- tá tràng, vị trí không xác định: Mạn hay không xác định có xuất huyết và thủng"
K27.1,"Loét dạ dày- tá tràng, vị trí không xác định: Cấp có thủng"
K27.7,"Loét dạ dày- tá tràng, vị trí không xác định: Mạn không có xuất huyết hay thủng"
K27.9,"Loét dạ dày- tá tràng, vị trí không xác định: Không xác định là cấp hay mạn, không xuất huyết hay thủng"
K27.2,"Loét dạ dày- tá tràng, vị trí không xác định: Cấp, kèm cả xuất huyết và thủng"
K27.0,"Loét dạ dày- tá tràng, vị trí không xác định: Cấp có xuất huyết"
K27.3,"Loét dạ dày- tá tràng, vị trí không xác định: Cấp không có xuất huyết hay thủng"
K27.5,"Loét dạ dày- tá tràng, vị trí không xác định: Mạn hay không xác định có thủng"
K31.0,Giãn dạ dày cấp
K31.6,Rò dạ dày và tá tràng
K31.1,Hẹp môn vị do phì đại ở người lớn
K31.4,Túi thừa dạ dày
K31.2,Hẹp dạ dày và chít hẹp dạng đồng hồ cát
K31.7,Polyp dạ dày và tá tràng
K31.8,Bệnh dạ dày và tá tràng đặc hiệu khác
K31.3,"Co thắt môn vị, không phân loại nơi khác"
K31.9,"Bệnh dạ dày và tá tràng, không đặc hiệu"
K31.5,Tắc tá tràng
K29.6,Viêm dạ dày khác
K29.5,"Viêm dạ dày mạn, không đặc hiệu"
K29.4,Viêm teo niêm mạc dạ dày mạn tính
K29.9,"Viêm dạ dày tá tràng, không đặc hiệu"
K29.1,Viêm dạ dày cấp khác
K29.8,Viêm tá tràng
K29.3,Viêm nông niêm mạc dạ dày mạn tính
K29.0,Viêm dạ dày xuất huyết cấp tính
K29.2,Viêm dạ dày do rượu
K29.7,"Viêm dạ dày, không đặc hiệu"
K28.0,Loét dạ dày- hỗng tràng: Cấp có xuất huyết
K28.5,"Loét dạ dày- hỗng tràng: Mạn hay không xác định, có thủng"
K28.6,Loét dạ dày- hỗng tràng: Mạn hay không xác định có xuất huyết và thủng
K28.3,Loét dạ dày- hỗng tràng: Cấp không có xuất huyết hay thủng
K28.9,"Loét dạ dày- hỗng tràng: Không xác định là cấp hay mạn, không xuất huyết hay thủng"
K28.7,Loét dạ dày- hỗng tràng: Mạn không có xuất huyết hay thủng
K28.1,Loét dạ dày- hỗng tràng: Cấp có thủng
K28.4,"Loét dạ dày- hỗng tràng: Mạn hay không xác định, có xuất huyết"
K28.2,"Loét dạ dày- hỗng tràng: Cấp, kèm cả xuất huyết và thủng"
K23.1*,Phình thực quản trong bệnh Chagas (B57.3†)
K23.0*,Viêm thực quản do lao (A18.8†)
K23.8*,Bệnh lý thực quản trong bệnh phân loại nơi khác
K25.0,Loét dạ dày: Cấp có xuất huyết
K25.9,"Loét dạ dày: Không xác định là cấp hay mạn, không xuất huyết hay thủng"
K25.4,Loét dạ dày: Mạn hay không đặc hiệu có xuất huyết
K25.7,Loét dạ dày: Mạn không có xuất huyết hay thủng
K25.6,Loét dạ dày: Mạn hay không xác định có xuất huyết và thủng
K25.1,Loét dạ dày: Cấp có thủng
K25.5,Loét dạ dày: Mạn hay không đặc hiệu có thủng
K25.2,"Loét dạ dày: Cấp, kèm cả xuất huyết và thủng"
K25.3,Loét dạ dày: Cấp không có xuất huyết hay thủng
K22.7,Thực quản Barrett
K22.1,Loét thực quản
K22.5,"Túi thừa thực quản, mắc phải"
K22.2,Tắc nghẽn thực quản
K22.6,Hội chứng rách- chảy máu thực quản- dạ dày
K22.3,Thủng thực quản
K22.0,Co thắt tâm vị
K22.8,Bệnh đặc hiệu khác của thực quản
K22.9,"Bệnh thực quản, không đặc hiệu"
K22.4,Rối loạn vận động thực quản
K21.9,Bệnh trào ngược dạ dày- thực quản không có viêm thực quản
K21.0,Bệnh trào ngược dạ dày- thực quản với viêm thực quản
K26.1,Loét tá tràng: Cấp có thủng
K26.7,Loét tá tràng: Mạn không có xuất huyết hay thủng
K26.9,"Loét tá tràng: Không xác định là cấp hay mạn, không xuất huyết hay thủng"
K26.2,"Loét tá tràng: Cấp, kèm cả xuất huyết và thủng"
K26.3,Loét tá tràng: Cấp không có xuất huyết hay thủng
K26.0,Loét tá tràng: Cấp có xuất huyết
K26.4,Loét tá tràng: Mạn hay không đặc hiệu có xuất huyết
K26.6,Loét tá tràng: Mạn hay không xác định có xuất huyết và thủng
K26.5,Loét tá tràng: Mạn hay không đặc hiệu có thủng
K59.9,"Rối loạn ruột chức năng, không đặc hiệu"
K59.1,Tiêu chảy chức năng
K59.2,"Rối loạn ruột do nguyên nhân thần kinh, không phân loại nơi khác"
K59.4,Co thắt hậu môn
K59.0,Táo bón
K59.3,"Phình đại tràng, không phần loại nơi khác"
K59.8,Rối loạn chức năng ruột đặc hiệu khác
K60.0,Nứt kẽ hậu môn cấp
K60.2,"Nứt ống hậu môn, không đặc hiệu"
K60.5,Rò hậu môn trực tràng
K60.1,Nứt kẽ hậu môn mạn
K60.3,Rò hậu môn
K60.4,Rò trực tràng
K62.8,Bệnh đặc hiệu khác của hậu môn và trực tràng
K62.1,Polyp trực tràng
K62.9,"Bệnh hậu môn và trực tràng, không đặc hiệu"
K62.6,Loét hậu môn và trực tràng
K62.3,Sa trực tràng qua hậu môn
K62.5,Xuất huyết hậu môn và trực tràng
K62.0,Polyp hậu môn
K62.7,Viêm trực tràng do tia xạ
K62.4,Hẹp trực tràng và ống hậu môn
K62.2,Sa hậu môn
K63.0,Áp xe ruột
K63.1,Thủng ruột (không có chấn thương)
K63.4,Sa ruột
K63.3,Loét ruột
K63.8,Bệnh đặc hiệu khác của ruột
K63.2,Rò ruột
K63.9,"Bệnh ruột, không đặc hiệu"
K63.5,Polyp đại tràng
K57.1,"Bệnh túi thừa của ruột non, không thủng hay áp xe"
K57.9,"Bệnh túi thừa của ruột, vị trí không xác định, không thủng hay áp xe"
K57.8,"Bệnh túi thừa của ruột, vị trí không xác định, có thủng và áp xe"
K57.3,"Bệnh túi thừa của đại tràng, không thủng hay áp xe"
K57.4,"Bệnh túi thừa của ruột non và đại tràng, có thủng và áp xe"
K57.2,"Bệnh túi thừa của đại tràng, có thủng và áp xe"
K57.0,"Bệnh túi thừa của ruột non, có thủng và áp xe"
K57.5,"Bệnh túi thừa của cả ruột non và đại tràng, không thủng hay áp xe"
K58.1,"Hội chứng ruột kích thích, với tiêu chảy chủ yếu [IBS- D]"
K58.2,"Hội chứng ruột kích thích, với táo bón chủ yếu [IBS- C]"
K58.3,"Hội chứng ruột kích thích, với tiêu chảy và táo bón chủ yếu [IBS- M]"
K58.8,Hội chứng ruột kích thích khác và không đặc hiệu
K55.9,"Rối loạn mạch máu ở ruột, không đặc hiệu"
K55.0,Rối loạn mạch máu ruột cấp tính
K55.8,Rối loạn mạch máu khác của ruột
K55.2,Loạn sản mạch máu đại tràng
K55.3,Loạn sản mạch máu ruột non
K55.1,Rối loạn mạch máu ruột mạn
K61.4,Áp xe trong cơ thắt hậu môn
K61.2,Áp xe hậu môn trực tràng
K61.1,Áp xe trực tràng
K61.0,Áp xe hậu môn
K61.3,Áp xe ụ ngồi- trực tràng
K56.3,Tắc ruột do sỏi mật
K56.5,Dính ruột [thành dải] có tắc nghẽn
K56.0,Liệt ruột
K56.6,Tắc ruột khác và không xác định
K56.4,Nghẹt ruột khác
K56.1,Lồng ruột
K56.2,Xoắn ruột
K56.7,"Liệt ruột, không đặc hiệu"
K64.1,Trĩ độ II
K64.8,Trĩ xác định khác
K64.3,Trĩ độ IV
K64.2,Trĩ độ III
K64.0,Trĩ độ I
K64.4,Nếp da thừa hậu môn do trĩ sót lại
K64.9,"Trĩ, không đặc hiệu"
K64.5,Huyết khối tĩnh mạch quanh hậu môn
S88.1,Chấn thương đứt lìa tầm giữa khớp gối và cổ chân
S88.0,Chấn thương đứt lìa tầm khớp gối
S88.9,Chấn thương đứt lìa cẳng chân tầm không xác định
S84.8,Tổn thương dây thần kinh khác tại tầm cẳng chân
S84.1,Tổn thương dây thần kinh mác tại tầm cẳng chân
S84.0,Tổn thương dây thần kinh chày tại tầm cẳng chân
S84.2,Tổn thương dây thần kinh cảm giác da tại tầm cẳng chân
S84.9,Tổn thương dây thần kinh không xác định tầm cẳng chân
S84.7,Tổn thương đa dây thần kinh tại tầm cẳng chân
S89.8,Tổn thương xác định khác tại cẳng chân
S89.9,Tổn thương không xác định tại cẳng chân
S89.7,Đa tổn thương tại cẳng chân
S87.8,Tổn thương giập nát phần khác và không xác định của cẳng chân
S87.0,Tổn thương giập nát khớp gối
S86.1,Tổn thương cơ khác và gân nhóm cơ sau tại tầm cẳng chân
S86.0,Tổn thương gân gót (Achilles)
S86.8,Tổn thương cơ khác và gân tại tầm cẳng chân
S86.3,Tổn thương cơ bắp và gân nhóm cơ trước tại tầm cẳng chân
S86.2,Tổn thương cơ khác và gân nhóm cơ trước tại tầm cẳng chân
S86.9,Tổn thương cơ không xác định và gân tầm cẳng chân
S86.7,Tổn thương đa cơ và gân tại tầm cẳng chân
S81.7,Đa vết thương hở chi dưới
S81.9,"Vết thương hở chi dưới, phần không xác định"
S81.0,Vết thương thấu khớp gối
S81.8,Vết thương hở phần khác của chi dưới
S85.7,Tổn thương đa mạch máu tại tầm cẳng chân
S85.8,Tổn thương mạch máu khác tại tầm cẳng chân
S85.2,Tổn thương động mạch mác
S85.4,Tổn thương tĩnh mạch hiển nhỏ tại tầm cẳng chân
S85.9,Tổn thương mạch máu không xác định tại tầm cẳng chân
S85.1,Tổn thương (phía trước) (phía sau) động mạch chày
S85.0,Tổn thương động mạch kheo
S85.5,Tổn thương tĩnh mạch kheo
S85.3,Tổn thương tĩnh mạch hiển lớn tại tầm cẳng chân
S80.8,Tổn thương nông khác tại cẳng chân
S80.9,Tổn thương nông tại cẳng chân không xác định
S80.7,Nhiều (Đa) tổn thương nông tại cẳng chân
S80.1,Đụng giập tại phần khác và không xác định của cẳng chân
S80.0,Đụng giập tại đầu gối
S82.81,"Gãy xương ở các phần khác của cẳng chân, gãy hở"
S82.10,"Gãy đầu trên của xương chày, gãy kín"
S82.2,Gãy thân xương chày
S82.30,"Gãy xương đầu dưới xương chày, gãy kín"
S82.3,Gãy xương đầu dưới xương chày
S82.91,"Gãy xương cẳng chân, phần không xác định, gãy hở"
S82.70,"Gãy nhiều vị trí xương cẳng chân, gãy kín"
S82.60,"Gãy xương mắt cá ngoài, gãy kín"
S82.0,Gãy [vỡ] xương bánh chè
S82.9,"Gãy xương cẳng chân, phần không xác định"
S82.1,Gãy đầu trên của xương chày
S82.8,Gãy xương ở các phần khác của cẳng chân
S82.50,"Gãy xương mắt cá trong, gãy kín"
S82.80,"Gãy xương ở các phần khác của cẳng chân, gãy kín"
S82.40,"Gãy xương mác đơn thuần, gãy kín"
S82.51,"Gãy xương mắt cá trong, gãy hở"
S82.90,"Gãy xương cẳng chân, phần không xác định, gãy kín"
S82.21,"Gãy thân xương chày, gãy hở"
S82.31,"Gãy xương đầu dưới xương chày, gãy hở"
S82.4,Gãy xương mác đơn thuần
S82.00,"Gãy [vỡ] xương bánh chè, gãy kín"
S82.01,"Gãy [vỡ] xương bánh chè, gãy hở"
S82.5,Gãy xương mắt cá trong
S82.41,"Gãy xương mác đơn thuần, gãy hở"
S82.20,"Gãy thân xương chày, gãy kín"
S82.7,Gãy nhiều vị trí xương cẳng chân
S82.71,"Gãy nhiều vị trí xương cẳng chân, gãy hở"
S82.61,"Gãy xương mắt cá ngoài, gãy hở"
S82.6,Gãy xương mắt cá ngoài
S82.11,"Gãy đầu trên của xương chày, gãy hở"
S83.6,Bong gân và căng cơ phần khác và không xác định khớp gối
S83.7,Tổn thương đa cấu trúc khớp gối
S83.3,"Rách sụn khớp gối, hiện tại"
S83.5,Bong gân và căng cơ (phía trước) (phía sau) do tổn thương dây chằng chéo khớp gối
S83.1,Trật khớp gối
S83.4,Bong gân và căng cơ (xương mác) (xương chày) tổn thương phụ dây chằng khớp gối
S83.0,Trật khớp xương bánh chè
S83.2,"Vết rách sụn chêm, hiện tại"
S22.00,"Gãy đốt sống ngực, gãy kín"
S22.1,Gãy nhiều xương cột sống ngực
S22.4,Gãy nhiều xương sườn
S22.8,Gãy các phần khác của xương ngực
S22.81,"Gãy các phần khác của xương ngực, gãy hở"
S22.11,"Gãy nhiều xương cột sống ngực, gãy hở"
S22.40,"Gãy nhiều xương sườn, gãy kín"
S22.0,Gãy đốt sống ngực
S22.31,"Gãy xương sườn, gãy hở"
S22.5,Mảng sườn di động
S22.50,"Mảng sườn di động, gãy kín"
S22.10,"Gãy nhiều xương cột sống ngực, gãy kín"
S22.90,"Gãy xương ngực, phần không xác định, gãy kín"
S22.01,"Gãy đốt sống ngực, gãy hở"
S22.21,"Gãy xương ức, gãy hở"
S22.20,"Gãy xương ức, gãy kín"
S22.9,"Gãy xương ngực, phần không xác định"
S22.51,"Mảng sườn di động, gãy hở"
S22.2,Gãy xương ức
S22.91,"Gãy xương ngực, phần không xác định, gãy hở"
S22.30,"Gãy xương sườn, gãy kín"
S22.80,"Gãy các phần khác của xương ngực, gãy kín"
S22.3,Gãy xương sườn
S22.41,"Gãy nhiều xương sườn, gãy hở"
S25.8,Tổn thương mạch máu khác của ngực
S25.7,Tổn thương mạch máu phức tạp của ngực
S25.1,Tổn thương động mạch vô danh hay dưới đòn
S25.2,Tổn thương tĩnh mạch chủ trên-
S25.0,Tổn thương động mạch chủ ngực
S25.5,Tổn thương mạch máu liên sườn
S25.3,Tổn thương tĩnh mạch nào đó hay tĩnh mạch dưới đòn
S25.4,Tổn thương mạch máu phổi
S25.9,Tổn thương mạch máu không xác định của ngực
S28.1,Chấn thương đứt lìa phần của ngực
S28.0,Giập nát ngực
S23.4,Bong gân và căng cơ của xương sườn và xương ức
S23.2,Trật khớp của các phần không xác định và khác của ngực
S23.5,Bong gân và căng cơ của các phần khác và không xác định của ngực
S23.1,Trật khớp đốt sống ngực
S23.0,Vỡ chấn thương của đĩa liên đốt ngực
S23.3,Bong gân và căng cơ của đốt sống ngực
S26.00,"Tổn thương tim có tràn máu màng tim, không có vết thương mở vào lồng ngực"
S26.80,"Tổn thương khác của tim, không có vết thương mở vào lồng ngực"
S26.01,"Tổn thương tim có tràn máu màng tim, có vết thương mở vào lồng ngực"
S26.9,"Tổn thương tim, không xác định"
S26.8,Tổn thương khác của tim
S26.81,"Tổn thương khác của tim, có vết thương mở vào lồng ngực"
S26.0,Tổn thương tim có tràn máu màng tim
S26.90,"Tổn thương tim, không xác định, không có vết thương mở vào lồng ngực"
S26.91,"Tổn thương tim, không xác định, có vết thương mở vào lồng ngực"
S29.8,Tổn thương xác định khác của ngực
S29.7,Tổn thương phức tạp của ngực
S29.9,Tổn thương không xác định của ngực
S29.0,Tổn thương cơ và gân vùng ngực
S21.8,Vết thương hở ở các phần khác của ngực
S21.9,"Vết thương hở ở ngực, phần không xác định"
S21.7,Đa vết thương hở ở thành ngực
S21.0,Vết thương hở ở vú
S21.2,Vết thương hở ở thành sau ngực
S21.1,Vết thương hở ở thành trước ngực
S24.4,Tổn thương dây thần kinh giao cảm ngực
S24.0,Chấn động và phù của tuỷ sống ngực
S24.3,Tổn thương dây thần kinh ngoại vi của ngực
S24.6,Tổn thương dây thần kinh không xác định của ngực
S24.5,Tổn thương dây thần kinh khác ở ngực
S24.2,Tổn thương rễ thần kinh của đốt sống ngực
S24.1,Tổn thương khác và không xác định của tuỷ sống ngực
S20.1,Tổn thương nông khác và không xác định của vú
S20.4,Tổn thương nông khác của thành sau ngực
S20.2,Đụng giập lồng ngực
S20.8,Tổn thương nông của các phần không xác định của ngực
S20.0,Đụng giập vú
S20.7,Nhiều (Đa) tổn thương nông của ngực
S20.3,Tổn thương nông khác của thành trước ngực
S27.81,"Tổn thương của các cơ quan khác đặc hiệu trong lồng ngực, có vết thương mở vào lồng ngực"
S27.01,"Tràn khí màng phổi do chấn thương, có vết thương mở vào lồng ngực"
S27.71,"Đa tổn thương của các cơ quan trong lồng ngực, có vết thương mở vào lồng ngực"
S27.0,Tràn khí màng phổi do chấn thương
S27.51,"Tổn thương khí quản ngực, có vết thương mở vào ổ ngực"
S27.91,"Tổn thương của cơ quan trong lồng ngực không xác định, có vết thương mở vào lồng ngực"
S27.60,"Tổn thương màng phổi, không có vết thương mở vào ổ ngực"
S27.21,"Tràn khí tràn máu màng phổi sau chấn thương, có vết thương mở vào lồng ngực"
S27.20,"Tràn khí tràn máu màng phổi sau chấn thương, không có vết thương mở vào lồng ngực"
S27.61,"Tổn thương màng phổi, có vết thương mở vào ổ ngực"
S27.2,Tràn khí tràn máu màng phổi sau chấn thương
S27.5,Tổn thương khí quản ngực
S27.30,"Tổn thương khác của phổi, không có vết thương mở vào lồng ngực"
S27.90,"Tổn thương của cơ quan không xác định trong lồng ngực, không có vết thương mở vào lồng ngực"
S27.7,Đa tổn thương của các cơ quan trong lồng ngực
S27.9,Tổn thương của cơ quan không xác định trong lồng ngực
S27.4,Tổn thương phế quản
S27.50,"Tổn thương khí quản ngực, không có vết thương mở vào ổ ngực"
S27.00,"Tràn khí màng phổi do chấn thương, không có vết thương mở vào lồng ngực"
S27.80,"Tổn thương của các cơ quan khác đặc hiệu trong lồng ngực, không có vết thương mở vào lồng ngực"
S27.31,"Tổn thương khác của phổi, có vết thương mở vào lồng ngực"
S27.3,Tổn thương khác của phổi
S27.70,"Đa tổn thương của các cơ quan trong lồng ngực, không có vết thương mở vào lồng ngực"
S27.6,Tổn thương màng phổi
S27.10,"Tràn máu phổi do chấn thương, không có vết thương mở vào lồng ngực"
S27.41,"Tổn thương phế quản, có vết thương mở vào ổ ngực"
S27.11,"Tràn máu phổi do chấn thương, có vết thương mở vào lồng ngực"
S27.8,Tổn thương của các cơ quan xác định khác trong lồng ngực
S27.1,Tràn máu phổi do chấn thương
S27.40,"Tổn thương phế quản, không có vết thương mở vào lồng ngực"
T79.9,Biến chứng sớm không xác định của chấn thương
T79.0,Thuyên tắc mạch do khí (sau chấn thương)
T79.7,Tràn khí dưới da do chấn thương
T79.5,Vô niệu do chấn thương
T79.8,Biến chứng sớm khác của chấn thương
T79.2,Chấn thương thứ phát và chảy máu tái diễn
T79.4,Sốc chấn thương
T79.1,Thuyên tắc mạch do mỡ (sau chấn thương)
T79.6,Thiếu máu của cơ do chấn thương
T79.3,"Nhiễm trùng vết thương sau chấn thương, không phân loại nơi khác"
S59.8,Tổn thương khác được xác định ở cẳng tay
S59.7,Đa tổn thương cẳng tay
S59.9,Tổn thương không xác định ở cẳng tay
S51.8,Vết thương hở ở phần khác của cẳng tay
S51.7,Đa vết thương hở ở cẳng tay
S51.9,"Vết thương hở cẳng tay, phần không xác định"
S51.0,Vết thương hở ở khuỷu tay
S50.8,Tổn thương khác cẳng tay
S50.7,Nhiều (Đa) tổn thương nông ở cẳng tay
S50.9,"Tổn thương nông cẳng tay, không xác định"
S50.1,Đụng giập khác và phần không xác định của cẳng tay
S50.0,Đụng giập ở khuỷu tay
S55.2,Tổn thương tĩnh mạch ở tầm cẳng tay
S55.0,Tổn thương động mạch trụ ở tầm cẳng tay
S55.8,Tổn thương mạch máu khác ở tầm cẳng tay
S55.7,Tổn thương đa mạch máu ở tầm cẳng tay
S55.9,Tổn thương mạch máu không xác định ở tầm cẳng tay
S55.1,Tổn thương động mạch quay ở tầm cẳng tay
S57.0,Tổn thương giập nát ở khuỷu tay
S57.8,Tổn thương giập nát ở phần khác cẳng tay
S57.9,"Tổn thương giập nát ở cẳng tay, phần không xác định"
S53.3,Chấn thương đứt dây chằng bên trụ
S53.1,"Trật khớp khuỷu, không xác định"
S53.0,Trật chỏm quay
S53.2,Chấn thương đứt dây chằng bên quay
S53.4,Bong gân và căng cơ khuỷu tay
S58.1,Chấn thương đứt lìa ở tầm giữa khuỷu và cổ tay
S58.0,Chấn thương đứt lìa ở tầm khuỷu tay
S58.9,"Chấn thương đứt lìa ở cẳng tay, tầm không xác định"
S56.5,Tổn thương gân và cơ duỗi khác ở tầm cẳng tay
S56.7,Tổn thương đa gân và cơ ở tầm cẳng tay
S56.3,Tổn thương gân và cơ duỗi và cơ giạng ngón tay cái ở tầm cẳng tay
S56.8,Tổn thương các gân và cơ khác và không xác định tầm cẳng tay
S56.0,Tổn thương gân và cơ gấp ngón tay cái ở tầm cẳng tay
S56.1,Tổn thương gân và cơ gấp dài (các) ngón tay khác ở tầm cẳng tay
S56.2,Tổn thương gân và cơ gấp khác ở tầm cẳng tay
S56.4,Tổn thương gân và cơ duỗi ngón khác ở tầm cẳng tay
S52.6,Gãy xương đầu dưới cả xương trụ và xương quay
S52.61,"Gãy xương đầu dưới cả xương trụ và xương quay, gãy hở"
S52.81,"Gãy phần khác của xương cẳng tay, gãy hở"
S52.10,"Gãy xương đầu trên của xương quay, gãy kín"
S52.70,"Gãy nhiều vị trí xương cẳng tay, gãy kín"
S52.2,Gãy thân xương trụ
S52.7,Gãy nhiều vị trí xương cẳng tay
S52.20,"Gãy thân xương trụ, gãy kín"
S52.51,"Gãy xương đầu dưới xương quay, gãy hở"
S52.0,Gãy xương đầu trên của xương trụ
S52.1,Gãy xương đầu trên của xương quay
S52.01,"Gãy xương đầu trên của xương trụ, gãy hở"
S52.31,"Gãy thân xương quay, gãy hở"
S52.91,"Gãy xương cẳng tay, phần không xác định, gãy hở"
S52.71,"Gãy nhiều vị trí xương cẳng tay, gãy hở"
S52.40,"Gãy thân cả xương trụ và xương quay, gãy kín"
S52.4,Gãy thân cả xương trụ và xương quay
S52.50,"Gãy xương đầu dưới xương quay, gãy kín"
S52.41,"Gãy thân cả xương trụ và xương quay, gãy hở"
S52.21,"Gãy thân xương trụ, gãy hở"
S52.80,"Gãy phần khác của xương cẳng tay, gãy kín"
S52.8,Gãy xương phần khác của cẳng tay
S52.11,"Gãy xương đầu trên của xương quay, gãy hở"
S52.30,"Gãy thân xương quay, gãy kín"
S52.3,Gãy thân xương quay
S52.5,Gãy xương đầu dưới xương quay
S52.90,"Gãy xương cẳng tay, phần không xác định, gãy kín"
S52.00,"Gãy xương đầu trên của xương trụ, gãy kín"
S52.9,"Gãy xương cẳng tay, phần không xác định"
S52.60,"Gãy xương đầu dưới cả xương trụ và xương quay, gãy kín"
S54.3,Tổn thương dây thần kinh cảm giác da ở tầm cẳng tay
S54.0,Tổn thương thần kinh trụ ở tầm cẳng tay
S54.8,Tổn thương dây thần kinh khác ở tầm cẳng tay
S54.9,Tổn thương dây thần kinh không xác định ở tầm cẳng tay
S54.1,Tổn thương thần kinh giữa ở tầm cẳng tay
S54.7,Tổn thương đa dây thần kinh ở tầm cẳng tay
S54.2,Tổn thương thần kinh quay ở tầm cẳng tay
T70.4,Tác động của áp lực dịch cao
T70.2,Tác dụng khác và không xác định của độ cao
T70.9,Tác động áp lực khí và áp lực nước không xác định
T70.8,Tác động khác của áp lực khí và áp lực nước
T70.3,Bệnh do thùng lặn (bệnh lý do giảm áp)
T70.1,Viêm xoang do chấn thương khí áp
T70.0,Viêm tai do chấn thương khí áp
T69.8,Tác dụng xác định khác của hạ nhiệt
T69.1,Bệnh cước
T69.9,"Tác dụng hạ nhiệt, không xác định"
T69.0,Ngâm nước bàn tay và bàn chân
T75.2,Tác động của chấn động
T75.4,Tác động của dòng điện
T75.1,Đuối nước và ngập nước không chết
T75.8,Tác động xác định khác của nguyên nhân ngoại sinh khác
T75.0,Tác động của tia chớp sét
T75.3,Chứng say tàu xe
T67.3,"Suy kiệt do nhiệt, giảm tiết mồ hôi"
T67.0,Đột quỵ do nhiệt và say nắng
T67.5,"Suy kiệt do nhiệt, không xác định"
T67.1,Ngất do nhiệt
T67.2,Chuột rút do nhiệt
T67.9,"Tác động nhiệt và ánh sáng, không xác định"
T67.7,Phù do nhiệt
T67.8,Tác động khác của nhiệt và ánh sáng
T67.4,Suy kiệt do nhiệt bởi mất muối
T67.6,"Mệt do nhiệt, nhất thời"
T73.0,Tác động của đói
T73.3,Kiệt sức do cố gắng quá sức
T73.2,Kiệt sức do phơi nhiễm
T73.8,Tác động khác của thiếu hụt
T73.9,Tác dụng thiếu hụt không xác định
T73.1,Tác động của khát
T78.0,Sốc phản vệ do phản ứng phụ của thực phẩm
T78.1,"Phản ứng phụ khác của thực phẩm, không phân loại nơi khác"
T78.3,Phù nề do rối loạn thần kinh huyết quản
T78.2,"Sốc phản vệ, không xác định"
T78.4,Dị ứng không xác định
T78.9,Tác dụng phụ không xác định
T78.8,"Tác dụng phụ khác, không phân loại nơi khác"
T74.9,"Hội chứng bị ngược đãi, không xác định"
T74.3,Lạm dụng tâm lý
T74.8,Các hội chứng bị ngược đãi khác
T74.2,Lạm dụng tình dục
T74.0,Bỏ bê hoặc bỏ rơi
T74.1,Lạm dụng thể lực
S48.0,Chấn thương đứt lìa khớp vai
S48.9,"Chấn thương đứt lìa ở vai và cánh tay trên, tầm không xác định"
S48.1,Chấn thương cát cụt tại giữa vai và khuỷu
S43.4,Bong gân và giãn khớp của vai
S43.2,Trật khớp ức- đòn
S43.7,Bong gân và giãn khớp của các phần khác và không xác định của vòng ngực
S43.1,Trật khớp mỏm cùng vai- đòn
S43.3,Trật khớp các phần không xác định và các phần khác của vòng ngực
S43.5,Bong gân và giãn khớp mỏm cùng vai- đòn
S43.0,Trật khớp vai
S43.6,Bong gân và căng cơ của khớp ức đòn
S46.3,Tổn thương cơ và gân cơ tam đầu
S46.9,Tổn thương cơ và gân không xác định tại vai và cánh tay trên
S46.2,Tổn thương cơ và gân của các phần khác của cơ nhị đầu
S46.0,Tổn thương của các cơ và gân dải quay của vai
S46.1,Tổn thương cơ và gân của đầu dài cơ nhị đầu
S46.8,Tổn thương các cơ và gân khác tại vai và cánh tay trên
S46.7,Tổn thương nhiều cơ và gân tại vai và cánh tay trên
S44.8,Tổn thương các dây thần kinh khác tại vai và cánh tay trên
S44.0,Tổn thương thần kinh trụ tại tầm cánh tay
S44.7,Tổn thương nhiều dây thần kinh tại vai và cánh tay trên
S44.9,Tổn thương dây thần kinh không xác định tại vai và cánh tay trên
S44.2,Tổn thương thần kinh quay tại cánh tay trên
S44.3,Tổn thương dây thần kinh hố nách
S44.5,Tổn thương dây thần kinh cảm giác- da tai vai và cánh tay trên
S44.4,Tổn thương dây thần kinh cơ- da
S44.1,Tổn thương dây thần kinh giữa tại cánh tay trên
S49.9,Tổn thương không xác định ở vai và cánh tay trên
S49.7,Đa tổn thương ở vai và cánh tay trên
S49.8,Tổn thương xác định khác ở vai và cánh tay trên
S45.9,Tổn thương mạch máu không xác định tại vai và cánh tay trên
S45.1,Tổn thương động mạch cánh tay
S45.0,Tổn thương động mạch nách
S45.3,Tổn thương tĩnh mạch máu nông tại vai hay cánh tay trên
S45.2,Tổn thương tĩnh mạch nách hay cánh tay
S45.8,Tổn thương các máchmau khác tại vai và cánh tay trên
S45.7,Tổn thương nhiều mạch máu tại vai và cánh tay trên
S40.8,Tổn thương nông khác của vai và cánh tay
S40.9,"Tổn thương nông của vai và cánh tay, không xác định"
S40.7,Nhiều (Đa) tổn thương nông ở vai và cánh tay
S40.0,Đụng giập vai và cánh tay
S41.8,Vết thương hở của các phần khác và không xác định của thành ngực
S41.1,Vết thương hở của cánh tay
S41.7,Vết thương hở phức tạp của vai và cánh tay
S41.0,Vết thương hở của vai
S42.30,"Gãy thân xương cánh tay, gãy kín"
S42.8,Gãy các phần khác của xương vai và xương cánh tay
S42.4,Gãy đầu dưới xương cánh tay
S42.40,"Gãy đầu dưới xương cánh tay, gãy kín"
S42.00,"Gãy xương đòn, gãy kín"
S42.7,"Gãy nhiều xương đòn, xương vai và xương cánh tay"
S42.1,Gãy xương vai
S42.01,"Gãy xương đòn, gãy hở"
S42.10,"Gãy xương vai, gãy kín"
S42.91,"Gãy xương của vòng ngực, phần không xác định, gãy hở"
S42.3,Gãy thân xương cánh tay
S42.71,"Gãy nhiều xương đòn, xương vai và xương cánh tay, gãy hở"
S42.9,"Gãy xương của vòng ngực, phần không xác định"
S42.11,"Gãy xương vai, gãy hở"
S42.2,Gãy đầu trên xương cánh tay
S42.31,"Gãy thân xương cánh tay, gãy hở"
S42.0,Gãy xương đòn
S42.70,"Gãy nhiều xương đòn, xương vai và xương cánh tay, gãy kín"
S42.20,"Gãy đầu trên xương cánh tay, gãy kín"
S42.21,"Gãy đầu trên xương cánh tay, gãy hở"
S42.90,"Gãy xương của vòng ngực, phần không xác định, gãy kín"
S42.80,"Gãy các phần khác của xương vai và xương cánh tay, gãy kín"
S42.81,"Gãy các phần khác của xương vai và xương cánh tay, gãy hở"
S42.41,"Gãy đầu dưới xương cánh tay, gãy hở"
T50.5,Ngộ độc Thuốc giảm ngon miệng
T50.7,Ngộ độc Thuốc hồi sức và đối kháng cảm thụ opioid
T50.1,Ngộ độc Thuốc lợi niệu quai tiểu quản thận
T50.4,Ngộ độc Thuốc tác động chuyển hoá acid uric
T50.2,"Ngộ độc Thuốc ức chế anhydrase carbonic, benzothladiazid và lợi tiểu khác"
T50.0,Ngộ độc Thuốc Mineralocorticoid và chất đối kháng
T50.8,Ngộ độc Các tác nhân chẩn đoán
T50.9,"Ngộ độc thuốc, dược phẩm và chất sinh học khác khác và không xác định"
T50.6,"Ngộ độc Thuốc giải độc và tác nhân giải độc, không phân loại nơi khác"
T50.3,"Ngộ độc: Các tác nhân cân bằng điện giải, năng lượng và nước"
T38.3,Ngộ độc Insulin và thuốc hạ đường huyết uống (chống đái tháo đường)
T38.0,Ngộ độc glucocorticoid và chất tổng hợp tương tự
T38.1,Ngộ độc hormon tuyến giáp và chất thay thế
T38.2,Ngộ độc thuốc kháng giáp
T38.7,Ngộ độc androgen và sản phẩm đồng hoá tương tự
T38.6,"Ngộ độc thuốc kháng gonadotropin, kháng estrogen, kháng androgen, không phân loại nơi khác"
T38.9,Ngộ độc hormon đối kháng và không xác định
T38.8,Ngộ độc hormon và chất tổng hợp thay thế khác và không xác định
T38.4,Ngộ độc thuốc tránh thai uống
T38.5,Ngộ độc estrogen và progestogen khác
T49.2,Ngộ độc Thuốc làm săn da tại chỗ và thuốc sát trùng tại chỗ
T49.9,"Ngộ độc Thuốc dùng tại chỗ, không xác định"
T49.1,Ngộ độc Thuốc chống ngứa
T49.6,"Ngộ độc Thuốc và chế phẩm điều trị tai, mũi, họng"
T49.7,Ngộ độc Thuốc nha khoa bôi tại chỗ
T49.0,"Ngộ độc Thuốc chống nấm, chống nhiễm trùng, chống viêm tại chỗ, không phân loại khác"
T49.8,Ngộ độc Thuốc dùng tại chỗ khác
T49.5,Ngộ độc Thuốc và chế phẩm điều trị mắt
T49.4,"Ngộ độc Thuốc làm tróc lớp sừng, tạo hình lớp sừng và thuốc và các chế phẩm điều trị tóc khác"
T49.3,"Ngộ độc Thuốc làm mềm da, làm dịu da và bảo vệ da"
T47.5,Ngộ độc thuốc Lợi tiêu hoá
T47.2,Ngộ độc thuốc Kích thích nhuận tràng
T47.6,Ngộ độc Thuốc chống tiêu chảy
T47.3,Ngộ độc thuốc Nhuận tràng thẩm thấu và muối
T47.0,Ngộ độc Chất đối kháng thụ cảm Histamin H2
T47.7,Ngộ độc Chất gây nôn
T47.9,"Ngộ độc Thuốc tác động chủ yếu trên hệ thống tiêu hoá, không xác định"
T47.4,Ngộ độc thuốc Nhuận tràng khác
T47.8,Ngộ độc Thuốc khác tác động chủ yếu trên hệ thống tiêu hoá
T47.1,Ngộ độc Thuốc chống acid và chống tiết dịch vị khác
T41.3,Ngộ độc do Thuốc tê tại chỗ
T41.1,Ngộ độc do Gây mê đường tĩnh mạch
T41.0,Ngộ độc do Gây mê đường thở
T41.5,Ngộ độc do Khí trị liệu
T41.4,"Ngộ độc do Gây mê, không xác định"
T41.2,Ngộ độc do Gây mê toàn thân khác và không xác định
T46.6,Ngộ độc Thuốc hạ lipid máu và chống xơ cứng động mạch
T46.3,"Ngộ độc Thuốc giãn động mạch vành, không phân loại nơi khác"
T46.1,Ngộ độc thuốc Chẹn calci
T46.7,Ngộ độc thuốc Giãn động mạch ngoại vi
T46.8,"Ngộ độc Thuốc chống giãn tĩnh mạch, kể cả thuốc xơ cứng"
T46.9,Ngộ độc Thuốc tác động chủ yếu hệ thống tim mạch khác và không xác định
T46.5,"Ngộ độc Thuốc hạ huyết áp khác, không phân loại nơi khác"
T46.0,Ngộ độc Glycosid kích thích tim và thuốc tác dụng tương tự
T46.2,"Ngộ độc Thuốc chống loạn nhịp khác, không phân loại nơi khác"
T46.4,Ngộ độc thuốc Ức chế men chuyển đổi angiotensin
T48.6,"Ngộ độc Thuốc trị hen, không phân loại nơi khác"
T48.5,Ngộ độc Thuốc chống cảm lạnh
T48.1,Ngộ độc Thuốc giãn cơ (thuốc ức chế thần kinh cơ)
T48.4,Ngộ độc thuốc Long đờm
T48.2,Ngộ độc Thuốc chủ yếu tác động trên cơ khác và không xác định
T48.0,Ngộ độc Thuốc trợ đẻ
T48.3,Ngộ độc thuốc Chống ho
T48.7,Ngộ độc Thuốc tác động chủ yếu trên hệ hô hấp khác và không xác định
T45.4,Ngộ độc Sắt và thành phẩm
T45.9,Ngộ độc Thuốc dùng chủ yếu toàn thân và huyết học không xác định
T45.5,Ngộ độc thuốc Chống đông máu
T45.1,Ngộ độc Thuốc chống ung thư và thuốc ức chế miễn dịch
T45.3,"Ngộ độc các Enzym, không phân loại nơi khác"
T45.2,"Ngộ độc Vitamin, không phân loại nơi khác"
T45.6,Ngộ độc Thuốc tác động phân huỷ fibrin
T45.8,Ngộ độc Thuốc dùng chủ yếu toàn thân và huyết học khác
T45.0,Ngộ độc Thuốc chống nôn và chống dị ứng
T45.7,"Ngộ độc thuốc Đối kháng chống đông máu, vitamin K, chống đông máu khác"
T37.0,Ngộ độc Sulfonamid
T37.4,Ngộ độc thuốc chống giun sán
T37.1,Ngộ độc thuốc chống Mycobacterial
T37.8,Ngộ độc thuốc chống nhiễm trùng và chống ký sinh trùng khác dùng toàn thân đã xác định
T37.9,Ngộ độc thuốc chống nhiễm trùng và ký sinh trùng khác dùng toàn thân không xác định
T37.2,Ngộ độc thuốc chống sốt rét và thuốc tác động trên đơn bào máu khác
T37.5,Ngộ độc thuốc chống vi rút
T37.3,Ngộ độc thuốc chống đơn bào khác
T43.1,Ngộ độc thuốc Chống trầm cảm nhóm ức chế men IMAO
T43.9,"Ngộ độc Thuốc hướng tâm thần, không xác định"
T43.3,Ngộ độc thuốc Phenothiazin thuốc tâm thần và an thần
T43.6,Ngộ độc thuốc Kích thích tâm thần có khả năng lạm dụng thuốc
T43.0,Ngộ độc thuốc Chống trầm cảm ba vòng và bốn vòng
T43.8,"Ngộ độc Thuốc tâm thần khác, không phân loại nơi khác"
T43.5,Ngộ độc Thuốc tâm thần và an thần khác và không xác định
T43.4,Ngộ độc Thuốc an thần butyrophenon và thioxanthen
T43.2,Ngộ độc thuốc Chống trầm cảm khác và không xác định
T42.3,Ngộ độc Barbiturat
T42.0,Ngộ độc do Dẫn xuất hydantoin
T42.1,Ngộ độc do Iminostiben
T42.2,Ngộ độc do Succinimid và oxazoildinedion
T42.5,"Ngộ độc Hỗn hợp chống động kinh, không phân loại nơi khác"
T42.6,Ngộ độc Thuốc chống động kinh an thần gây ngủ khác
T42.7,"Ngộ độc Thuốc chống động kinh, an thần gây ngủ, không xác định"
T42.4,Ngộ độc Benzodiazepin
T42.8,Ngộ độc Thuốc chống hội chứng Parkinson và thuốc ức chế trương lực cơ trung tâm khác
T39.0,Ngộ độc Salicylat
T39.4,"Ngộ độc thuốc Chống thấp khớp, không phân loại nơi khác"
T39.8,"Ngộ độc Thuốc giảm đau không opioid hạ nhiệt khác, không phân loại nơi khác"
T39.2,Ngộ độc chất Dẫn xuất pyrazolone
T39.9,"Ngộ độc Thuốc giảm đau không opioid, hạ nhiệt và chống thấp khớp không xác định"
T39.3,Ngộ độc Thuốc chống viêm không steroid (NSAID) khác
T39.1,Ngộ độc chất Dẫn xuất 4- aminophenol
T40.7,Ngộ độc Cannabis (dẫn xuất)
T40.9,Ngộ độc Thuốc gây ảo giác (sinh ảo giác) khác và không xác định
T40.3,Ngộ độc Methadon
T40.4,Ngộ độc Thuốc gây nghiện tổng hợp khác
T40.5,Ngộ độc Cocain
T40.2,Ngộ độc Thuốc có thuốc phiện khác
T40.0,Ngộ độc Opium (thuốc phiện)
T40.1,Ngộ độc Heroin
T40.8,Ngộ độc Lysergid [LSD]
T40.6,Ngộ độc Thuốc gây nghiện khác và không xác định
T36.4,Ngộ độc kháng sinh Tetracyclin
T36.5,Ngộ độc kháng sinh Aminoglycosid
T36.6,Ngộ độc kháng sinh Rifamycin
T36.9,Ngộ độc kháng sinh toàn thân không xác định
T36.3,Ngộ độc kháng sinh Macrolid
T36.0,Ngộ độc kháng sinh Penicillin
T36.1,Ngộ độc kháng sinh Cefalosporin và kháng sinh beta- lactam khác
T36.2,Ngộ độc kháng sinh nhóm Chloramphenicol
T36.7,Ngộ độc kháng sinh chống nấm toàn thân
T36.8,Ngộ độc kháng sinh toàn thân khác
T44.3,"Ngộ độc Thuốc huỷ phó giao cảm (chống tiết cholin và chống ngộ độc muscarinin) và giảm co cứng, không phân loại nơi khác"
T44.5,"Ngộ độc thuốc Chủ yếu đối kháng receptor beta- adrenalin, không phân loại nơi khác"
T44.7,"Ngộ độc thuốc Đối kháng receptor beta- adrenalin, không phân loại nơi khác"
T44.8,"Ngộ độc thuốc Tác động trung tâm và thuốc chẹn thần kinh gây tiết adrenalin, không phân loại nơi khác"
T44.9,Ngộ độc Thuốc tác động chủ yếu hệ thần kinh tự chủ khác và không xác định
T44.2,"Ngộ độc Thuốc chẹn hạch, không phân loại nơi khác"
T44.1,Ngộ độc Thuốc giống phó giao cảm khác [cholinergics]
T44.4,"Ngộ độc Chủ yếu đối kháng- receptor alpha- adrenalin, không phân loại nơi khác"
T44.6,"Ngộ độc thuốc Đối kháng receptor alpha adrenalin, không phân loại nơi khác"
T44.0,Ngộ độc Thuốc kháng cholinesterase
S15.0,Tổn thương động mạch cảnh
S15.8,Tổn thương nhiều mạch máu khác vùng cổ
S15.1,Tổn thương động mạch đốt sống
S15.7,Tổn thương nhiều mạch máu vùng cổ
S15.2,Tổn thương tĩnh mạch cảnh ngoài
S15.3,Tổn thương tĩnh mạch cảnh trong
S15.9,Tổn thương mạch máu không xác định vùng cổ
S19.7,Tổn thương phức tạp của cổ
S19.8,Tổn thương xác định khác của cổ
S19.9,Tổn thương không xác định ở cổ
S13.5,Bong gân và căng cơ vùng giáp
S13.0,Vỡ đĩa liên đốt sống cổ do chấn thương
S13.4,Bong gân và căng cơ quá mức của đốt sống cổ
S13.6,Bong gân và căng khớp và dây chằng của các phần khác và không xác định của cổ
S13.1,Trật khớp đốt sống cổ
S13.3,Trật khớp phức tạp của cổ
S13.2,Trật khớp của các phần khác và không xác định của cổ
S12.1,Gãy đốt sống cổ thứ hai
S12.01,"Gãy đốt sống cổ thứ nhất, gãy hở"
S12.80,"Gãy xương các phần khác của cổ, gãy kín"
S12.2,Gãy đốt sống cổ xác định khác
S12.71,"Gãy nhiều đốt sống cổ, gãy hở"
S12.91,"Gãy cổ, phần không xác định, gãy hở"
S12.10,"Gãy đốt sống cổ thứ hai, gãy kín"
S12.21,"Gãy đốt sống cổ xác định khác, gãy hở"
S12.8,Gãy các phần khác của cổ
S12.9,"Gãy cổ, phần không xác định"
S12.81,"Gãy các phần khác của cổ, gãy hở"
S12.70,"Gãy nhiều đốt sống cổ, gãy kín"
S12.20,"Gãy đốt sống cổ xác định khác, gãy kín"
S12.90,"Gãy cổ, phần không xác định, gãy kín"
S12.0,Gãy đốt sống cổ thứ nhất
S12.00,"Gãy đốt sống cổ thứ nhất, gãy kín"
S12.11,"Gãy đốt sống cổ thứ hai, gãy hở"
S12.7,Gãy nhiều đốt sống cổ
S11.9,"Vết thương hở ở cổ, phần không xác định"
S11.8,Vết thương hở của các phần khác ở cổ
S11.2,Vết thương hở liên quan đến họng và thực quản phần cổ
S11.1,Vết thương hở liên quan đến tuyến giáp
S11.7,Đa vết thương hở ở cổ
S11.0,Vết thương hở liên quan đến thanh quản và khí quản
S14.4,Tổn thương đám rối thần kinh ngoại biên của cổ
S14.3,Tổn thương đám rối thần kinh cánh tay
S14.0,Chấn động và phù tuỷ sống cổ
S14.1,Tổn thương khác và không xác định của tuỷ sống cổ
S14.6,Tổn thương các dây thần kinh cổ khác và không xác định
S14.2,Tổn thương rễ thần kinh của đốt sống cổ
S14.5,Tổn thương dây thần kinh giao cảm cổ
S10.7,Nhiều (Đa) tổn thương nông của cổ
S10.0,Đụng giập họng
S10.9,"Tổn thương nông của cổ, phần không xác định"
S10.8,Tổn thương nông của các phần khác của cổ
S10.1,Tổn thương nông khác và không xác định của họng
S17.0,Tổn thương giập nát của thanh quản và phế quản
S17.9,"Tổn thương giập nát ở cổ, phần không xác định"
S17.8,Tổn thương giập nát các phần khác của cổ
T13.8,"Tổn thương khác đã xác định tại chi dưới, tầm không xác định"
T13.4,"Tổn thương mạch máu không xác định tại chi dưới, tầm không xác định"
T13.6,"Chấn thương đứt lìa tại chi dưới, tầm không xác định"
T13.1,"Vết thương hở chi dưới, tầm không xác định"
T13.2,"Trật khớp, bong gân và căng cơ khớp không xác định và dây chằng chi dưới, tầm không xác định"
T13.3,"Tổn thương dây thần kinh không xác định tại chi dưới, tầm không xác định"
T13.9,"Tổn thương không xác định tại chi dưới, tầm không xác định"
T13.5,"Tổn thương cơ bắp không xác định và gân tại chi dưới, tầm không xác định"
T13.0,"Tổn thương nông chi dưới, tầm không xác định"
T11.2,"Trật khớp, bong gân và căng cơ khớp không xác định và dây chằng chi trên, tầm không xác định"
T11.8,"Tổn thương khác đã xác định tại chi trên, tầm không xác định"
T11.5,"Tổn thương cơ không xác định và gân tại chi trên, tầm không xác định"
T11.4,"Tổn thương mạch máu không xác định tại chi trên, tầm không xác định"
T11.9,"Tổn thương không xác định tại chi trên, tầm không xác định"
T11.6,"Chấn thương đứt lìa chi trên, tầm không xác định"
T11.0,"Tổn thương nông chi trên, tầm không xác định"
T11.3,"Tổn thương dây thần kinh không xác định tại chi trên, tầm không xác định"
T11.1,"Vết thương hở chi trên, tầm không xác định"
T14.0,Tổn thương nông tại vùng cơ thể không xác định
T14.4,Tổn thương (nhiều) dây thần kinh vùng cơ thể không xác định
T14.5,Tổn thương mạch máu vùng cơ thể không xác định
T14.7,Tổn thương giập nát và chấn thương đứt lìa vùng cơ thể không xác định
T14.8,Tổn thương khác của vùng cơ thể không xác định
T14.21,"Gãy xương không xác định vùng cơ thể, gãy hở"
T14.20,"Gãy xương không xác định vùng cơ thể, gãy kín"
T14.1,Vết thương hở không xác định vùng cơ thể
T14.9,"Tổn thương, không xác định"
T14.6,Tổn thương gân và cơ bắp cùng cơ thể không xác định
T14.3,"Trật khớp, bong gân và căng cơ vùng cơ thể không xác định"
T14.2,Gãy xương không xác định vùng cơ thể
T08.1,"Gãy cột sống, mức độ không xác định, gãy hở"
T08.0,"Gãy cột sống, mức độ không xác định, gãy kín"
T120,"Gãy xương chi dưới, tầm không xác định: gãy kín"
T121,"Gãy xương chi dưới, tầm không xác định: gãy hở"
T09.1,"Vết thương hở ở thân, tầm không xác định"
T09.5,Tổn thương không xác định cơ và gân của thân
T09.9,"Tổn thương không xác định của thân, tầm không xác định"
T09.3,"Tổn thương cột sống, tầm không xác định"
T09.2,"Trật khớp, bong gân và căng cơ của khớp không xác định và dây chằng của thân"
T09.0,"Tổn thương nông tại thân, tầm không xác định"
T09.6,"Chấn thương đứt lìa của thân, tầm không xác định"
T09.4,"Tổn thương dây thần kinh không xác định, rễ dây thần kinh cột sống và tùng của thân"
T09.8,"Tổn thương khác xác định tại thân, tầm không xác định"
T10.0,"Gãy xương của chi trên, tầm không xác định, gãy kín"
T10.1,"Gãy xương của chi trên, tầm không xác định, gãy hở"
S32.80,"Gãy các phần không xác định và khác của gai thắt lưng và chậu, gãy kín"
S32.71,"Gãy nhiều xương ở cột sống thắt lưng và vùng chậu, gãy hở"
S32.51,"Gãy xương mu, gãy hở"
S32.8,Gãy các phần không xác định và khác của gai thắt lưng và chậu
S32.31,"Gãy xương chậu, gãy hở"
S32.81,"Gãy các phần không xác định và khác của gai thắt lưng và chậu, gãy hở"
S32.11,"Gãy xương cùng, gãy hở"
S32.21,"Gây xương cụt, gãy hở"
S32.0,Gãy đốt sống thắt lưng
S32.30,"Gãy xương chậu, gãy kín"
S32.20,"Gây xương cụt, gãy kín"
S32.70,"Gãy nhiều xương ở cột sống thắt lưng và vùng chậu, gãy kín"
S32.41,"Gãy xương ổ cối, gãy hở"
S32.5,Gãy xương mu
S32.1,Gãy xương cùng
S32.50,"Gãy xương mu, gãy kín"
S32.01,"Gãy sống thắt lưng, gãy hở"
S32.00,"Gãy sống thắt lưng, gãy kín"
S32.4,Gãy xương ổ cối
S32.3,Gãy xương chậu
S32.40,"Gãy xương ổ cối, gãy kín"
S32.2,Gây xương cụt
S32.10,"Gãy xương cùng, gãy kín"
S32.7,Gãy nhiều xương ở cột sống thắt lưng và khung chậu
S39.7,"Tổn thương phức tạp ở vùng bụng, lưng dưới và vùng chậu"
S39.9,"Tổn thương không xác định ở vùng bụng, lưng dưới và vùng chậu"
S39.8,"Tổn thương xác định khác của bụng, lưng dưới và chậu"
S39.0,"Tổn thương của cơ và gân ở vùng bụng, lưng dưới và vùng chậu"
S39.6,Tổn thương (các) cơ quan trong ổ bụng và (các) cơ quan chậu
S31.7,"Đa vết thương hở của bụng, lưng dưới và vùng chậu"
S31.5,Vết thương hở của các cơ quan sinh dục ngoài khác và không xác định
S31.8,Vết thương hở của các phần không xác định và khác của bụng
S31.2,Vết thương hở của dương vật
S31.4,Vết thương hở của âm đạo và âm hộ
S31.0,"Vết thương hở của lưng dưới và vùng chậu, phần không xác định"
S31.3,Vết thương hở của bìu và tinh hoàn
S31.1,Vết thương hở của thành bụng
S33.7,Bong gân và giãn khớp của các phần không xác định và khác của cột sống thắt lưng và chậu
S33.1,Trật khớp sống thắt lưng
S33.6,Bong gân và giãn khớp cùng chậu
S33.3,Trật khớp các phần không xác định và khác của gai thắt lưng và chậu
S33.5,Bong gân và giãn khớp sống thắt lưng
S33.4,Vỡ khớp mu do chấn thương
S33.2,Trật khớp cùng chậu và cùng cụt
S33.0,Vỡ đĩa liên đốt thắt lưng do chấn thương
S35.5,Tổn thương các mạch máu của vùng chậu
S35.2,Tổn thương động mạch ổ bụng hay động mạch mạc treo
S35.0,Tổn thương động mạch chủ bụng
S35.1,Tổn thương tĩnh mạch chủ dưới
S35.7,"Tổn thương phức tạp mạch máu ở tầm vùng bụng, lưng dưới và vùng chậu"
S35.9,"Tổn thương mạch máu không xác định ở tầm vùng bụng, lưng dưới và vùng chậu"
S35.8,"Tổn thương các mạch máu khác ở tầm vùng bụng, lưng dưới và vùng chậu"
S35.3,Tổn thương tĩnh mạch cửa hay gan
S35.4,Tổn thương mạch máu thận
S37.71,"Tổn thương nhiều cơ quan vùng chậu, có vết thương mở vào ổ bụng"
S37.50,"Tổn thương vòi trứng, không có vết thương mở vào ổ bụng"
S37.30,"Tổn thương niệu đạo, không có vết thương mở vào ổ bụng"
S37.41,"Tổn thương buồng trứng, có vết thương mở vào ổ bụng"
S37.81,"Tổn thương cơ quan vùng chậu khác, có vết thương mở vào ổ bụng"
S37.90,"Tổn thương cơ quan chậu không xác định, không có vết thương mở vào ổ bụng"
S37.8,Tổn thương cơ quan vùng chậu khác
S37.6,Tổn thương tử cung
S37.91,"Tổn thương cơ quan chậu không xác định, có vết thương mở vào ổ bụng"
S37.4,Tổn thương buồng trứng
S37.61,"Tổn thương tử cung, có vết thương mở vào ổ bụng"
S37.00,"Tổn thương thận, không có vết thương mở vào ổ bụng"
S37.5,Tổn thương vòi trứng
S37.0,Tổn thương thận
S37.9,Tổn thương cơ quan chậu không xác định
S37.80,"Tổn thương cơ quan vùng chậu khác, không có vết thương mở vào ổ bụng"
S37.2,Tổn thương bàng quang
S37.11,"Tổn thương niệu quản, có vết thương mở vào ổ bụng"
S37.10,"Tổn thương niệu quản, không có vết thương mở vào ổ bụng"
S37.40,"Tổn thương buồng trứng, không có vết thương mở vào ổ bụng"
S37.21,"Tổn thương bàng quang, có vết thương mở vào ổ bụng"
S37.7,Tổn thương nhiều cơ quan vùng chậu
S37.1,Tổn thương niệu quản
S37.60,"Tổn thương tử cung, không có vết thương mở vào ổ bụng"
S37.51,"Tổn thương vòi trứng, có vết thương mở vào ổ bụng"
S37.3,Tổn thương niệu đạo
S37.70,"Tổn thương nhiều cơ quan vùng chậu, không có vết thương mở vào ổ bụng"
S37.31,"Tổn thương niệu đạo, có vết thương mở vào ổ bụng"
S37.20,"Tổn thương bàng quang, không có vết thương mở vào ổ bụng"
S37.01,"Tổn thương thận, có vết thương mở vào ổ bụng"
S30.0,Đụng giập của lưng dưới và vùng chậu
S30.2,Đụng giập cơ quan sinh dục ngoài
S30.1,Đụng giập thành bụng
S30.9,"Tổn thương nông của bụng, lưng dưới và vùng chậu, phần không xác định"
S30.8,"Tổn thương nông khác của bụng, lưng dưới và vùng chậu"
S30.7,"Nhiều (Đa) tổn thương nông ở bụng, lưng dưới và vùng chậu"
S36.4,Tổn thương ruột non
S36.20,"Tổn thương tuỵ, không có vết thương mở vào ổ bụng"
S36.7,Tổn thương nhiều cơ quan trong ổ bụng
S36.90,"Tổn thương cơ quan trong ổ bụng không xác định, không có vết thương mở vào ổ bụng"
S36.5,Tổn thương đại tràng
S36.40,"Tổn thương ruột non, không có vết thương mở vào ổ bụng"
S36.50,"Tổn thương đại tràng, không có vết thương mở vào ổ bụng"
S36.30,"Tổn thương dạ dày, không có vết thương mở vào ổ bụng"
S36.6,Tổn thương trực tràng
S36.11,"Tổn thương gan hay túi mật, có vết thương mở vào ổ bụng"
S36.3,Tổn thương dạ dày
S36.51,"Tổn thương đại tràng, có vết thương mở vào ổ bụng"
S36.1,Tổn thương gan hay túi mật
S36.2,Tổn thương tuỵ
S36.0,Tổn thương lách
S36.81,"Tổn thương các cơ quan khác trong ổ bụng, có vết thương mở vào ổ bụng"
S36.70,"Tổn thương nhiều cơ quan trong ổ bụng, không có vết thương mở vào ổ bụng"
S36.91,"Tổn thương cơ quan trong ổ bụng không xác định, có vết thương mở vào ổ bụng"
S36.60,"Tổn thương trực tràng, không có vết thương mở vào ổ bụng"
S36.01,"Tổn thương lách, có vết thương mở vào ổ bụng"
S36.8,Tổn thương các cơ quan khác trong ổ bụng
S36.10,"Tổn thương gan hay túi mật, không có vết thương mở vào ổ bụng"
S36.9,Tổn thương cơ quan trong ổ bụng không xác định
S36.00,"Tổn thương lách, không có vết thương mở vào ổ bụng"
S36.41,"Tổn thương ruột non, có vết thương mở vào ổ bụng"
S36.80,"Tổn thương các cơ quan khác trong ổ bụng, không có vết thương mở vào ổ bụng"
S36.31,"Tổn thương dạ dày, có vết thương mở vào ổ bụng"
S36.21,"Tổn thương tuỵ, có vết thương mở vào ổ bụng"
S36.71,"Tổn thương nhiều cơ quan trong ổ bụng, có vết thương mở vào ổ bụng"
S36.61,"Tổn thương trực tràng, có vết thương mở vào ổ bụng"
S34.2,Tổn thương rễ thần kinh của đốt sống thắt lưng và gai cùng
S34.6,"Tổn thương (các) dây thần kinh ngoại vi của bụng, lưng và chậu"
S34.1,Tổn thương khác của dây sống thắt lưng
S34.8,"Tổn thương các dây thần kinh khác và không xác định và khác của bụng, lưng và chậu"
S34.3,Tổn thương dây thần kinh đuôi ngựa
S34.4,Tổn thương đám rối thần kinh thắt lưng cùng
S34.5,"Tổn thương dây thần kinh giao cảm vùng thắt lưng, cùng và chậu"
S34.0,Chấn động và phù của dây sống thắt lưng
S38.2,Chấn thương đứt lìa cơ quan sinh dục ngoài
S38.1,"Tổn thương giập nát ở các phần không xác định và khác ở vùng bụng, lưng dưới và vùng chậu"
S38.0,Tổn thương giập nát cơ quan sinh dục ngoài
S38.3,"Chấn thương đứt lìa các phần không xác định và khác ở vùng bụng, lưng dưới và vùng chậu"
S96.7,Tổn thương đa cơ và gân tại tầm cổ chân và bàn chân
S96.1,Tổn thương cơ và gân cơ duỗi dài của ngón tại tầm cổ chân và bàn chân
S96.0,Tổn thương cơ và gân cơ gấp dài của ngón tại tầm cổ chân và bàn chân
S96.2,Tổn thương cơ nội tại và gân tại tầm cổ chân và bàn chân
S96.9,Tổn thương cơ không xác định và gân tầm cổ chân và bàn chân
S96.8,Tổn thương cơ khác và gân tại tầm cổ chân và bàn chân
S92.9,Gãy xương bàn chân không xác định
S92.50,"Gãy xương ngón chân khác, gãy kín"
S92.5,Gãy xương ngón chân khác
S92.00,"Gãy xương gót, gãy kín"
S92.7,Gãy nhiều xương bàn chân
S92.51,"Gãy xương ngón chân khác, gãy hở"
S92.2,Gãy các xương cổ chân khác
S92.71,"Gãy nhiều xương bàn chân, gãy hở"
S92.01,"Gãy xương gót, gãy hở"
S92.40,"Gãy xương ngón chân cái, gãy kín"
S92.10,"Gãy xương sên, gãy kín"
S92.30,"Gãy xương đốt bàn chân, gãy kín"
S92.4,Gãy xương ngón chân cái
S92.70,"Gãy nhiều xương bàn chân, gãy kín"
S92.3,Gãy xương đốt bàn chân
S92.1,Gãy xương sên
S92.41,"Gãy xương ngón chân cái, gãy hở"
S92.0,Gãy xương gót
S92.20,"Gãy các xương cổ chân khác, gãy kín"
S92.31,"Gãy xương đốt bàn chân, gãy hở"
S92.11,"Gãy xương sên, gãy hở"
S92.21,"Gãy các xương cổ chân khác, gãy hở"
S90.3,Đụng giập phần khác và không xác định tại bàn chân
S90.7,Nhiều (Đa) tổn thương nông tại cổ chân và bàn chân
S90.1,Đụng giập ngón chân không có tổn thương móng
S90.2,Đụng giập ngón chân có tổn thương móng
S90.0,Đụng giập tại cổ chân
S90.8,Tổn thương nông khác tại cổ chân và bàn chân
S90.9,Tổn thương nông tại cổ chân và bàn chân không xác định
S99.9,Tổn thương không xác định tại cổ chân và bàn chân
S99.7,Đa tổn thương tại cổ chân và bàn chân
S99.8,Tổn thương khác đã xác định tại cổ chân và bàn chân
S94.3,Tổn thương dây thần kinh cảm giác da tầm cổ chân và bàn chân
S94.0,Tổn thương dây thần kinh bên bàn chân
S94.1,Tổn thương dây thần kinh giữa bàn chân
S94.8,Tổn thương dây thần kinh khác tại tầm cổ chân và bàn chân
S94.2,Tổn thương dây thần kinh mác sâu tại tầm cổ chân và bàn chân
S94.9,Tổn thương dây thần kinh không xác định tại tầm cổ chân và bàn chân
S94.7,Tổn thương đa dây thần kinh tại tầm cổ chân và bàn chân
S95.7,Tổn thương đa mạch máu tại tầm cổ chân và bàn chân
S95.2,Tổn thương tĩnh mạch mu bàn chân
S95.8,Tổn thương mạch máu khác tại tầm cổ chân và bàn chân
S95.1,Tổn thương động mạch gan bàn chân
S95.9,Tổn thương mạch máu không xác định tầm cổ chân và bàn chân
S95.0,Tổn thương động mạch mu bàn chân
S91.2,Vết thương hở ở ngón chân với tổn thương móng
S91.1,Vết thương hở ở ngón chân không có tổn thương móng
S91.0,Vết thương hở ở cổ chân
S91.3,Vết thương hở ở phần khác ở bàn chân
S91.7,Đa vết thương hở ở cẳng chân và bàn chân
S97.8,Tổn thương giập nát tại phần khác của cổ chân và bàn chân
S97.1,Tổn thương giập nát tại ngón chân
S97.0,Tổn thương giập nát tại cổ chân
S93.2,Đứt dây chằng tại tầm cẳng chân và bàn chân
S93.0,Trật khớp cổ chân
S93.3,Trật khớp phần khác và không xác định tại bàn chân
S93.4,Bong gân và căng cơ cổ chân
S93.1,Trật khớp ngón chân
S93.6,Bong gân và căng cơ ở phần khác và không xác định của bàn chân
S93.5,Bong gân và căng cơ ngón chân
S98.4,Chấn thương đứt lìa bàn chân tại tầm không xác định
S98.2,Chấn thương đứt lìa hai hoặc nhiều ngón chân
S98.3,Chấn thương đứt lìa phần khác của bàn chân
S98.0,Chấn thương đứt lìa bàn chân tại tầm cổ chân
S98.1,Chấn thương đứt lìa một ngón chân
S06.7,Tổn thương nội sọ có hôn mê kéo dài
S06.31,Tổn thương não khu trú: có vết thương hở nội sọ
S06.4,Xuất huyết ngoài màng cứng
S06.0,Chấn động não
S06.11,Phù não chấn thương: có vết thương hở nội sọ
S06.00,Chấn động não: không có vết thương hở nội sọ
S06.71,Tổn thương nội sọ có hôn mê kéo dài: có vết thương hở nội sọ
S06.90,"Tổn thương nội sọ, không xác định: không có vết thương hở nội sọ"
S06.1,Phù não chấn thương
S06.91,"Tổn thương nội sọ, không xác định: có vết thương hở nội sọ"
S06.9,"Tổn thương nội sọ, không xác định"
S06.8,Tổn thương nội sọ khác
S06.40,Xuất huyết ngoài màng cứng: không có vết thương hở nội sọ
S06.6,Xuất huyết dưới nhện do chấn thương
S06.30,Tổn thương não khu trú: không có vết thương hở nội sọ
S06.80,Tổn thương nội sọ khác: không có vết thương hở nội sọ
S06.10,Phù não chấn thương: không có vết thương hở nội sọ
S06.01,Chấn động não: có vết thương hở nội sọ
S06.61,Xuất huyết dưới nhện do chấn thương: có vết thương hở nội sọ
S06.81,Tổn thương nội sọ khác: có vết thương hở nội sọ
S06.50,Xuất huyết dưới màng cứng: không có vết thương hở nội sọ
S06.5,Xuất huyết dưới màng cứng
S06.2,Tổn thương não lan toả
S06.41,Xuất huyết ngoài màng cứng: có vết thương hở nội sọ
S06.3,Tổn thương não khu trú
S06.21,Tổn thương não lan toả: có vết thương hở nội sọ
S06.70,Tổn thương nội sọ có hôn mê kéo dài: không có vết thương hở nội sọ
S06.60,Xuất huyết dưới nhện do chấn thương: không có vết thương hở nội sọ
S06.51,Xuất huyết dưới màng cứng: có vết thương hở nội sọ
S06.20,Tổn thương não lan toả: không có vết thương hở nội sọ
S00.7,Nhiều (Đa) tổn thương nông ở đầu
S00.3,Tổn thương nông của mũi
S00.0,Tổn thương nông của da đầu
S00.9,"Tổn thương nông ở đầu, phần không xác định"
S00.8,Tổn thương nông các phần khác của đầu
S00.2,Tổn thương nông khác của mi mắt và vùng quanh ổ mắt
S00.5,Tổn thương nông của môi và khoang miệng
S00.4,Tổn thương nông của tai
S00.1,Đụng giập mi mắt và vùng quanh ổ mắt
S05.9,"Tổn thương của mắt và ổ mắt, phần không xác định"
S05.7,"Tổn thương đã bỏ nhãn cầu, đã múc nội nhãn"
S05.3,Vỡ nhãn cầu không phòi kẹt tổ chức nội nhãn
S05.0,"Tổn thương rách lớp giác mạc, rách kết mạc không có dị vật"
S05.4,Vết thương thấu hốc mắt có hay không có dị vật
S05.8,Các tổn thương khác của mắt và ổ mắt
S05.2,"Vỡ nhãn cầu phòi kẹt, mất tổ chức nội nhãn"
S05.1,Đụng giập nhãn cầu và tổ chức hốc mắt
S05.5,Vết thương thấu nhãn cầu có dị vật nội nhãn
S05.6,Vết thương thấu nhãn cầu không có dị vật nội nhãn
S02.30,"Gãy xương sàn ổ mắt, gãy kín"
S02.11,"Gãy [vỡ] nền sọ, gãy hở"
S02.10,"Gãy [vỡ] nền sọ, gãy kín"
S02.41,"Gãy xương gò má và xương hàm trên, gãy hở"
S02.7,Gãy nhiều xương của xương sọ và xương mặt
S02.2,Gãy xương chính mũi
S02.1,Gãy [vỡ] nền sọ
S02.70,"Gãy nhiều xương của xương sọ và xương mặt, gãy kín"
S02.61,"Gãy xương hàm dưới, gãy hở"
S02.0,Gãy [vỡ] vòm sọ
S02.71,"Gãy nhiều xương của xương sọ và xương mặt, gãy hở"
S02.9,"Gãy xương sọ và xương mặt, phần không xác định"
S02.6,Gãy xương hàm dưới
S02.4,Gãy xương gò má và xương hàm trên
S02.3,Gãy xương sàn ổ mắt
S02.60,"Gãy xương hàm dưới, gãy kín"
S02.00,"Gãy [vỡ] vòm sọ, gãy kín"
S02.21,"Gãy xương chính mũi, gãy hở"
S02.40,"Gãy xương gò má và xương hàm trên, gãy kín"
S02.91,"Gãy xương sọ và xương mặt, phần không xác định, gãy hở"
S02.20,"Gãy xương chính mũi, gãy kín"
S02.81,"Gãy các xương khác của sọ và xương mặt, gãy hở"
S02.8,Gãy các xương khác của sọ và xương mặt
S02.50,Gãy mô cứng răng không hở tuỷ
S02.90,"Gãy xương sọ và xương mặt, phần không xác định, gãy kín"
S02.01,"Gãy [vỡ] vòm sọ, gãy hở"
S02.31,"Gãy xương sàn ổ mắt, gãy hở"
S02.51,Gãy mô cứng răng hở tuỷ
S02.80,"Gãy các xương khác của sọ và xương mặt, gãy kín"
S02.5,Gãy mô cứng răng
S09.0,"Tổn thương các mạch máu ở đầu, không phân loại nơi khác"
S09.8,Tổn thương xác định khác ở đầu
S09.2,Rách chấn thương màng nhĩ
S09.7,Tổn thương phức tạp ở đầu
S09.1,Tổn thương cơ và gân ở đầu
S09.9,Tổn thương không xác định ở đầu
S01.5,Vết thương hở của môi và khoang miệng
S01.1,Vết thương hở của mi mắt và vùng quanh mắt
S01.7,Đa vết thương hở của đầu
S01.2,Vết thương hở của mũi
S01.3,Vết thương hở của tai
S01.9,"Vết thương hở của đầu, phần không xác định"
S01.4,Vết thương hở của má và vùng thái dương- xương hàm dưới
S01.8,Vết thương hở của các phần khác của đầu
S01.0,Vết thương hở của da đầu
S04.6,Tổn thương dây thần kinh thính giác [số 8]
S04.0,Tổn thương dây thần kinh thị giác và đường đi
S04.4,Tổn thương dây thần kinh vận nhãn ngoài [số 6]
S04.7,Tổn thương dây thần kinh phụ [số 11]
S04.5,Tổn thương dây thần kinh mặt [số 7]
S04.2,Tổn thương dây thần kinh ròng rọc [số 4]
S04.3,Tổn thương dây thần kinh tam thoa [số 5]
S04.9,Tổn thương dây thần kinh sọ không xác định
S04.1,Tổn thương dây thần kinh vận nhãn [số 3]
S04.8,"Tổn thương các dây thần kinh sọ khác [số 1, 9, 10, 12]"
S08.9,Chấn thương đứt lìa của phần không xác định của đầu
S08.0,Nhổ giật da đầu
S08.1,Chấn thương đứt rời tai
S08.8,Chấn thương đứt lìa các phần khác của đầu
S03.5,Bong gân và căng cơ của khớp và dây chằng của các phần khác không xác định của đầu
S03.3,Trật khớp của các phần không xác định của đầu
S03.4,Bong gân và căng cơ của hàm
S03.1,Lệch [trật khớp] sụn vách mũi
S03.2,Trật khớp răng
S03.0,Trật khớp hàm
S07.8,Tổn thương giập nát của các phần khác của đầu
S07.9,"Tổn thương giập nát của đầu, các phần không xác định"
S07.1,Tổn thương giập nát của hộp sọ
S07.0,Tổn thương giập nát của mặt
S77.2,Tổn thương giập nát hông với giập nát đùi
S77.0,Tổn thương giập nát hông
S77.1,Tổn thương giập nát đùi
S79.9,Tổn thương không xác định của hông và đùi
S79.8,Tổn thương khác xác định của hông và đùi
S79.7,Đa tổn thương ở hông và đùi
S70.7,Đa tổn thương nông tại hông và đùi
S70.1,Đụng giập tại đùi
S70.0,Đụng giập tại hông
S70.8,Các tổn thương nông khác tại hông và đùi
S70.9,"Tổn thương nông tại hông và đùi, không đặc hiệu"
S78.1,Chấn thương đứt lìa tầm giữa hông và khớp gối
S78.0,Chấn thương đứt lìa ở khớp háng
S78.9,Chấn thương đứt lìa của hông và đùi tầm không xác định
S75.2,Tổn thương tĩnh mạch hiển lớn tại tầm hông và đùi
S75.1,Tổn thương tĩnh mạch đùi tại tầm hông và đùi
S75.7,Tổn thương đa mạch máu tại tầm hông và đùi
S75.9,Tổn thương mạch máu không xác định tại tầm hông và đùi
S75.8,Tổn thương mạch máu khác tại tầm hông và đùi
S75.0,Tổn thương động mạch đùi
S71.1,Vết thương hở ở đùi
S71.0,Vết thương hở ở hông
S71.7,Đa vết thương hở ở hông và đùi
S71.8,Vết thương hở phần khác và không xác định của khung chậu
S73.1,Bong gân và căng cơ của khớp háng
S73.0,Trật khớp háng
S72.0,Gãy cổ xương đùi
S72.2,Gãy dưới mấu chuyển
S72.90,"Gãy xương đùi phần không xác định, gãy kín"
S72.01,"Gãy cổ xương đùi, gãy hở"
S72.30,"Gãy thân xương đùi, gãy kín"
S72.10,"Gãy mấu chuyển, gãy kín"
S72.3,Gãy thân xương đùi
S72.8,Gãy các phần khác của xương đùi
S72.41,"Gãy xương đầu dưới xương đùi, gãy hở"
S72.91,"Gãy xương đùi phần không xác định, gãy hở"
S72.7,Gãy nhiều vị trí xương đùi
S72.71,"Gãy nhiều vị trí xương đùi, gãy hở"
S72.40,"Gãy xương đầu dưới xương đùi, gãy kín"
S72.81,"Gãy xương phần khác xương đùi, gãy hở"
S72.80,"Gãy xương phần khác xương đùi, gãy kín"
S72.9,"Gãy xương đùi, phần không xác định"
S72.1,Gãy mấu chuyển
S72.11,"Gãy mấu chuyển, gãy hở"
S72.31,"Gãy thân xương đùi, gãy hở"
S72.70,"Gãy nhiều vị trí xương đùi, gãy kín"
S72.21,"Gãy dưới mấu chuyển, gãy hở"
S72.4,Gãy xương đầu dưới xương đùi
S72.20,"Gãy dưới mấu chuyển, gãy kín"
S72.00,"Gãy cổ xương đùi, gãy kín"
S76.4,Tổn thương cơ và cân khác và không xác định tại tầm đùi
S76.7,Tổn thương đa cơ và gân tầm hông và đùi
S76.1,Tổn thương cơ tứ đầu và gân
S76.2,Tổn thương cơ khép và gân đùi
S76.3,Tổn thương cơ và gân của nhóm cơ sau tầm đùi
S76.0,Tổn thương cơ và gân háng
S74.1,Tổn thương dây thần kinh đùi tại tầm hông và đùi
S74.2,Tổn thương dây thần kinh cảm giác da tại tầm hông và đùi
S74.0,Tổn thương dây thần kinh hông tại tầm háng và đùi
S74.8,Tổn thương dây thần kinh khác tại tầm hông và đùi
S74.9,Tổn thương dây thần kinh không xác định tầm hông và đùi
S74.7,Tổn thương đa dây thần kinh tại tầm hông và đùi
S68.4,Chấn thương đứt lìa tại cổ tay và bàn tay
S68.1,Chấn thương đứt lìa ngón tay khác (toàn phần) (một phần)
S68.3,Chấn thương đứt lìa kết hợp một phần ngón tay với phần khác của cổ tay và bàn tay
S68.9,Chấn thương đứt lìa cổ tay và bàn tay tầm không xác định
S68.8,Chấn thương đứt lìa phần khác của cổ tay và bàn tay
S68.2,Chấn thương đứt lìa hai hoặc nhiều ngón tay đơn thuần (toàn phần) (một phần)
S68.0,Chấn thương đứt lìa ngón tay cái (toàn phần) (một phần)
S66.1,Tổn thương cơ gấp và gân ngón tay khác tại tầm cổ tay và bàn tay
S66.2,Tổn thương cơ duỗi và gân ngón tay cái tại tầm cổ tay và bàn tay
S66.5,Tổn thương cơ nội tại và gân ngón tay khác tại tầm cổ tay và bàn tay
S66.6,Tổn thương đa cơ gấp và gân tại tầm cổ tay và bàn tay
S66.9,Tổn thương cơ không xác định và gân tại tầm cổ tay và bàn tay
S66.4,Tổn thương cơ nội tại và gân ngón tay cái tại tầm cổ tay và bàn tay
S66.0,Tổn thương cơ bắp gấp dài và gân ngón tay cái tại tầm cổ tay và bàn tay
S66.8,Tổn thương cơ khác và gân tầm cổ tay và bàn tay
S66.3,Tổn thương cơ duỗi và gân ngón tay khác tại tầm cổ tay và bàn tay
S66.7,Tổn thương đa cơ duỗi và gân tại tầm cổ tay và bàn tay
S60.2,Đụng giập các phần khác cổ tay và bàn tay
S60.1,Đụng giập các ngón tay với tổn thương móng
S60.8,Tổn thương nông khác ở cổ tay và bàn tay
S60.7,Nhiều (Đa) tổn thương nông ở cổ tay và bàn tay
S60.9,Tổn thương nông ở cổ tay và bàn tay không xác định
S60.0,Đụng giập các ngón tay không tổn thương móng
S61.0,Vết thương hở các ngón tay không tổn thương móng
S61.8,Vết thương hở các phần khác của cổ tay và bàn tay
S61.9,"Vết thương hở của cổ tay và bàn tay, phần không xác định"
S61.1,Vết thương hở các ngón tay với tổn thương móng
S61.7,Đa vết thương hở ở cổ tay và bàn tay
S69.8,Tổn thương xác định khác của cổ tay và bàn tay
S69.7,Đa tổn thương cổ tay và bàn tay
S69.9,Tổn thương không xác định của cổ tay và bàn tay
S65.8,Tổn thương mạch máu khác tại tầm cổ tay và bàn tay
S65.2,Tổn thương nông cung gan bàn tay
S65.5,Tổn thương mạch máu ngón tay khác
S65.9,Tổn thương mạch máu không xác định tại tầm cổ tay và bàn tay
S65.3,Tổn thương sâu cung gan bàn tay
S65.1,Tổn thương động mạch quay tầm cổ tay và bàn tay
S65.7,Tổn thương đa mạch máu tại tầm cổ tay và bàn tay
S65.0,Tổn thương động mạch trụ tại tầm cổ tay và bàn tay
S65.4,Tổn thương mạch máu ngón tay cái
S63.1,Trật khớp ngón tay
S63.3,Chấn thương đứt dây chằng cổ tay và khớp xương cổ tay
S63.7,Bong gân và căng cơ phần khác và không xác định của bàn tay
S63.4,Chấn thương đứt dây chằng ngón tay tại xương đốt bàn tay ngón tay và khớp xương cổ tay và gian đốt ngón (khớp)
S63.5,Bong gân và căng cơ cổ tay
S63.6,Bong gân và căng cơ các ngón tay
S63.0,Trật khớp cổ tay
S63.2,Trật khớp nhiều ngón tay
S62.8,Gãy xương khác và phần không xác định cổ tay và bàn tay
S62.51,"Gãy xương ngón tay cái, gãy hở"
S62.00,"Gãy xương của xương thuyền bàn tay, gãy kín"
S62.0,Gãy xương của xương thuyền bàn tay
S62.40,"Gãy nhiều xương đốt bàn tay, gãy kín"
S62.21,"Gãy xương đốt đầu bàn tay, gãy hở"
S62.60,"Gãy xương các ngón tay khác, gãy kín"
S62.81,"Gãy xương khác và phần không xác định cổ tay và bàn tay, gãy hở"
S62.3,Gãy xương đốt khác bàn tay
S62.41,"Gãy nhiều xương đốt bàn tay, gãy hở"
S62.1,Gãy xương khớp cổ tay khác
S62.71,"Gãy nhiều xương ngón tay, gãy hở"
S62.6,Gãy xương các ngón tay khác
S62.80,"Gãy xương khác và phần không xác định cổ tay và bàn tay, gãy kín"
S62.31,"Gãy xương đốt khác bàn tay, gãy hở"
S62.30,"Gãy xương đốt khác bàn tay, gãy kín"
S62.01,"Gãy xương của xương thuyền bàn tay, gãy hở"
S62.4,Gãy nhiều xương đốt bàn tay
S62.61,"Gãy xương các ngón tay khác, gãy hở"
S62.20,"Gãy xương đốt đầu bàn tay, gãy kín"
S62.70,"Gãy nhiều xương ngón tay, gãy kín"
S62.11,"Gãy xương khớp cổ tay khác, gãy hở"
S62.2,Gãy xương đốt đầu bàn tay
S62.5,Gãy xương ngón tay cái
S62.50,"Gãy xương ngón tay cái, gãy kín"
S62.10,"Gãy xương khớp cổ tay khác, gãy kín"
S62.7,Gãy nhiều xương ngón tay
S67.0,Tổn thương giập nát ngón tay cái và các ngón tay khác
S67.8,Tổn thương giập nát phần khác và không xác định của cổ tay và bàn tay
S64.8,Tổn thương dây thần kinh khác tại tầm cổ tay và bàn tay
S64.7,Tổn thương đa dây thần kinh tại tầm cổ tay và bàn tay
S64.0,Tổn thương thần kinh trụ tầm cổ tay và bàn tay
S64.3,Tổn thương dây thần kinh ngón tay của ngón tay cái
S64.2,Tổn thương thần kinh quay tầm cổ tay và bàn tay
S64.1,Tổn thương dây thần kinh giữa tầm cổ tay và bàn tay
S64.9,Tổn thương dây thần kinh không xác định tầm cổ tay và bàn tay
S64.4,Tổn thương dây thần kinh ngón tay của ngón tay khác
T35.5,Tổn thương do cóng lạnh không xác định tại chi dưới
T35.7,Tổn thương do cóng lạnh không xác định tại vị trí không xác định
T35.6,Tổn thương do cóng lạnh không xác định tác động nhiều vùng cơ thể
T35.0,Tổn thương do cóng lạnh tác động nhiều vùng cơ thể
T35.2,Tổn thương do cóng lạnh không xác định tại đầu và cổ
T35.1,Tổn thương do cóng lạnh với hoại tử mô tác động nhiều vùng cơ thể
T35.3,"Tổn thương do cóng lạnh không xác định tại ngực, bụng, lưng dưới và khung chậu"
T35.4,Tổn thương do cóng lạnh không xác định tại chi trên
T33.4,Tổn thương nông do cóng lạnh tại cánh tay
T33.5,Tổn thương nông do cóng lạnh tại cổ tay và bàn tay
T33.2,Tổn thương nông do cóng lạnh tại ngực
T33.6,Tổn thương nông do cóng lạnh tại hông và đùi
T33.8,Tổn thương nông do cóng lạnh tại cổ chân và bàn chân
T33.0,Tổn thương do cóng lạnh tại đầu
T33.9,Tổn thương nông do cóng lạnh tại vị trí khác và không xác định
T33.7,Tổn thương nông do cóng lạnh tại đầu gối và cẳng chân
T33.1,Tổn thương nông do cóng lạnh tại cổ
T33.3,"Tổn thương nông do cóng lạnh tại thành bụng, lưng dưới và khung chậu"
T34.5,Tổn thương do cóng lạnh với hoại tử mô tại cổ tay và bàn tay
T34.6,Tổn thương do cóng lạnh với hoại tử mô tại hông và đùi
T34.9,Tổn thương do cóng lạnh với hoại tử mô tại vị trí khác và không xác định
T34.7,Tổn thương do cóng lạnh với hoại tử mô tại đầu gối và cẳng chân
T34.1,Tổn thương do cóng lạnh với hoại tử mô tại cổ
T34.0,Tổn thương do cóng lạnh với hoại tử mô tại đầu
T34.8,Tổn thương do cóng lạnh với hoại tử mô cổ chân và bàn chân
T34.2,Tổn thương do cóng lạnh với hoại tử mô tại ngực
T34.4,Tổn thương do cóng lạnh với hoại tử mô tại cánh tay
T34.3,"Tổn thương do cóng lạnh với hoại tử mô tại thành bụng, lưng dưới và khung chậu"
T98.0,Di chứng do tác động của dị vật vào qua lỗ tự nhiên
T98.3,"Di chứng biến chứng phẫu thuật và điều trị nội khoa, không phân loại nơi khác"
T98.1,Di chứng do tác động khác và không xác định của nguyên nhân ngoại sinh
T98.2,Di chứng của một số biến chứng sớm của chấn thương
T93.3,"Di chứng trật khớp, bong gân và căng cơ chi dưới"
T93.9,Di chứng tổn thương không xác định của chi dưới
T93.6,Di chứng tổn thương giập nát và chấn thương cắt cụt chi dưới
T93.1,Di chứng gãy xương đùi
T93.4,Di chứng tổn thương dây thần kinh chi dưới
T93.8,Di chứng tổn thương khác đã xác định của chi dưới
T93.5,Di chứng tổn thương cơ và gân chi dưới
T93.2,Di chứng gãy xương khác chi dưới
T93.0,Di chứng vết thương hở chi dưới
T91.3,Di chứng tổn thương tuỷ sống
T91.0,Di chứng tổn thương nông và vết thương hở ở cổ và thân
T91.9,Di chứng tổn thương không xác định tại cổ và thân
T91.1,Di chứng gãy xương cột sống
T91.2,Di chứng gãy xương ngực và khung chậu khác
T91.4,Di chứng tổn thương nội tạng trong lồng ngực
T91.8,Di chứng tổn thương khác đã xác định tại cổ và thân
T91.5,Di chứng tổn thương nội tạng trong bụng và khung chậu
T95.8,Di chứng bỏng ăn mòn và tổn thương do cóng lạnh khác đã xác định
T95.1,Di chứng bỏng ăn mòn và tổn thương do cóng lạnh tại thân
T95.0,"Di chứng bỏng, ăn mòn và tổn thương do cóng lạnh tại đầu và cổ"
T95.2,"Di chứng bỏng, ăn mòn và tổn thương do cóng lạnh tại chi trên"
T95.4,"Di chứng bỏng, ăn mòn phân loại chỉ phụ thuộc phạm vi bề mặt cơ thể tổn thương"
T95.3,"Di chứng bỏng, ăn mòn và tổn thương do cóng lạnh tại chi dưới"
T95.9,"Di chứng bỏng, ăn mòn và tổn thương do cóng lạnh không xác định"
T90.1,Di chứng vết thương hở ở đầu
T90.9,Di chứng tổn thương không xác định ở đầu
T90.8,Di chứng tổn thương khác đã xác định ở đầu
T90.0,Di chứng tổn thương nông ở đầu
T90.3,Di chứng tổn thương các dây thần kinh sọ não
T90.4,Di chứng tổn thương ở mắt và hố mắt
T90.2,Di chứng gãy xương sọ và mặt
T90.5,Di chứng tổn thương nội sọ
T94.1,Di chứng tổn thương không xác định vùng cơ thể
T94.0,Di chứng tổn thương nhiều vùng cơ thể
T92.5,Di chứng tổn thương cơ và gân chi trên
T92.0,Di chứng vết thương hở chi trên
T92.1,Di chứng gãy xương tay
T92.3,"Di chứng trật khớp, bong gân và căng cơ chi trên"
T92.4,Di chứng tổn thương dây thần kinh chi trên
T92.9,Di chứng tổn thương không xác định của chi trên
T92.2,Di chứng gãy xương tầm cổ tay và bàn tay
T92.6,Di chứng tổn thương giập nát và chấn thương cắt cụt chi trên
T92.8,Di chứng tổn thương khác đã xác định của chi trên
T02.30,Gãy xương liên quan nhiều vùng của một chi dưới: gãy kín
T02.5,Gãy xương tác động nhiều vùng của cả hai chi dưới
T02.51,Gãy xương tác động nhiều vùng của cả hai chi dưới: gãy hở
T02.00,Gãy xương liên quan đầu với cổ: gãy kín
T02.80,Gãy xương liên quan kết hợp khác của nhiều vùng cơ thể: gãy kín
T02.61,Gãy xương liên quan nhiều vùng của chi trên và chi dưới: gãy hở
T02.40,Gãy xương liên quan nhiều vùng của cả hai chi trên: gãy kín
T02.01,Gãy xương liên quan đầu với cổ: gãy hở
T02.11,"Gãy xương liên quan ngực, dưới lưng và khung chậu: gãy hở"
T02.41,Gãy xương liên quan nhiều vùng của cả hai chi trên: gãy hở
T02.20,Gãy xương liên quan nhiều vùng của một chi trên: gãy kín
T02.50,Gãy xương tác động nhiều vùng của cả hai chi dưới: gãy kín
T02.71,Gãy xương liên quan ngực với lưng dưới và khung chậu với chi: gãy hở
T02.31,Gãy xương liên quan nhiều vùng của một chi dưới: gãy hở
T02.90,"Gãy xương nhiều vị trí, không xác định: gãy kín"
T02.21,Gãy xương liên quan nhiều vùng của một chi trên: gãy hở
T02.81,Gãy xương liên quan kết hợp khác của nhiều vùng cơ thể: gãy hở
T02.4,Gãy xương liên quan nhiều vùng của cả hai chi trên
T02.91,"Gãy xương nhiều vị trí, không xác định: gãy hở"
T02.70,Gãy xương liên quan ngực với lưng dưới và khung chậu với chi: gãy kín
T02.60,Gãy xương liên quan nhiều vùng của chi trên và chi dưới: gãy kín
T02.0,Gãy xương liên quan đầu với cổ
T02.10,"Gãy xương liên quan ngực, dưới lưng và khung chậu: gãy kín"
T02.9,"Gãy xương nhiều vị trí, không xác định"
T02.8,Gãy xương liên quan kết hợp khác của nhiều vùng cơ thể
T02.1,"Gãy xương liên quan ngực, dưới lưng và khung chậu"
T02.2,Gãy xương liên quan nhiều vùng của một chi trên
T02.7,Gãy xương liên quan ngực với lưng dưới và khung chậu với chi
T02.3,Gãy xương liên quan nhiều vùng của một chi dưới
T02.6,Gãy xương liên quan nhiều vùng của chi trên và chi dưới
T01.0,Vết thương hở liên quan đầu với cổ
T01.3,Vết thương hở liên quan của nhiều vùng của chi dưới
T01.6,Vết thương hở với tác động của nhiều vùng chi trên và chi dưới
T01.1,"Vết thương hở liên quan ngực với bụng, dưới lưng và khung chậu"
T01.9,"Đa vết thương hở, không xác định"
T01.2,Vết thương hở liên quan đến nhiều vùng của chi trên
T01.8,Vết thương hở liên quan đến các kết hợp nhiều vùng cơ thể khác
T03.3,"Trật khớp, bong gân, căng cơ liên quan nhiều của vùng chi dưới"
T03.9,"Trật nhiều khớp, bong gân, căng cơ không xác định"
T03.0,"Trật khớp, bong gân, căng cơ liên quan đến đầu và cổ"
T03.8,"Trật khớp, bong gân, căng cơ liên quan kết hợp khác của các vùng cơ thể"
T03.2,"Trật khớp, bong gân, căng cơ liên quan nhiều vùng chi trên"
T03.1,"Trật khớp, bong gân, căng cơ liên quan của ngực với lưng dưới và khung chậu"
T03.4,"Trật khớp, bong gân, căng cơ liên quan của nhiều vùng của chi trên và chi dưới"
T05.9,Đa chấn thương đứt lìa không xác định
T05.0,Chấn thương đứt lìa cả hai bàn tay
T05.8,Chấn thương đứt lìa liên quan đến nhiều vùng khác nhau của cơ thể
T05.3,Chấn thương đứt lìa cả hai bàn chân
T05.6,Chấn thương đứt lìa cả chi trên và chi dưới (bất kể sự kết hợp và ở tầm nào)
T05.1,Chấn thương đứt lìa một bàn tay và tay khác (tầm bất kỳ trừ bàn tay)
T05.4,Chấn thương đứt lìa một bàn chân và chân khác (tầm bất kỳ trừ bàn chân)
T05.5,Chấn thương đứt lìa cả hai chân (tầm bất kỳ)
T05.2,Chấn thương đứt lìa cả hai tay (tầm bất kỳ)
T00.1,"Tổn thương nông liên quan ngực với bụng, lưng dưới và khung chậu"
T00.8,Tổn thương nông liên quan kết hợp khác các vùng cơ thể
T00.6,Các tổn thương nông liên quan nhiều vùng chi trên và chi dưới
T00.3,Các tổn thương nông liên quan nhiều vùng chi dưới
T00.2,Các tổn thương nông liên quan nhiều vùng chi trên
T00.0,Tổn thương nông liên quan đầu với cổ
T00.9,"Nhiều (đa) tổn thương nông, không xác định"
T04.4,Tổn thương giập nát liên quan nhiều vùng của các chi trên và các chi dưới
T04.2,Tổn thương giập nát tác động nhiều vùng của chi trên
T04.7,"Tổn thương giập nát của ngực với bụng, lưng dưới và khung chậu với các chi"
T04.1,Tổn thương giập nát liên quan ngực với bụng lưng dưới và khung chậu
T04.9,"Đa tổn thương giập nát, không xác định"
T04.8,Tổn thương giập nát liên quan kết hợp các vùng cơ thể
T04.3,Tổn thương giập nát liên quan nhiều vùng các chi dưới
T04.0,Tổn thương giập nát liên quan đầu với cổ
T06.1,Tổn thương dây thần kinh và cột sống liên quan nhiều vùng khác
T06.0,Tổn thương của não và dây thần kinh sọ với tổn thương của dây thần kinh và cột sống tại tầm cổ
T06.5,Tổn thương phủ tạng trong lồng ngực với trong ổ bụng và phủ tạng khung chậu
T06.4,Tổn thương cơ và gân liên quan nhiều vùng cơ thể
T06.8,Tổn thương xác định khác liên quan nhiều vùng cơ thể
T06.3,Tổn thương mạch máu liên quan nhiều vùng cơ thể
T06.2,Tổn thương dây thần kinh liên quan nhiều vùng cơ thể
T87.2,Biến chứng nối lại phần của cơ thể
T87.1,Biến chứng nối lại (phần của) chi dưới
T87.5,Hoại tử của mỏm cụt
T87.4,Nhiễm trùng của mỏm cụt
T87.0,Biến chứng nối lại (phần của) chi trên
T87.6,Biến chứng khác và không xác định của mỏm cụt
T87.3,U thần kinh của mỏm cụt
T86.4,Thất bại và thải bỏ các ghép phủ tạng và tổ chức khác
T86.0,Thải bỏ ghép tuỷ xương
T86.2,Thất bại và thải bỏ ghép tim
T86.8,Thất bại và thải bỏ ghép gan
T86.3,Thất bại và thải bỏ ghép tim phổi
T86.1,Thất bại và thải bỏ ghép thận
T86.9,Thất bại và thải bỏ ghép phủ tạng và tổ chức không xác định
T88.8,"Biến chứng đặc hiệu của phẫu thuật và điều trị nội khoa, không phân loại nơi khác"
T88.6,Sốc phản vệ do tác dụng phụ của thuốc hoặc dược phẩm đúng được sử dụng đúng quy cách
T88.9,"Biến chứng phẫu thuật và chăm sóc y tế, không xác định"
T88.4,Thất bại hoặc khó đặt khí quản
T88.0,Nhiễm trùng sau tiêm chủng
T88.1,"Biến chứng khác sau gây miễn dịch, không phân loại nơi khác"
T88.2,Sốc do gây mê
T88.5,Biến chứng khác của gây mê
T88.7,Tác dụng phụ không xác định của thuốc hoặc dược phẩm
T88.3,Sốt cao ác tính do gây mê
T81.0,"Biến chứng chảy máu và tụ máu do phẫu thuật, thủ thuật, không phân loại nơi khác"
T81.6,"Phản ứng cấp tính do chất lạ vô ý để lại trong khi phẫu thuật, thủ thuật"
T81.1,"Sốc trong hoặc sau phẫu thuật, thủ thuật, không phân loại nơi khác"
T81.2,"Tai biến thủng và rách trong phẫu thuật, thủ thuật, không phân loại nơi khác"
T81.4,"Nhiễm trùng sau phẫu thuật, thủ thuật, không phân loại nơi khác"
T81.3,"Toác vết mổ, không phân loại nơi khác"
T81.8,"Biến chứng khác sau phẫu thuật, thủ thuật, không phân loại nơi khác"
T81.9,"Biến chứng không xác định sau phẫu thuật, thủ thuật"
T81.7,"Biến chứng huyết quản sau phẫu thuật, thủ thuật, không phân loại nơi khác"
T81.5,"Dị vật do vô ý để lại trong khoang cơ thể hoặc vết mổ sau khi phẫu thuật, thủ thuật"
T83.8,"Biến chứng của thiết bị nhân tạo tiết niệu sinh dục khác, implant và vật ghép"
T83.9,"Biến chứng không xác định của thiết bị tiết niệu sinh dục nhân tạo, implant và vật ghép"
T83.5,Nhiễm khuẩn và phản ứng viêm do thiết bị nhân tạo implant và vật ghép hệ thống tiết niệu
T83.4,"Biến chứng cơ học của thiết bị nhân tạo khác, implant và vật ghép trong đường sinh dục"
T83.3,Biến chứng cơ học của thiết bị tránh thai trong tử cung
T83.0,Biến chứng cơ học của ống thông nước tiểu
T83.1,Biến chứng cơ học của thiết bị tiết niệu khác và cấy
T83.2,Biến chứng cơ học của ghép cơ quan tiết niệu
T83.6,"Nhiễm trùng và phản ứng viêm do thiết bị nhân tạo, implant và vật ghép đường sinh dục"
T84.6,Nhiễm trùng và phản ứng viêm do thiết bị chỉnh hình nhân tạo bên trong (bất kỳ vị trí nào)
T84.8,"Biến chứng khác của thiết bị chỉnh hình nhân tạo bên trong, implant và vật ghép"
T84.3,"Biến chứng cơ học của thiết bị xương khác, implant và vật ghép"
T84.9,"Biến chứng không xác định của thiết bị chỉnh hình nhân tạo bên trong, implant và vật ghép"
T84.2,Biến chứng cơ học của thiết bị cố định bên trong xương khác
T84.0,Biến chứng cơ học của khớp nhân tạo bên trong
T84.4,"Biến chứng cơ học của thiết bị chỉnh hình bên trong khác, implant và vật ghép"
T84.7,"Nhiễm trùng và phản ứng viêm do thiết bị chỉnh hình nhân tạo bên trong khác, implant và vật ghép"
T84.1,Biến chứng cơ học của thiết bị cố định bên trong xương các chi
T84.5,Nhiễm trùng và phản ứng viêm do khớp nhân tạo bên trong
T85.6,"Biến chứng cơ học thiết bị nhân tạo đặc hiệu bên trong khác, implant và vật ghép"
T85.0,Biến chứng cơ học của (lưu thông) não thất nội sọ chuyển hướng
T85.5,"Biến chứng cơ học của thiết bị nhân tạo dạ dày ruột, implant và vật ghép"
T85.7,"Nhiễm trùng và phản ứng viêm do thiết bị nhân tạo bên trong khác, implant và vật ghép"
T85.4,Biến chứng cơ học của vú nhân tạo và ghép
T85.1,Biến chứng cơ học của cấy kích thích điện tử của hệ thần kinh
T85.3,"Biến chứng cơ học của thiết bị mắt nhân tạo khác, implant và vật ghép"
T85.2,Biến chứng cơ học của thể thuỷ tinh nhân tạo (IOL)
T85.8,"Biến chứng khác của thiết bị nhân tạo bên trong, implant và vật ghép, không phân loại nơi khác"
T85.9,"Biến chứng không xác định của thiết bị nhân tạo bên trong, implant và vật ghép"
T80.5,Sốc phản vệ do huyết thanh
T80.8,"Biến chứng khác sau truyền dịch, truyền máu và tiêm thuốc"
T80.4,Phản ứng tương tác Rh
T80.9,"Biến chứng khác sau truyền dịch, truyền máu và tiêm thuốc không xác định"
T80.6,Phản ứng huyết thanh khác
T80.2,"Nhiễm trùng sau truyền dịch, truyền máu và tiêm thuốc"
T80.0,"Thuyên tắc mạch do khí sau truyền dịch, truyền máu và tiêm thuốc"
T80.3,Phản ứng tương tác ABO
T80.1,"Biến chứng huyết quản sau truyền dịch, truyền máu và tiêm thuốc"
T82.9,"Biến chứng không xác định của thiết bị nhân tạo của tim và mạch máu, implant và vật ghép"
T82.3,Biến chứng cơ học của vật ghép mạch khác
T82.0,Biến chứng cơ học của van tim nhân tạo
T82.2,Biến chứng cơ học của đường thay thế động mạch vành và van ghép
T82.4,Biến chứng cơ học của ống thông thẩm tách huyết quản
T82.6,Nhiễm trùng và phản ứng viêm do van tim nhân tạo
T82.5,Biến chứng cơ học của thiết bị tim mạch và Implant khác
T82.7,"Nhiễm trùng và phản ứng viêm do thiết bị tim mạch, implant và vật ghép"
T82.8,"Biến chứng khác của thiết bị tim và huyết quản nhân tạo, implant và vật ghép"
T82.1,Biến chứng cơ học của thiết bị điện tử tại tim
T28.1,Bỏng tại thực quản
T28.6,Ăn mòn tại thực quản
T28.0,Bỏng tại miệng và họng
T28.2,Bỏng tại phần khác của đường tiêu hoá
T28.3,Bỏng tại phần trong của đường tiết niệu sinh dục
T28.9,Ăn mòn ở nội tạng khác và không xác định
T28.7,Ăn mòn tại phần khác của đường tiêu hoá
T28.5,Ăn mòn tại miệng và họng
T28.4,Bỏng nơi khác và các nội tạng không xác định
T28.8,"Ăn mòn tại phần trong của đường sinh dục, tiết niệu"
T27.4,Ăn mòn thanh quản và khí quản
T27.1,Bỏng tác động thanh quản và khí quản với phổi
T27.3,"Bỏng đường hô hấp, phần không xác định"
T27.7,"Ăn mòn đường hô hấp, phần không xác định"
T27.6,Ăn mòn phần khác của đường hô hấp
T27.5,Ăn mòn tác động thanh quản và khí quản với phổi
T27.0,Bỏng thanh quản và khí quản
T27.2,Bỏng phần khác của đường hô hấp
T26.3,Bỏng tại phần khác của mắt và phần phụ của mắt
T26.4,"Bỏng tại mắt và phần phụ của mắt, phần không xác định"
T26.2,Bỏng với hậu quả gây vỡ và phá huỷ nhãn cầu
T26.8,Ăn mòn tại phần khác của mắt và phần phụ của mắt
T26.1,"Bỏng kết mạc, giác mạc"
T26.0,Bỏng tại mi mắt và vùng quanh nhãn cầu
T26.6,Ăn mòn tại giác mạc và kết mạc
T26.7,Ăn mòn với hậu quả gây vỡ và phá huỷ nhãn cầu
T26.9,"Ăn mòn tại mắt và phần phụ mắt, phần không xác định"
T26.5,Ăn mòn tại mi mắt và vùng quanh nhãn cầu
T31.5,Bỏng tổn thương 50- 59% bề mặt cơ thể
T31.8,Bỏng tổn thương 80- 89% bề mặt cơ thể
T31.6,Bỏng tổn thương 60- 69% bề mặt cơ thể
T31.2,Bỏng tổn thương 20- 29% bề mặt cơ thể
T31.1,Bỏng tổn thương 10- 19% bề mặt cơ thể
T31.9,"Bỏng tổn thương 90% hoặc hơn, bề mặt cơ thể"
T31.0,Bỏng tổn thương ít hơn 10% bề mặt cơ thể
T31.4,Bỏng tổn thương 40- 49% bề mặt cơ thể
T31.3,Bỏng tổn thương 30- 39% bề mặt cơ thể
T31.7,Bỏng tổn thương 70- 79% bề mặt cơ thể
T30.1,"Bỏng độ một, vùng cơ thể không xác định"
T30.0,"Bỏng vùng cơ thể không xác định, độ không xác định"
T30.5,"Ăn mòn độ một, vùng cơ thể không xác định"
T30.4,"Ăn mòn vùng cơ thể không xác định, độ không xác định"
T30.7,"Ăn mòn độ ba, vùng cơ thể không xác định"
T30.2,"Bỏng độ hai, vùng cơ thể không xác định"
T30.3,"Bỏng độ ba, vùng cơ thể không xác định"
T30.6,"Ăn mòn độ hai, vùng cơ thể không xác định"
T29.6,"Ăn mòn nhiều vùng, không hơn ăn mòn độ hai đã đề cập"
T29.2,"Bỏng nhiều vùng, không hơn bỏng độ hai đã đề cập"
T29.4,Ăn mòn nhiều vùng độ không xác định
T29.0,Bỏng nhiều vùng độ không xác định
T29.7,"Ăn mòn nhiều vùng, ít nhất có một ăn mòn độ ba đã đề cập"
T29.5,"Ăn mòn nhiều vùng, không hơn ăn mòn độ một đã đề cập"
T29.3,"Bỏng nhiều vùng, ít nhất có một bỏng độ ba đã đề cập"
T29.1,"Bỏng nhiều vùng, không hơn bỏng độ một đã đề cập"
T32.9,"Ăn mòn tổn thương 90% hoặc hơn, bề mặt cơ thể"
T32.4,Ăn mòn tổn thương 40- 49% bề mặt cơ thể
T32.7,Ăn mòn tổn thương 70- 79% bề mặt cơ thể
T32.6,Ăn mòn tổn thương 60- 69% bề mặt cơ thể
T32.3,Ăn mòn tổn thương 30- 39% bề mặt cơ thể
T32.1,Ăn mòn tổn thương 10- 19% bề mặt cơ thể
T32.5,Ăn mòn tổn thương 50- 59% bề mặt cơ thể
T32.0,Ăn mòn tổn thương ít hơn 10% bề mặt cơ thể
T32.8,Ăn mòn tổn thương 80- 89% bề mặt cơ thể
T32.2,Ăn mòn tổn thương 20- 29% bề mặt cơ thể
T21.0,Bỏng tại thân độ không xác định
T21.6,Ăn mòn tại thân mình độ hai
T21.1,Bỏng tại thân độ một
T21.5,Ăn mòn tại thân mình độ một
T21.7,Ăn mòn tại thân mình độ ba
T21.3,Bỏng tại thân độ ba
T21.2,Bỏng tại thân độ hai
T21.4,Ăn mòn tại thân mình độ không xác định
T20.2,Bỏng độ hai tại đầu và cổ
T20.6,Ăn mòn độ hai tại đầu và cổ
T20.4,Ăn mòn độ không xác định tại đầu và cổ
T20.7,Ăn mòn độ ba tại đầu và cổ
T20.1,Bỏng độ một tại đầu và cổ
T20.3,Bỏng độ ba tại đầu và cổ
T20.5,Ăn mòn độ một tại đầu và cổ
T20.0,Bỏng độ không xác định tại đầu và cổ
T23.6,Ăn mòn độ hai của cổ tay và bàn tay
T23.4,Ăn mòn độ không xác định của cổ tay và bàn tay
T23.3,Bỏng độ ba của cổ tay và bàn tay
T23.5,Ăn mòn độ một của cổ tay và bàn tay
T23.0,Bỏng độ không xác định của cổ tay và bàn tay
T23.7,Ăn mòn độ ba của cổ tay và bàn tay
T23.1,Bỏng độ một của cổ tay và bàn tay
T23.2,Bỏng độ hai của cổ tay và bàn tay
T25.6,Ăn mòn độ hai tại cổ chân và bàn chân
T25.4,Ăn mòn độ không xác định tại cổ chân và bàn chân
T25.1,Bỏng độ một tại cổ chân và bàn chân
T25.2,Bỏng độ hai tại cổ chân và bàn chân
T25.3,Bỏng độ ba tại cổ chân và bàn chân
T25.5,Ăn mòn độ một tại cổ chân và bàn chân
T25.0,Bỏng độ không xác định tại cổ chân và bàn chân
T25.7,Ăn mòn độ ba tại cổ chân và bàn chân
T22.1,"Bỏng độ một của vai và chi trên, trừ cổ tay và bàn tay"
T22.7,"Ăn mòn độ ba của vai và chi trên, trừ cổ tay và bàn tay"
T22.2,"Bỏng độ hai của vai và chi trên, trừ cổ tay và bàn tay"
T22.3,"Bỏng độ ba của vai và chi trên, trừ cổ tay và bàn tay"
T22.4,"Ăn mòn độ không xác định của vai và chi trên, trừ cổ tay và bàn tay"
T22.5,"Ăn mòn độ một của vai và chi trên, trừ cổ tay và bàn tay"
T22.0,"Bỏng độ không xác định của vai và chi trên, trừ cổ tay và bàn tay"
T22.6,"Ăn mòn độ hai của vai và chi trên, trừ cổ tay và bàn tay"
T24.3,"Bỏng độ ba tại hông và chi dưới, trừ cổ chân và bàn chân"
T24.7,"Ăn mòn độ ba tại hông và chi dưới, trừ cổ chân và bàn chân"
T24.5,"Ăn mòn độ một tại hông và chi dưới, trừ cổ chân và bàn chân"
T24.1,"Bỏng độ một tại hông và chi dưới, trừ cổ chân và bàn chân"
T24.4,"Ăn mòn độ không xác định tại hông và chi dưới, trừ cổ chân và bàn chân"
T24.6,"Ăn mòn độ hai tại hông và chi dưới, trừ cổ chân và bàn chân"
T24.2,"Bỏng độ hai tại hông và chi dưới, trừ cổ chân và bàn chân"
T24.0,"Bỏng độ không xác định tại hông và chi dưới, trừ cổ chân và bàn chân"
T18.0,Dị vật trong miệng
T18.2,Dị vật trong dạ dày
T18.1,Dị vật trong thực quản
T18.8,Dị vật nơi khác và nhiều phần của đường tiêu hoá
T18.5,Dị vật trong hậu môn và trực tràng
T18.3,Dị vật trong ruột non
T18.4,Dị vật trong ruột già
T18.9,"Dị vật trong đường tiêu hoá, phần không xác định"
T19.8,Dị vật nơi khác và nhiều phần của đường tiết niệu sinh dục
T19.0,Dị vật trong niệu đạo
T19.2,Dị vật trong âm hộ và âm đạo
T19.3,Dị vật trong tử cung (bất kỳ chỗ nào)
T19.9,"Dị vật trong đường tiết niệu sinh dục, phần không xác định"
T19.1,Dị vật trong bàng quang
T17.3,Dị vật trong thanh quản
T17.0,Dị vật trong khoang mũi
T17.1,Dị vật trong lỗ mũi
T17.5,Dị vật trong phế quản
T17.9,"Dị vật trong đường hô hấp, phần không xác định"
T17.2,Dị vật trong họng
T17.8,Dị vật nơi khác và nhiều phần của đường hô hấp
T17.4,Dị vật trong khí quản
T15.9,"Dị vật ở mắt ngoài, phần không xác định"
T15.1,Dị vật kết mạc
T15.8,Dị vật nơi khác và nhiều phần ở mắt ngoài
T15.0,Dị vật giác mạc
T56.1,Nhiễm độc Thuỷ ngân và hợp chất của thuỷ ngân
T56.4,Nhiễm độc Đồng và hợp chất của Đồng
T56.7,Nhiễm độc Beryllium và hợp chất của Beryllium
T56.3,Nhiễm độc Dadmi và hợp chất của Dadmi
T56.2,Nhiễm độc Crôm và hợp chất của Crom
T56.6,Nhiễm độc Thiếc và hợp chất của Thiếc
T56.9,Nhiễm độc Kim loại không xác định
T56.5,Nhiễm độc Kẽm và hợp chất của Kẽm
T56.8,Nhiễm độc Kim loại khác
T56.0,Nhiễm độc Chì và hợp chất của chì
T65.6,"Nhiễm độc Sơn và thuốc nhuộm, không phân loại nơi khác"
T65.2,Nhiễm độc Thuốc lá và nicotin
T65.0,Nhiễm độc Cyanid
T65.4,Nhiễm độc Carbon disulfid
T65.3,Nhiễm độc Dẫn xuất nitro và amino của benzen và chất đồng đẳng
T65.8,Nhiễm độc các chất xác định khác
T65.9,Nhiễm độc các chất không xác định
T65.1,Nhiễm độc Strychnin và muối của nó
T65.5,Nhiễm độc Nitroglycerin và acid nitric và ester khác
T61.2,Nhiễm độc cá khác và sò ốc
T61.8,Nhiễm độc hải sản khác
T61.0,Nhiễm độc cá Ciguatera
T61.9,Nhiễm độc hải sản không xác định
T61.1,Nhiễm độc cá Scombroid
T62.9,"Ngộ độc do ăn chất độc như thực phẩm, không xác định"
T62.2,Ngộ độc do ăn (một phần) các cây khác
T62.1,Ngộ độc do ăn quả Dâu
T62.0,Ngộ độ do ăn Nấm
T62.8,Ngộ độc do ăn chất độc khác đã xác định như thực phẩm
T60.2,Nhiễm độc Thuốc diệt côn trùng khác và không xác định
T60.9,Nhiễm độc Thuốc trừ sâu không xác định
T60.8,Nhiễm độc Thuốc trừ sâu khác
T60.1,Nhiễm độc Thuốc diệt côn trùng halogen
T60.4,Nhiễm độc Thuốc diệt chuột
T60.3,Nhiễm độc Thuốc diệt cỏ và thuốc diệt nấm
T60.0,Nhiễm độc Thuốc diệt côn trùng phosphat hữu cơ và carbamat
T51.1,Nhiễm độc Methanol
T51.8,Nhiễm độc Cồn khác
T51.9,Nhiễm độc Cồn không xác định
T51.0,Nhiễm độc Ethanol
T51.2,Nhiễm độc 2- Propanol
T51.3,Nhiễm độc Dầu fusel (dầu rượu tạp)
T54.9,"Nhiễm độc Chất ăn mòn, không xác định"
T54.2,Nhiễm độc Acid ăn mòn và chất giống acid
T54.3,Nhiễm độc Kiềm ăn mòn và chất giống kiềm
T54.0,Nhiễm độc Phenol và chất đồng đẳng của phenol
T54.1,Nhiễm độc Hợp chất hữu cơ ăn mòn khác
T63.3,Nhiễm độc Nọc độc nhện
T63.2,Nhiễm độc Nọc độc của bọ cạp
T63.8,Tác dụng độc do tiếp xúc với xúc vật tiết nọc độc khác
T63.9,Ngộ độc do tiếp xúc vật tiết nọc độc không xác định
T63.5,Tác dụng độc do tiếp xúc cá
T63.6,Tác dụng độc do tiếp xúc với động vật biển khác
T63.4,Nhiễm độc Nọc độc của các tiết túc khác
T63.1,Nhiễm độc Nọc độc của loài bò sát khác
T63.0,Nhiễm độc Nọc độc rắn (rắn cắn)
T57.8,Nhiễm độc Chất vô cơ xác định khác
T57.0,Nhiễm độc Arsen và hợp chất của Arsen
T57.1,Nhiễm độc Phospho và hợp chất của Phospho
T57.3,Nhiễm độc Toxic effect: Hydrogen cyanide
T57.9,"Nhiễm độc Chất vô cơ, không xác định"
T57.2,Nhiễm độc Manganes và hợp chất của Manganes
T59.6,Nhiễm độc Hydrogen sulfid
T59.1,Nhiễm độc Sulfur dioxid
T59.4,Nhiễm độc hơi Chlorin
T59.9,"Nhiễm độc Khí, khói hơi không xác định"
T59.2,Nhiễm độc Formaldehyd
T59.3,Nhiễm độc hơi Lacrimogenic
T59.0,Nhiễm độc Nitrogen oxid
T59.8,"Nhiễm độc Khí, khói hơi xác định khác"
T59.7,Nhiễm độc Carbon dioxid (CO2)
T59.5,Nhiễm độc hơi Fluorin và hydrogen fluorid
T53.7,Nhiễm độc Dẫn xuất halogen của hydrocarbon thơm
T53.4,Nhiễm độc Dichloromethan
T53.9,Nhiễm độc Dẫn xuất halogen của hydrocarbon béo và hydrocarbon thơm không xác định
T53.5,Nhiễm độc Chlorofluorocarbon
T53.3,Nhiễm độc Tetrachloroethylen
T53.2,Nhiễm độc Trichloroethylene
T53.1,Nhiễm độc Chloroform
T53.6,Nhiễm độc Dẫn xuất halogen của hydrocarbon béo
T53.0,Nhiễm độc Carbon tetrachlorid
T52.3,Nhiễm độc Glycol
T52.1,Nhiễm độc Benzene
T52.8,Nhiễm độc Dung môi hữu cơ khác
T52.4,Nhiễm độc Keton
T52.0,Nhiễm độc Sản phẩm dầu hoả
T52.2,Nhiễm độc Chất đồng đẳng của benzen
T52.9,Nhiễm độc Dung môi hữu cơ không xác định
J95.9,"Rối loạn hô hấp sau phẫu thuật, không đặc hiệu"
J95.8,"Rối loạn hô hấp sau phẫu thuật, thủ thuật khác"
J95.2,Hở van động mạch phổi cấp tính sau phẫu thuật ngoài lồng ngực
J95.5,Hẹp dưới thanh môn sau phẫu thuật
J95.1,Hở van động mạch phổi cấp tính sau phẫu thuật lồng ngực
J95.0,Rối loạn chức năng sau khi mở khí quản
J95.3,Hở van động mạch phổi mạn tính sau phẫu thuật
J95.4,Hội chứng Mendelson
J99.1*,Bệnh hô hấp trong các bệnh mô liên kết lan toả khác
J99.0*,Bệnh phổi dạng thấp (M05.1†)
J99.8*,Bệnh lý hô hấp trong các bệnh phân loại nơi khác
J96.1,Suy hô hấp mạn
J96.0,Suy hô hấp cấp
J96.9,"Suy hô hấp, không xác định"
J98.1,Xẹp phổi
J98.2,Giãn phế nang mô kẽ
J98.7,"Nhiễm trùng đường hô hấp, không phân loại nơi khác"
J98.3,Giãn phế nang còn bù
J98.8,Bệnh hô hấp xác định khác
J98.5,"Bệnh của trung thất, không phân loại nơi khác"
J98.4,Các bệnh khác của phổi
J98.6,Bệnh của cơ hoành
J98.0,"Bệnh phế quản, không phân loại nơi khác"
J98.9,"Bệnh hô hấp, không phân loại"
J44.1,"Bệnh phổi tắc nghẽn mạn tính đợt cấp, không đặc hiệu"
J44.0,Bệnh phổi tắc nghẽn mạn tính đợt cấp do bội nhiễm
J44.9,"Bệnh phổi tắc nghẽn mạn tính, không xác định"
J44.8,Bệnh phổi tắc nghẽn mạn tính xác định khác
J41.1,Viêm phế quản mạn tính nhầy mủ
J41.0,Viêm phế quản mạn tính đơn thuần
J41.8,Viêm phế quản mạn tính hỗn hợp (đơn thuần và nhầy mủ)
J43.2,Khí phế thũng trung tâm tiểu thuỳ
J43.8,Khí phế thũng khác
J43.0,Hội chứng MacLeod
J43.1,Khí phế thũng toàn tiểu thuỳ
J43.9,"Khí phế thũng, không đặc hiệu"
J45.9,"Hen, không phân loại"
J45.0,Hen chủ yếu do dị ứng
J45.8,Hen hỗn hợp
J45.1,Hen không dị ứng
J06.8,Các nhiễm trùng đường hô hấp trên cấp khác ở nhiều vị trí
J06.9,"Nhiễm trùng đường hô hấp trên cấp, không xác định"
J06.0,Viêm họng- thanh quản cấp
J05.1,Viêm thanh thiệt cấp
J05.0,Viêm thanh quản tắc nghẽn cấp [CROUP]
J04.1,Viêm khí quản cấp
J04.0,Viêm thanh quản cấp
J04.2,Viêm thanh khí quản cấp
J01.9,"Viêm mũi xoang cấp, không đặc hiệu"
J01.4,Viêm đa xoang cấp tính
J01.3,Viêm xoang bướm cấp
J01.1,Viêm xoang trán cấp
J01.8,Viêm đa xoang cấp tính khác
J01.2,Viêm xoang sàng cấp
J01.0,Viêm xoang hàm cấp tính
J02.0,Viêm họng do liên cầu
J02.8,Viêm họng cấp do các vi sinh vật xác định khác
J02.9,"Viêm họng cấp, không đặc hiệu"
J03.9,"Viêm amidan cấp, không đặc hiệu"
J03.0,Viêm amidan do liên cầu Streptococcus
J03.8,Viêm amidan cấp tính do các vi sinh vật xác định khác
J94.9,"Bệnh màng phổi, không đặc hiệu"
J94.1,Xơ hoá màng phổi
J94.2,Tràn máu màng phổi
J94.0,Tràn dịch dưỡng chấp
J94.8,Các bệnh màng phổi xác định khác
J92.9,Mảng màng phổi không do amian
J92.0,Mảng màng phổi do amian
J93.1,Các dạng tràn khí màng phổi tự phát khác
J93.0,Tràn khí màng phổi áp lực tự phát
J93.9,"Tràn khí màng phổi, không phân loại"
J93.8,Các dạng tràn khí màng phổi khác
J84.0,Bệnh lý phế nang và thành phế nang
J84.1,Bệnh phổi mô kẽ khác có xơ
J84.8,Bệnh phổi mô kẽ xác định khác
J84.9,"Bệnh phổi mô kẽ, không phân loại"
J21.8,Viêm tiểu phế quản cấp do vi sinh vật xác định khác
J21.9,"Viêm tiểu phế quản cấp, không đặc hiệu"
J21.0,Viêm tiểu phế quản cấp do vi rút hợp bào hô hấp
J21.1,Viêm tiểu phế quản cấp tính do vi rút Metapneumo ở người
J20.0,Viêm phế quản cấp do Mycoplasma pneumoniae
J20.4,Viêm phế quản cấp do vi rút Parainfluenza
J20.6,Viêm phế quản cấp do vi rút Rhino
J20.8,Viêm phế quản cấp do vi sinh vật xác định khác
J20.7,Viêm phế quản cấp do vi rút Echo
J20.3,Viêm phế quản cấp do vi rút Coxsackie
J20.1,Viêm phế quản cấp do Haemophilus lnfluenzae
J20.5,Viêm phế quản cấp do vi rút hợp bào hô hấp
J20.2,Viêm phế quản cấp do streptococcus
J20.9,"Viêm phế quản cấp, không đặc hiệu"
J31.0,Viêm mũi mạn tính
J31.1,Viêm mũi họng mạn tính
J31.2,Viêm họng mạn tính
J30.2,Viêm mũi dị ứng theo mùa khác
J30.0,Viêm mũi vận mạch
J30.4,"Viêm mũi dị ứng, không đặc hiệu"
J30.3,Viêm mũi dị ứng khác
J30.1,Viêm mũi dị ứng do phấn hoa
J33.9,"Polyp mũi, không phân loại"
J33.8,Polyp của xoang khác
J33.0,Polyp khoang mũi
J33.1,Thoái hoá xoang dạng polyp
J39.9,"Bệnh của đường hô hấp trên, không đặc hiệu"
J39.0,Áp xe thành sau họng và áp xe quanh khoang họng
J39.8,Các bệnh lý xác định khác của đường hô hấp trên
J39.1,Áp xe khác của họng
J39.2,Bệnh khác của họng
J39.3,"Phản ứng quá mẫn đường hô hấp trên, vị trí không xác định"
J32.8,Viêm mũi xoang mạn tính khác
J32.3,Viêm xoang bướm mạn tính
J32.2,Viêm xoang sàng mạn tính
J32.4,Viêm đa xoang mạn tính
J32.0,Viêm xoang hàm mạn tính
J32.9,"Viêm mũi xoang mạn tính, không đặc hiệu"
J32.1,Viêm xoang trán mạn tính
J38.5,Co thắt thanh quản
J38.4,Phù thanh quản
J38.0,Liệt dây thanh âm và thanh quản
J38.1,Polyp của dây thanh âm và thanh quản
J38.7,Các bệnh lý khác của thanh quản
J38.3,Các bệnh lý khác của dây thanh âm
J38.6,Hẹp thanh quản
J38.2,Hạt xơ dây thanh
J35.8,Bệnh mạn tính khác của amidan và VA
J35.3,amidan quá phát kèm VA quá phát
J35.9,"Bệnh mạn tính của Amidan và VA, không đặc hiệu"
J35.2,VA quá phát
J35.0,Viêm amidan mạn tính
J35.1,Amidan quá phát
J34.2,Lệch vách ngăn mũi
J34.8,Bệnh xác định khác của mũi và xoang
J34.3,Phì đại cuốn mũi
J34.1,U nang và u nhày của mũi và xoang mũi
J34.0,"Áp xe, nhọt và nhọt cụm ở mũi"
J37.1,Viêm thanh khí quản mạn
J37.0,Viêm thanh quản mạn tính
J10.1,"Cảm cúm với biểu hiện hô hấp khác, vi rút cúm mùa được định danh khác"
J10.8,"Cảm cúm với biểu hiện khác, vi rút cúm được định danh khác"
J10.0,"Cảm cúm với viêm phổi, vi rút cúm mùa được định danh khác"
J18.9,"Viêm phổi, không đặc hiệu"
J18.2,"Viêm phổi do nằm lâu ngày, không đặc hiệu"
J18.0,"Viêm phế quản phổi, không đặc hiệu"
J18.8,"Viêm phổi khác, không xác định vi sinh vật"
J18.1,"Viêm phổi thuỳ, không đặc hiệu"
J12.2,Viêm phổi do vi rút Parainfluenza
J12.9,"Viêm phổi vi rút, không đặc hiệu"
J12.3,Viêm phổi do vi rút Metapneumo người
J12.0,Viêm phổi do vi rút Adeno
J12.8,Viêm phổi do vi rút khác
J12.1,Viêm phổi do vi rút hợp bào hô hấp
J16.8,Viêm phổi do tác nhân nhiễm khuẩn khác
J16.0,Viêm phổi do chlamydia
J15.9,"Viêm phổi do vi khuẩn, không đặc hiệu"
J15.2,Viêm phổi do tụ cầu Staphylococcus
J15.5,Viêm phổi do Escherichia coli
J15.3,"Viêm phổi do liên cầu, nhóm B"
J15.4,Viêm phổi do các liên cầu Streptoccoccus khác
J15.8,Viêm phổi do vi khuẩn khác
J15.6,Viêm phổi do vi khuẩn Gram âm khác
J15.7,Viêm phổi do Mycoplasma pneumoniae
J15.0,Viêm phổi do Klebsiella pneumoniae
J15.1,Viêm phổi do Pseudomonas
J17.8*,Viêm phổi trong bệnh khác phân loại nơi khác
J17.1*,Viêm phổi trong các bệnh do vi rút phân loại nơi khác
J17.0*,Viêm phổi trong các bệnh do vi khuẩn phân loại nơi khác
J17.2*,Viêm phổi trong do nấm
J17.3*,Viêm phổi trong bệnh ký sinh trùng
J11.1,"Cúm với các biểu hiện hô hấp khác, vi rút không được định danh"
J11.0,"Cúm kèm viêm phổi, vi rút không được định danh"
J11.8,"Cúm với các biểu hiện khác, vi rút không được định danh"
J70.2,Bệnh phổi mô kẽ cấp tính do thuốc
J70.1,Biểu hiện mạn tính và biểu hiện khác ở phổi do phóng xạ
J70.8,Bệnh lý hô hấp do nguyên nhân ngoại sinh xác định khác
J70.9,Bệnh lý hô hấp do các nguyên nhân ngoại sinh không xác định
J70.0,Biểu hiện cấp tính ở phổi do phóng xạ
J70.3,Bệnh phổi mô kẽ mạn tính do thuốc
J70.4,"Bệnh phổi mô kẽ do thuốc, không xác định"
J68.2,"Viêm đường hô hấp trên do hoá chất, khí, khói và chất bay hơi, không phân loại nơi khác"
J68.4,"Bệnh hô hấp mạn do hoá chât, khí, khói và chất bay hơi"
J68.9,"Bệnh hô hấp không phân loại do hoá chất, khí, khói và chất bay hơi"
J68.3,"Bệnh hô hấp cấp và bán cấp khác do hoá chất, khí, khói và chất bay hơi"
J68.8,"Bệnh hô hấp khác do hoá chất, khí, khói và chất bay hơi"
J68.0,"Viêm phế quản và viêm phổi do hoá chất, chất khí, khói và chất bay hơi"
J68.1,"Phù phổi do hoá chất, khí, khói và chất bay hơi"
J62.8,Bệnh bụi phổi do bụi khác chứa silic
J62.0,Bệnh bụi phổi do bột talc
J66.1,Bệnh Flax- Dresser
J66.8,Bệnh đường dẫn bụi khí do bụi hữu cơ đặc biệt khác
J66.0,Bụi phổi bông
J66.2,Bệnh đường hô hấp do ma tuý
J69.0,Viêm phổi hít phải thức ăn và chất nôn
J69.1,Viêm phổi hít phải dầu và hương liệu
J69.8,Viêm phổi hít phải chất rắn và chất lỏng khác
J63.1,Xơ hoá do quặng bô- xít (của phổi)
J63.2,Bụi phổi do beryllium
J63.8,Bệnh phổi nghề nghiệp do bụi phổi vô cơ xác định khác
J63.0,Nhiễm bụi nhôm (của phổi)
J63.3,Xơ phổi do than chì (của phổi)
J63.4,Bệnh xơ phổi do sắt
J63.5,Bệnh xơ phổi do thiếc
J67.3,Bệnh phổi do xơ cây bần
J67.2,Bệnh phổi ở người nuôi chim
J67.8,Viêm phổi tăng cảm do bụi hữu cơ khác
J67.9,Viêm phổi tăng cảm do bụi hữu cơ không phân loại
J67.6,Bệnh phổi của công nhân bóc vỏ cây thích
J67.4,Bệnh phổi của công nhân tiếp xúc với mạch nha bị mốc
J67.7,Bệnh phổi do máy làm ẩm và máy điều hoà không khí
J67.0,Bệnh phổi của người nông dân
J67.1,Bệnh phổi do bã mía
J67.5,Bệnh phổi của công nhân trồng nấm
J85.0,Hoại thư và hoại tử ở phổi
J85.2,Áp xe phổi không có viêm phổi
J85.1,Áp xe phổi có viêm phổi
J85.3,Áp xe trung thất
J86.9,Mủ lồng ngực không có lỗ rò
J86.0,Mủ lồng ngực có lỗ rò
M18.1,Thoái hoá nguyên phát khác của khớp cổ- bàn ngón cái
M18.2,"Thoái hoá khớp cổ bàn ngón tay cái sau chấn thương, 2 bên"
M18.3,Thoái hoá khớp cổ bàn ngón cái sau chấn thương khác
M18.9,Thoái hoá khớp cổ bàn ngón cái không đặc hiệu
M18.4,"Thoái hoá khớp cổ bàn ngón tay cái thứ phát khác, 2 bên"
M18.0,"Thoái hoá khớp cổ bàn ngón tay cái, 2 bên"
M18.5,Thoái hoá khớp cổ bàn ngón cái thứ phát khác
M19.11,Thoái hoá khớp sau chấn thương ở các khớp khác: Vùng bả vai
M19.85,Thoái hoá khớp điển hình khác: Vùng chậu và đùi
M19.2,Thoái hoá khớp thứ phát khác
M19.83,Thoái hoá khớp điển hình khác: Cẳng tay
M19.88,Thoái hoá khớp điển hình khác: Vị trí khác
M19.22,Thoái hoá khớp thứ phát khác: Cánh tay
M19.81,Thoái hoá khớp điển hình khác: Vùng bả vai
M19.94,Thoái hoá khớp không đặc hiệu: Bàn tay
M19.14,Thoái hoá khớp sau chấn thương ở các khớp khác: Bàn tay
M19.13,Thoái hoá khớp sau chấn thương ở các khớp khác: Cẳng tay
M19.0,Thoái hoá khớp nguyên phát ở các khớp khác
M19.8,Thoái hoá khớp điển hình khác
M19.98,Thoái hoá khớp không đặc hiệu: Vị trí khác
M19.84,Thoái hoá khớp điển hình khác: Bàn tay
M19.24,Thoái hoá khớp thứ phát khác: Bàn tay
M19.15,Thoái hoá khớp sau chấn thương ở các khớp khác: Vùng chậu và đùi
M19.23,Thoái hoá khớp thứ phát khác: Cẳng tay
M19.95,Thoái hoá khớp không đặc hiệu: Vùng chậu và đùi
M19.12,Thoái hoá khớp sau chấn thương ở các khớp khác: Cánh tay
M19.91,Thoái hoá khớp không đặc hiệu: Vùng bả vai
M19.17,Thoái hoá khớp sau chấn thương ở các khớp khác: Cổ và bàn chân
M19.87,Thoái hoá khớp điển hình khác: Cổ và bàn chân
M19.1,Thoái hoá khớp sau chấn thương ở các khớp khác
M19.02,Thoái hoá khớp nguyên phát ở các khớp khác: Cánh tay
M19.01,Thoái hoá khớp nguyên phát ở các khớp khác: Vùng bả vai
M19.29,Thoái hoá khớp thứ phát khác: Vị trí không xác định
M19.99,Thoái hoá khớp không đặc hiệu: Vị trí không xác định
M19.93,Thoái hoá khớp không đặc hiệu: Cẳng tay
M19.18,Thoái hoá khớp sau chấn thương ở các khớp khác: Vị trí khác
M19.92,Thoái hoá khớp không đặc hiệu: Cánh tay
M19.19,Thoái hoá khớp sau chấn thương ở các khớp khác: Vị trí không xác định
M19.27,Thoái hoá khớp thứ phát khác: Cổ và bàn chân
M19.03,Thoái hoá khớp nguyên phát ở các khớp khác: Cẳng tay
M19.9,Thoái hoá khớp không đặc hiệu
M19.21,Thoái hoá khớp thứ phát khác: Vùng bả vai
M19.09,Thoái hoá khớp nguyên phát ở các khớp khác: Vị trí không xác định
M19.04,Thoái hoá khớp nguyên phát ở các khớp khác: Bàn tay
M19.82,Thoái hoá khớp điển hình khác: Cánh tay
M19.07,Thoái hoá khớp nguyên phát ở các khớp khác: Cổ và bàn chân
M19.28,Thoái hoá khớp thứ phát khác: Vị trí khác
M19.08,Thoái hoá khớp nguyên phát ở các khớp khác: Vị trí khác
M19.97,Thoái hoá khớp không đặc hiệu: Cổ và bàn chân
M19.25,Thoái hoá khớp thứ phát khác: Vùng chậu và đùi
M19.05,Thoái hoá khớp nguyên phát ở các khớp khác: Vùng chậu và đùi
M19.89,Thoái hoá khớp đặc hiệu khác: Vị trí không xác định
M16.1,Thoái hoá khớp háng nguyên phát khác
M16.3,Thoái hoá khớp háng do loạn sản khác
M16.7,Các thoái hoá khớp háng thứ phát khác
M16.6,"Các thoái hoá khớp háng thứ phát khác, 2 bên"
M16.4,"Thoái hoá khớp háng sau chấn thương, 2 bên"
M16.0,Thoái hoá khớp háng nguyên phát cả 2 bên
M16.2,"Thoái hoá khớp háng do loạn sản, 2 bên"
M16.5,Thoái hoá khớp háng sau chấn thương khác
M16.9,Thoái hoá khớp háng không đặc hiệu
M17.9,Thoái hoá khớp gối không đặc hiệu
M17.0,"Thoái hoá khớp gối nguyên phát, 2 bên"
M17.4,"Thoái hoá khớp gối thứ phát khác, 2 bên"
M17.5,Thoái hoá khớp gối thứ phát khác
M17.3,Thoái hoá khớp gối sau chấn thương khác
M17.1,Thoái hoá khớp gối nguyên phát khác
M17.2,"Thoái hoá khớp gối sau chấn thương, 2 bên"
M15.3,Thoái hoá nhiều khớp thứ phát
M15.4,Thoái hoá khớp kiểu bào mòn
M15.8,Thoái hoá đa khớp khác
M15.2,Hạt Bouchard (có kèm tổn thương khớp)
M15.1,Có hạt Heberden (có kèm tổn thương khớp)
M15.0,Thoái hoá nhiều khớp nguyên phát
M15.9,Thoái hoá đa khớp không đặc hiệu
M03.18*,Bệnh khớp sau nhiễm giang mai: vị trí khác
M03.63*,Bệnh khớp phản ứng sau một số bệnh phân loại nơi khác: cẳng tay
M03.66*,Bệnh khớp phản ứng sau một số bệnh phân loại nơi khác: cẳng chân
M03.22*,Bệnh khớp sau nhiễm khuẩn phân loại nơi khác: cánh tay
M03.68*,Bệnh khớp phản ứng sau một số bệnh phân loại nơi khác: vị trí khác
M03.24*,Bệnh khớp sau nhiễm khuẩn phân loại nơi khác: bàn tay
M03.00*,Viêm khớp phản ứng sau nhiễm não mô cầu (A39.8†): nhiều vị trí
M03.15*,Bệnh khớp sau nhiễm giang mai: vùng chậu và đùi
M03.01*,Viêm khớp phản ứng sau nhiễm não mô cầu (A39.8†): vùng bả vai
M03.04*,Viêm khớp phản ứng sau nhiễm não mô cầu (A39.8†): bàn tay
M03.16*,Bệnh khớp sau nhiễm giang mai: cẳng chân
M03.23*,Bệnh khớp sau nhiễm khuẩn phân loại nơi khác: cẳng tay
M03.02*,Viêm khớp phản ứng sau nhiễm não mô cầu (A39.8†): cánh tay
M03.26*,Bệnh khớp sau nhiễm khuẩn phân loại nơi khác: cẳng chân
M03.69*,"Bệnh khớp phản ứng sau một số bệnh phân loại nơi khác, vị trí không xác định"
M03.27*,Bệnh khớp sau nhiễm khuẩn phân loại nơi khác: cổ và bàn chân
M03.28*,Bệnh khớp sau nhiễm khuẩn phân loại nơi khác: vị trí khác
M03.06*,Viêm khớp phản ứng sau nhiễm não mô cầu (A39.8†): cẳng chân
M03.21*,Bệnh khớp sau nhiễm khuẩn khác trong bệnh phân loại nơi khác: vùng bả vai
M03.08*,Viêm khớp phản ứng sau nhiễm não mô cầu (A39.8†): vị trí khác
M03.13*,Bệnh khớp sau nhiễm giang mai: cẳng tay
M03.2*,Bệnh khớp sau nhiễm khuẩn phân loại nơi khác
M03.65*,Bệnh khớp phản ứng sau một số bệnh phân loại nơi khác: vùng chậu và đùi
M03.0*,Viêm khớp phản ứng sau nhiễm não mô cầu (A39.8†)
M03.67*,Bệnh khớp phản ứng sau một số bệnh phân loại nơi khác: cổ và bàn chân
M03.1*,Bệnh khớp sau nhiễm giang mai
M03.12*,Bệnh khớp sau nhiễm giang mai: cánh tay
M03.25*,Bệnh khớp sau nhiễm khuẩn phân loại nơi khác: vùng chậu và đùi
M03.29*,"Bệnh khớp sau nhiễm khuẩn phân loại nơi khác, vị trí không xác định"
M03.61*,Bệnh khớp phản ứng sau một số bệnh phân loại nơi khác: vùng bả vai
M03.07*,Viêm khớp phản ứng sau nhiễm não mô cầu (A39.8†): cổ và bàn chân
M03.20*,Bệnh khớp sau nhiễm khuẩn phân loại nơi khác: Nhiều vị trí
M03.19*,"Bệnh khớp sau nhiễm giang mai, vị trí không xác định"
M03.11*,Bệnh khớp sau nhiễm giang mai: vùng bả vai
M03.05*,Viêm khớp phản ứng sau nhiễm não mô cầu (A39.8†): vùng chậu và đùi
M03.60*,Bệnh khớp phản ứng sau một số bệnh phân loại nơi khác: nhiều vị trí
M03.6*,Bệnh khớp phản ứng sau một số bệnh phân loại nơi khác
M03.17*,Bệnh khớp sau nhiễm giang mai: cổ và bàn chân
M03.64*,"Bệnh khớp phản ứng sau một số bệnh phân loại nơi khác, bàn tay"
M03.62*,Bệnh khớp phản ứng sau một số bệnh phân loại nơi khác: cánh tay
M03.10*,Bệnh khớp sau nhiễm giang mai: nhiều vị trí
M03.09*,"Viêm khớp phản ứng sau nhiễm não mô cầu (A39.8†), vị trí không xác định"
M03.03*,Viêm khớp phản ứng sau nhiễm não mô cầu (A39.8†): cẳng tay
M03.14*,Bệnh khớp sau nhiễm giang mai: bàn tay
M00.85,Viêm khớp và đa khớp do các vi khuẩn đặc hiệu khác: Vùng chậu và đùi
M00.08,Viêm mủ khớp và viêm mủ nhiều khớp do tụ cầu: Vị trí khác
M00.20,Viêm khớp và viêm đa khớp khác do liên cầu: Nhiều vị trí
M00.02,Viêm mủ khớp và viêm mủ nhiều khớp do tụ cầu: Cánh tay
M00.23,Viêm khớp và viêm đa khớp khác do liên cầu: Cẳng tay
M00.21,Viêm khớp và viêm đa khớp khác do liên cầu: Vùng bả vai
M00.07,Viêm mủ khớp và viêm mủ nhiều khớp do tụ cầu: Cổ và bàn chân
M00.01,Viêm mủ khớp và viêm mủ nhiều khớp do tụ cầu: Vùng bả vai
M00.83,Viêm khớp và đa khớp do các vi khuẩn đặc hiệu khác: Cẳng tay
M00.19,Viêm khớp và viêm đa khớp do phế cầu: Vị trí không xác định
M00.22,Viêm khớp và viêm đa khớp khác do liên cầu: Cánh tay
M00.24,Viêm khớp và viêm đa khớp khác do liên cầu: Bàn tay
M00.81,Viêm khớp và đa khớp do các vi khuẩn đặc hiệu khác: Vùng bả vai
M00.09,Viêm mủ khớp và viêm mủ nhiều khớp do tụ cầu: Vị trí không xác định
M00.11,Viêm khớp và viêm đa khớp do phế cầu: Vùng bả vai
M00.12,Viêm khớp và viêm đa khớp do phế cầu: Cánh tay
M00.10,Viêm khớp và viêm đa khớp do phế cầu: Nhiều vị trí
M00.9,Viêm khớp do vi khuẩn sinh mủ không đặc hiệu
M00.03,Viêm mủ khớp và viêm mủ nhiều khớp do tụ cầu: Cẳng tay
M00.16,Viêm khớp và viêm đa khớp do phế cầu: Cẳng chân
M00.13,Viêm khớp và viêm đa khớp do phế cầu: Cẳng tay
M00.06,Viêm mủ khớp và viêm mủ nhiều khớp do tụ cầu: Cẳng chân
M00.87,Viêm khớp và đa khớp do các vi khuẩn đặc hiệu khác: Cổ và bàn chân
M00.17,Viêm khớp và viêm đa khớp do phế cầu: Cổ và bàn chân
M00.18,Viêm khớp và viêm đa khớp do phế cầu: Vị trí khác
M00.88,Viêm khớp và đa khớp do các vi khuẩn đặc hiệu khác: Vị trí khác
M00.15,Viêm khớp và viêm đa khớp do phế cầu: Vùng chậu và đùi
M00.84,Viêm khớp và đa khớp do các vi khuẩn đặc hiệu khác: Bàn tay
M00.1,Viêm khớp và viêm đa khớp do phế cầu
M00.2,Viêm khớp và viêm đa khớp khác do liên cầu
M00.25,Viêm khớp và viêm đa khớp khác do liên cầu: Vùng chậu và đùi
M00.80,Viêm khớp và đa khớp do các vi khuẩn đặc hiệu khác: Nhiều vị trí
M00.27,Viêm khớp và viêm đa khớp khác do liên cầu: Cổ và bàn chân
M00.8,Viêm khớp và đa khớp do các vi khuẩn đặc hiệu khác
M00.86,Viêm khớp và đa khớp do các vi khuẩn đặc hiệu khác: Cẳng chân
M00.05,Viêm mủ khớp và viêm mủ nhiều khớp do tụ cầu: Vùng chậu và đùi
M00.26,Viêm khớp và viêm đa khớp khác do liên cầu: Cẳng chân
M00.89,Viêm khớp và đa khớp do các vi khuẩn đặc hiệu khác: Vị trí không xác định
M00.14,Viêm khớp và viêm đa khớp do phế cầu: Bàn tay
M00.00,Viêm mủ khớp và viêm mủ nhiều khớp do tụ cầu: Nhiều vị trí
M00.04,Viêm mủ khớp và viêm mủ nhiều khớp do tụ cầu: Bàn tay
M00.0,Viêm mủ khớp và viêm mủ nhiều khớp do tụ cầu
M00.28,Viêm khớp và viêm đa khớp khác do liên cầu: Vị trí khác
M00.29,Viêm khớp và viêm đa khớp khác do liên cầu: Vị trí không xác định
M00.82,Viêm khớp và đa khớp do các vi khuẩn đặc hiệu khác: Cánh tay
M02.03,Bệnh khớp sau mổ chuyển đoạn ruột: Cẳng tay
M02.17,Bệnh khớp sau lỵ: Cổ và bàn chân
M02.83,Bệnh viêm khớp phản ứng khác: Cẳng tay
M02.02,Bệnh khớp sau mổ chuyển đoạn ruột: Cánh tay
M02.09,Bệnh khớp sau mổ chuyển đoạn ruột: Vị trí không xác định
M02.88,Bệnh viêm khớp phản ứng khác: Vị trí khác
M02.25,Bệnh khớp sau tiêm vaccin: Vùng chậu và đùi
M02.23,Bệnh khớp sau tiêm vaccin: Cẳng tay
M02.11,Bệnh khớp sau lỵ: Vùng bả vai
M02.80,Bệnh viêm khớp phản ứng khác: Nhiều vị trí
M02.2,Bệnh khớp sau tiêm vaccin
M02.08,Bệnh khớp sau mổ chuyển đoạn ruột: Vị trí khác
M02.96,Bệnh viêm khớp phản ứng không đặc hiệu: Cẳng chân
M02.15,Bệnh khớp sau lỵ: Vùng chậu và đùi
M02.18,Bệnh khớp sau lỵ: Vị trí khác
M02.16,Bệnh khớp sau lỵ: Cẳng chân
M02.36,Hội chứng Reiter: Cẳng chân
M02.07,Bệnh khớp sau mổ chuyển đoạn ruột: Cổ và bàn chân
M02.35,Hội chứng Reiter: Vùng chậu và đùi
M02.85,Bệnh viêm khớp phản ứng khác: Vùng chậu và đùi
M02.89,Bệnh viêm khớp phản ứng khác: Vị trí không xác định
M02.24,Bệnh khớp sau tiêm vaccin: Bàn tay
M02.32,Hội chứng Reiter: Cánh tay
M02.3,Hội chứng Reiter
M02.37,Hội chứng Reiter: Cổ và bàn chân
M02.99,Bệnh viêm khớp phản ứng không đặc hiệu: Vị trí không xác định
M02.8,Bệnh viêm khớp phản ứng khác
M02.01,Bệnh khớp sau mổ chuyển đoạn ruột: Vùng bả vai
M02.19,Bệnh khớp sau lỵ: Vị trí không xác định
M02.82,Bệnh viêm khớp phản ứng khác: Cánh tay
M02.22,Bệnh khớp sau tiêm vaccin: Cánh tay
M02.27,Bệnh khớp sau tiêm vaccin: Cổ và bàn chân
M02.86,Bệnh viêm khớp phản ứng khác: Cẳng chân
M02.87,Bệnh viêm khớp phản ứng khác: Cổ và bàn chân
M02.0,Bệnh khớp sau mổ chuyển đoạn ruột
M02.05,Bệnh khớp sau mổ chuyển đoạn ruột: Vùng chậu và đùi
M02.20,Bệnh khớp sau tiêm vaccin: Nhiều vị trí
M02.34,Hội chứng Reiter: Bàn tay
M02.90,Bệnh viêm khớp phản ứng không đặc hiệu: Nhiều vị trí
M02.30,Hội chứng Reiter: Nhiều vị trí
M02.10,Bệnh khớp sau lỵ: Nhiều vị trí
M02.92,Bệnh viêm khớp phản ứng không đặc hiệu: Cánh tay
M02.31,Hội chứng Reiter: Vùng bả vai
M02.13,Bệnh khớp sau lỵ: Cẳng tay
M02.81,Bệnh viêm khớp phản ứng khác: Vùng bả vai
M02.97,Bệnh viêm khớp phản ứng không đặc hiệu: Cổ và bàn chân
M02.95,Bệnh viêm khớp phản ứng không đặc hiệu: Vùng chậu và đùi
M02.28,Bệnh khớp sau tiêm vaccin: Vị trí khác
M02.1,Bệnh khớp sau lỵ
M02.00,Bệnh khớp sau mổ chuyển đoạn ruột: Nhiều vị trí
M02.98,Bệnh viêm khớp phản ứng không đặc hiệu: Vị trí khác
M02.39,Hội chứng Reiter: Vị trí không xác định
M02.04,Bệnh khớp sau mổ chuyển đoạn ruột: Bàn tay
M02.06,Bệnh khớp sau mổ chuyển đoạn ruột: Cẳng chân
M02.33,Hội chứng Reiter: Cẳng tay
M02.26,Bệnh khớp sau tiêm vaccin: Cẳng chân
M02.21,Bệnh khớp sau tiêm vaccin: Vùng bả vai
M02.93,Bệnh viêm khớp phản ứng không đặc hiệu: Cẳng tay
M02.14,Bệnh khớp sau lỵ: Bàn tay
M02.12,Bệnh khớp sau lỵ: Cánh tay
M02.38,Hội chứng Reiter: Vị trí khác
M02.94,Bệnh viêm khớp phản ứng không đặc hiệu: Bàn tay
M02.29,Bệnh khớp sau tiêm vaccin: Vị trí không xác định
M02.84,Bệnh viêm khớp phản ứng khác: Bàn tay
M02.9,Bệnh viêm khớp phản ứng không đặc hiệu
M02.91,Bệnh viêm khớp phản ứng không đặc hiệu: Vùng bả vai
M01.84*,Viêm khớp trong một số bệnh nhiễm trùng và ký sinh trùng phân loại nơi khác: bàn tay
M01.02*,Viêm khớp do não mô cầu (A39.8†): cánh tay
M01.20*,Viêm khớp trong bệnh Lyme (A69.2†): nhiều vị trí
M01.36*,Viêm khớp trong các bệnh nhiễm khuẩn phân loại nơi khác: cẳng chân
M01.13*,Viêm khớp do lao (A18.0†): cẳng tay
M01.26*,Viêm khớp trong bệnh Lyme (A69.2†): cẳng chân
M01.60*,Viêm khớp do nấm (B35- B49†): nhiều vị trí
M01.37*,Viêm khớp trong các bệnh nhiễm khuẩn phân loại nơi khác: cổ và bàn chân
M01.83*,Viêm khớp trong một số bệnh nhiễm trùng và ký sinh trùng phân loại nơi khác: cẳng tay
M01.11*,Viêm khớp do lao (A18.0†): vùng bả vai
M01.27*,Viêm khớp trong bệnh Lyme (A69.2†): cổ và bàn chân
M01.4*,Viêm khớp trong bệnh Rubella (B06.8†)
M01.62*,Viêm khớp do nấm (B35- B49†): cánh tay
M01.64*,Viêm khớp do nấm (B35- B49†): bàn tay
M01.46*,Viêm khớp trong bệnh Rubella (B06.8†): cẳng chân
M01.08*,Viêm khớp do não mô cầu (A39.8†): vị trí khác
M01.47*,Viêm khớp trong bệnh Rubella (B06.8†): cổ và bàn chân
M01.55*,Viêm khớp trong nhiễm một số vi rút phân loại nơi khác: vùng chậu và đùi
M01.42*,Viêm khớp trong bệnh Rubella (B06.8†): cánh tay
M01.2*,Viêm khớp trong bệnh Lyme (A69.2†)
M01.61*,Viêm khớp do nấm (B35- B49†): vùng bả vai
M01.53*,Viêm khớp trong nhiễm một số vi rút phân loại nơi khác: cẳng tay
M01.89*,"Viêm khớp trong một số bệnh nhiễm trùng và ký sinh trùng phân loại nơi khác, vị trí không xác định"
M01.88*,Viêm khớp trong một số bệnh nhiễm trùng và ký sinh trùng phân loại nơi khác: vị trí khác
M01.29*,"Viêm khớp trong bệnh Lyme (A69.2†), vị trí không xác định"
M01.49*,"Viêm khớp trong bệnh Rubella (B06.8†), vị trí không xác định"
M01.66*,Viêm khớp do nấm (B35- B49†): cẳng chân
M01.33*,Viêm khớp trong các bệnh nhiễm khuẩn phân loại nơi khác: cẳng tay
M01.35*,Viêm khớp trong các bệnh nhiễm khuẩn phân loại nơi khác: vùng chậu và đùi
M01.28*,Viêm khớp trong bệnh Lyme (A69.2†): vị trí khác
M01.59*,"Viêm khớp trong nhiễm một số vi rút phân loại nơi khác, vị trí không xác định"
M01.69*,"Viêm khớp do nấm (B35- B49†), vị trí không xác định"
M01.06*,Viêm khớp do não mô cầu (A39.8†): cẳng chân
M01.87*,Viêm khớp trong một số bệnh nhiễm trùng và ký sinh trùng phân loại nơi khác: cổ và bàn chân
M01.04*,Viêm khớp do não mô cầu (A39.8†): bàn tay
M01.38*,Viêm khớp trong các bệnh nhiễm khuẩn phân loại nơi khác: vị trí khác
M01.40*,Viêm khớp trong bệnh Rubella (B06.8†): nhiều vị trí
M01.45*,Viêm khớp trong bệnh Rubella (B06.8†): vùng chậu và đùi
M01.82*,Viêm khớp trong một số bệnh nhiễm trùng và ký sinh trùng phân loại nơi khác: Cánh tay
M01.43*,Viêm khớp trong bệnh Rubella (B06.8†): cẳng tay
M01.58*,Viêm khớp trong nhiễm một số vi rút phân loại nơi khác: vị trí khác
M01.09*,"Viêm khớp do não mô cầu (A39.8†), vị trí không xác định"
M01.0*,Viêm khớp do não mô cầu (A39.8†)
M01.32*,Viêm khớp trong các bệnh nhiễm khuẩn phân loại nơi khác: cánh tay
M01.24*,Viêm khớp trong bệnh Lyme (A69.2†): bàn tay
M01.34*,Viêm khớp trong các bệnh nhiễm khuẩn phân loại nơi khác: bàn tay
M01.14*,Viêm khớp do lao (A18.0†): bàn tay
M01.44*,Viêm khớp trong bệnh Rubella (B06.8†): bàn tay
M01.86*,Viêm khớp trong một số bệnh nhiễm trùng và ký sinh trùng phân loại nơi khác: cẳng chân
M01.16*,Viêm khớp do lao (A18.0†): cẳng chân
M01.67*,Viêm khớp do nấm (B35- B49†): cổ và bàn chân
M01.39*,"Viêm khớp trong các bệnh nhiễm khuẩn phân loại nơi khác, vị trí không xác định"
M01.22*,Viêm khớp trong bệnh Lyme (A69.2†): cánh tay
M01.56*,Viêm khớp trong nhiễm một số vi rút phân loại nơi khác: cẳng chân
M01.50*,Viêm khớp trong nhiễm một số vi rút phân loại nơi khác: nhiều vị trí
M01.00*,Viêm khớp do não mô cầu (A39.8†): nhiều vị trí
M01.17*,Viêm khớp do lao (A18.0†): cổ và bàn chân
M01.07*,Viêm khớp do não mô cầu (A39.8†): cổ và bàn chân
M01.6*,Viêm khớp do nấm (B35- B49†)
M01.19*,"Viêm khớp do lao (A18.0†), vị trí không xác định"
M01.63*,Viêm khớp do nấm (B35- B49†): cẳng tay
M01.65*,Viêm khớp do nấm (B35- B49†): vùng chậu và đùi
M01.54*,Viêm khớp trong nhiễm một số vi rút phân loại nơi khác: bàn tay
M01.48*,Viêm khớp trong bệnh Rubella (B06.8†): vị trí khác
M01.51*,Viêm khớp trong nhiễm một số vi rút phân loại nơi khác: vùng bả vai
M01.3*,Viêm khớp trong các bệnh nhiễm khuẩn phân loại nơi khác
M01.03*,Viêm khớp do não mô cầu (A39.8†): cẳng tay
M01.8*,Viêm khớp trong một số bệnh nhiễm trùng và ký sinh trùng phân loại nơi khác
M01.1*,Viêm khớp do lao (A18.0†)
M01.25*,Viêm khớp trong bệnh Lyme (A69.2†): vùng chậu và đùi
M01.12*,Viêm khớp do lao (A18.0†): cánh tay
M01.5*,Viêm khớp trong nhiễm một số vi rút phân loại nơi khác
M01.23*,Viêm khớp trong bệnh Lyme (A69.2†): cẳng tay
M01.57*,Viêm khớp trong nhiễm một số vi rút phân loại nơi khác: cổ và bàn chân
M01.52*,Viêm khớp trong nhiễm một số vi rút phân loại nơi khác: cánh tay
M01.68*,Viêm khớp do nấm (B35- B49†): vị trí khác
M01.31*,Viêm khớp trong các bệnh nhiễm khuẩn phân loại nơi khác: nhiều vị trí
M01.18*,Viêm khớp do lao (A18.0†): vị trí khác
M01.81*,Viêm khớp trong một số bệnh nhiễm trùng và ký sinh trùng phân loại nơi khác: vùng bả vai
M01.80*,Viêm khớp trong một số bệnh nhiễm trùng và ký sinh trùng phân loại nơi khác: nhiều vị trí
M01.30*,Viêm khớp trong các bệnh nhiễm khuẩn phân loại nơi khác: nhiều vị trí
M01.85*,Viêm khớp trong một số bệnh nhiễm trùng và ký sinh trùng phân loại nơi khác: vùng chậu và đùi
M01.41*,Viêm khớp trong bệnh Rubella (B06.8†): vùng bả vai
M01.10*,Viêm khớp do lao (A18.0†): nhiều vị trí
M01.21*,Viêm khớp trong bệnh Lyme (A69.2†): vùng bả vai
M01.05*,Viêm khớp do não mô cầu (A39.8†): vùng chậu và đùi
M01.01*,Viêm khớp do não mô cầu (A39.8†): vùng bả vai
M01.15*,Viêm khớp do lao (A18.0†): vùng chậu và đùi
M10.02,Bệnh Gút vô căn: Cánh tay
M10.23,Bệnh Gút do thuốc: Cẳng tay
M10.38,Bệnh Gút do tổn thương chức năng thận: Vị trí khác
M10.13,Bệnh Gút do ngộ độc chì: Cẳng tay
M10.42,Bệnh Gút thứ phát khác: Cánh tay
M10.26,Bệnh Gút do thuốc: Cẳng chân
M10.91,Bệnh Gút không đặc hiệu: Vùng bả vai
M10.49,Bệnh Gút thứ phát khác: Vị trí không xác định
M10.48,Bệnh Gút thứ phát khác: Vị trí khác
M10.47,Bệnh Gút thứ phát khác: Cổ và bàn chân
M10.32,Bệnh Gút do tổn thương chức năng thận: Cánh tay
M10.40,Bệnh Gút thứ phát khác: Nhiều vị trí
M10.10,Bệnh Gút do ngộ độc chì: Nhiều vị trí
M10.11,Bệnh Gút do ngộ độc chì: Vùng bả vai
M10.44,Bệnh Gút thứ phát khác: Bàn tay
M10.21,Bệnh Gút do thuốc: Vùng bả vai
M10.22,Bệnh Gút do thuốc: Cánh tay
M10.14,Bệnh Gút do ngộ độc chì: Bàn tay
M10.36,Bệnh Gút do tổn thương chức năng thận: Cẳng chân
M10.24,Bệnh Gút do thuốc: Bàn tay
M10.16,Bệnh Gút do ngộ độc chì: Cẳng chân
M10.07,Bệnh Gút vô căn: Cổ và bàn chân
M10.06,Bệnh Gút vô căn: Cẳng chân
M10.29,Bệnh Gút do thuốc: Vị trí không xác định
M10.03,Bệnh Gút vô căn: Cẳng tay
M10.12,Bệnh Gút do ngộ độc chì: Cánh tay
M10.4,Bệnh Gút thứ phát khác
M10.37,Bệnh Gút do tổn thương chức năng thận: Cổ và bàn chân
M10.2,Bệnh Gút do thuốc
M10.95,Bệnh Gút không đặc hiệu: Vùng chậu và đùi
M10.96,Bệnh Gút không đặc hiệu: Cẳng chân
M10.97,Bệnh Gút không đặc hiệu: Cổ và bàn chân
M10.25,Bệnh Gút do thuốc: Vùng chậu và đùi
M10.19,Bệnh Gút do ngộ độc chì: Vị trí không xác định
M10.39,Bệnh Gút do tổn thương chức năng thận: Vị trí không xác định
M10.28,Bệnh Gút do thuốc: Vị trí khác
M10.00,Bệnh Gút vô căn: Nhiều vị trí
M10.41,Bệnh Gút thứ phát khác: Vùng bả vai
M10.20,Bệnh Gút do thuốc: Nhiều vị trí
M10.1,Bệnh Gút do ngộ độc chì
M10.94,Bệnh Gút không đặc hiệu: Bàn tay
M10.17,Bệnh Gút do ngộ độc chì: Cổ và bàn chân
M10.34,Bệnh Gút do tổn thương chức năng thận: Bàn tay
M10.98,Bệnh Gút không đặc hiệu: Vị trí khác
M10.0,Bệnh gút tiên phát
M10.45,Bệnh Gút thứ phát khác: Vùng chậu và đùi
M10.30,Bệnh Gút do tổn thương chức năng thận: Nhiều vị trí
M10.04,Bệnh Gút vô căn: Bàn tay
M10.09,Bệnh Gút vô căn: Vị trí không xác định
M10.01,Bệnh Gút vô căn: Vùng bả vai
M10.08,Bệnh Gút vô căn: Vị trí khác
M10.90,Bệnh Gút không đặc hiệu: Nhiều vị trí
M10.3,Bệnh Gút do tổn thương chức năng thận
M10.15,Bệnh Gút do ngộ độc chì: Vùng chậu và đùi
M10.31,Bệnh Gút do tổn thương chức năng thận: Vùng bả vai
M10.99,Bệnh Gút không đặc hiệu: Vị trí không xác định
M10.43,Bệnh Gút thứ phát khác: Cẳng tay
M10.9,Bệnh Gút không đặc hiệu
M10.35,Bệnh Gút do tổn thương chức năng thận: Vùng chậu và đùi
M10.33,Bệnh Gút do tổn thương chức năng thận: Cẳng tay
M10.27,Bệnh Gút do thuốc: Cổ và bàn chân
M10.92,Bệnh Gút không đặc hiệu: Cánh tay
M10.18,Bệnh Gút do ngộ độc chì: Vị trí khác
M10.93,Bệnh Gút không đặc hiệu: Cẳng tay
M10.05,Bệnh Gút vô căn: Vùng chậu và đùi
M10.46,Bệnh Gút thứ phát khác: Cẳng chân
M13.17,"Viêm một khớp, không phân loại nơi khác: Cổ và bàn chân"
M13.88,Các viêm khớp đặc hiệu khác: Vị trí khác
M13.15,"Viêm một khớp, không phân loại nơi khác: Vùng chậu và đùi"
M13.95,Viêm khớp không đặc hiệu: Vùng chậu và đùi
M13.98,Viêm khớp không đặc hiệu: Vị trí khác
M13.0,Viêm đa khớp không đặc hiệu
M13.19,"Viêm một khớp, không phân loại nơi khác: Vị trí không xác định"
M13.97,Viêm khớp không đặc hiệu: Cổ và bàn chân
M13.99,Viêm khớp không đặc hiệu: Vị trí không xác định
M13.93,Viêm khớp không đặc hiệu: Cẳng tay
M13.90,Viêm khớp không đặc hiệu: Nhiều vị trí
M13.9,Viêm khớp không đặc hiệu
M13.87,Các viêm khớp đặc hiệu khác: Cổ và bàn chân
M13.12,"Viêm một khớp, không phân loại nơi khác: Cánh tay"
M13.84,Các viêm khớp đặc hiệu khác: Bàn tay
M13.18,"Viêm một khớp, không phân loại nơi khác: Vị trí khác"
M13.13,"Viêm một khớp, không phân loại nơi khác: Cẳng tay"
M13.80,Các viêm khớp đặc hiệu khác: Nhiều vị trí
M13.11,"Viêm một khớp, không phân loại nơi khác: Vùng bả vai"
M13.16,"Viêm một khớp, không phân loại nơi khác: Cẳng chân"
M13.91,Viêm khớp không đặc hiệu: Vùng bả vai
M13.81,Các viêm khớp đặc hiệu khác: Vùng bả vai
M13.85,Các viêm khớp đặc hiệu khác: Vùng chậu và đùi
M13.86,Các viêm khớp đặc hiệu khác: Cẳng chân
M13.94,Viêm khớp không đặc hiệu: Bàn tay
M13.96,Viêm khớp không đặc hiệu: Cẳng chân
M13.14,"Viêm một khớp, không phân loại nơi khác: Bàn tay"
M13.82,Các viêm khớp đặc hiệu khác: Cánh tay
M13.1,"Viêm một khớp, không phân loại nơi khác"
M13.83,Các viêm khớp đặc hiệu khác: Cẳng tay
M13.92,Viêm khớp không đặc hiệu: Cánh tay
M13.89,Các viêm khớp đặc hiệu khác: Vị trí không xác định
M13.8,Các viêm khớp đặc hiệu khác
M11.98,Bệnh khớp do vi tinh thể không đặc hiệu: Vị trí khác
M11.2,Bệnh vôi hoá sụn khác
M11.90,Bệnh khớp do vi tinh thể không đặc hiệu: Nhiều vị trí
M11.26,Bệnh vôi hoá sụn khác: Cẳng chân
M11.20,Bệnh vôi hoá sụn khác: Nhiều vị trí
M11.12,Bệnh vôi hoá sụn có tính chất gia đình: Cánh tay
M11.01,Bệnh do lắng đọng hydroxyapatit: Vùng bả vai
M11.80,Bệnh khớp khác do các vi tinh thể được xác định: Nhiều vị trí
M11.83,Bệnh khớp khác do các vi tinh thể được xác định: Cẳng tay
M11.27,Bệnh vôi hoá sụn khác: Cổ và bàn chân
M11.23,Bệnh vôi hoá sụn khác: Cẳng tay
M11.88,Bệnh khớp khác do các vi tinh thể được xác định: Vị trí khác
M11.99,Bệnh khớp do vi tinh thể không đặc hiệu: Vị trí không xác định
M11.95,Bệnh khớp do vi tinh thể không đặc hiệu: Vùng chậu và đùi
M11.86,Bệnh khớp khác do các vi tinh thể được xác định: Cẳng chân
M11.24,Bệnh vôi hoá sụn khác: Bàn tay
M11.02,Bệnh do lắng đọng hydroxyapatit: Cánh tay
M11.0,Bệnh do lắng đọng hydroxyapatit
M11.22,Bệnh vôi hoá sụn khác: Cánh tay
M11.06,Bệnh do lắng đọng hydroxyapatit: Cẳng chân
M11.85,Bệnh khớp khác do các vi tinh thể được xác định: Vùng chậu và đùi
M11.93,Bệnh khớp do vi tinh thể không đặc hiệu: Cẳng tay
M11.15,Bệnh vôi hoá sụn có tính chất gia đình: Vùng chậu và đùi
M11.19,Bệnh vôi hoá sụn có tính chất gia đình: Vị trí không xác định
M11.05,Bệnh do lắng đọng hydroxyapatit: Vùng chậu và đùi
M11.1,Bệnh vôi hoá sụn có tính chất gia đình
M11.29,Bệnh vôi hoá sụn khác: Vị trí không xác định
M11.00,Bệnh do lắng đọng hydroxyapatit: Nhiều vị trí
M11.04,Bệnh do lắng đọng hydroxyapatit: Bàn tay
M11.16,Bệnh vôi hoá sụn có tính chất gia đình: Cẳng chân
M11.08,Bệnh do lắng đọng hydroxyapatit: Vị trí khác
M11.82,Bệnh khớp khác do các vi tinh thể được xác định: Cánh tay
M11.07,Bệnh do lắng đọng hydroxyapatit: Cổ và bàn chân
M11.25,Bệnh vôi hoá sụn khác: Vùng chậu và đùi
M11.13,Bệnh vôi hoá sụn có tính chất gia đình: Cẳng tay
M11.10,Bệnh vôi hoá sụn có tính chất gia đình: Nhiều vị trí
M11.9,Bệnh khớp do vi tinh thể không đặc hiệu
M11.84,Bệnh khớp khác do các vi tinh thể được xác định: Bàn tay
M11.18,Bệnh vôi hoá sụn có tính chất gia đình: Vị trí khác
M11.03,Bệnh do lắng đọng hydroxyapatit: Cẳng tay
M11.14,Bệnh vôi hoá sụn có tính chất gia đình: Bàn tay
M11.11,Bệnh vôi hoá sụn có tính chất gia đình: Vùng bả vai
M11.97,Bệnh khớp do vi tinh thể không đặc hiệu: Cổ và bàn chân
M11.21,Bệnh vôi hoá sụn khác: Vùng bả vai
M11.96,Bệnh khớp do vi tinh thể không đặc hiệu: Cẳng chân
M11.87,Bệnh khớp khác do các vi tinh thể được xác định: Cổ và bàn chân
M11.91,Bệnh khớp do vi tinh thể không đặc hiệu: Vùng bả vai
M11.8,Bệnh khớp khác do các vi tinh thể được xác định
M11.09,Bệnh do lắng đọng hydroxyapatit: Vị trí không xác định
M11.94,Bệnh khớp do vi tinh thể không đặc hiệu: Bàn tay
M11.17,Bệnh vôi hoá sụn có tính chất gia đình: Cổ và bàn chân
M11.28,Bệnh vôi hoá sụn khác: Vị trí khác
M11.92,Bệnh khớp do vi tinh thể không đặc hiệu: Cánh tay
M11.81,Bệnh khớp khác do các vi tinh thể được xác định: Vùng bả vai
M11.89,Bệnh khớp khác do các vi tinh thể được xác định: Vị trí không xác định
M05.84,Viêm khớp dạng thấp huyết thanh dương tính khác: Bàn tay
M05.08,Hội chứng Felty: Vị trí khác
M05.0,Hội chứng Felty
M05.87,Viêm khớp dạng thấp huyết thanh dương tính khác: Cổ và bàn chân
M05.80,Viêm khớp dạng thấp huyết thanh dương tính khác: Nhiều vị trí
M05.28,Viêm mạch trong bệnh lý thấp khớp: Vị trí khác
M05.97,Viêm khớp dạng thấp huyết thanh dương tính không đặc hiệu: Cổ và bàn chân
M05.92,Viêm khớp dạng thấp huyết thanh dương tính không đặc hiệu: Cánh tay
M05.20,Viêm mạch trong bệnh lý thấp khớp: Nhiều vị trí
M05.02,Hội chứng Felty: Cánh tay
M05.83,Viêm khớp dạng thấp huyết thanh dương tính khác: Cẳng tay
M05.09,Hội chứng Felty: Vị trí không xác định
M05.24,Viêm mạch trong bệnh lý thấp khớp: Bàn tay
M05.89,Viêm khớp dạng thấp huyết thanh dương tính khác: Vị trí không xác định
M05.00,Hội chứng Felty: Nhiều vị trí
M05.22,Viêm mạch trong bệnh lý thấp khớp: Cánh tay
M05.95,Viêm khớp dạng thấp huyết thanh dương tính không đặc hiệu: Vùng chậu và đùi
M05.88,Viêm khớp dạng thấp huyết thanh dương tính khác: Vị trí khác
M05.85,Viêm khớp dạng thấp huyết thanh dương tính khác: Vùng chậu và đùi
M05.04,Hội chứng Felty: Bàn tay
M05.25,Viêm mạch trong bệnh lý thấp khớp: Vùng chậu và đùi
M05.26,Viêm mạch trong bệnh lý thấp khớp: Cẳng chân
M05.03,Hội chứng Felty: Cẳng tay
M05.01,Hội chứng Felty: Vùng bả vai
M05.81,Viêm khớp dạng thấp huyết thanh dương tính khác: Vùng bả vai
M05.96,Viêm khớp dạng thấp huyết thanh dương tính không đặc hiệu: Cẳng chân
M05.86,Viêm khớp dạng thấp huyết thanh dương tính khác: Cẳng chân
M05.99,Viêm khớp dạng thấp huyết thanh dương tính không đặc hiệu: Vị trí không xác định
M05.27,Viêm mạch trong bệnh lý thấp khớp: Cổ và bàn chân
M05.82,Viêm khớp dạng thấp huyết thanh dương tính khác: Cánh tay
M05.06,Hội chứng Felty: Cẳng chân
M05.05,Hội chứng Felty: Vùng chậu và đùi
M05.07,Hội chứng Felty: Cổ và bàn chân
M05.29,Viêm mạch trong bệnh lý thấp khớp: Vị trí không xác định
M05.2,Viêm mạch trong bệnh lý thấp khớp
M05.23,Viêm mạch trong bệnh lý thấp khớp: Cẳng tay
M05.3†,Viêm khớp dạng thấp có tổn thương các tạng liên quan
M05.98,Viêm khớp dạng thấp huyết thanh dương tính không đặc hiệu: Vị trí khác
M05.9,Viêm khớp dạng thấp huyết thanh dương tính không đặc hiệu
M05.93,Viêm khớp dạng thấp huyết thanh dương tính không đặc hiệu: Cẳng tay
M05.1†,Bệnh phổi do viêm khớp dạng thấp (J99.0*)
M05.91,Viêm khớp dạng thấp huyết thanh dương tính không đặc hiệu: Vùng bả vai
M05.90,Viêm khớp dạng thấp huyết thanh dương tính không đặc hiệu: Nhiều vị trí
M05.21,Viêm mạch trong bệnh lý thấp khớp: Vùng bả vai
M05.8,Viêm khớp dạng thấp huyết thanh dương tính khác
M05.94,Viêm khớp dạng thấp huyết thanh dương tính không đặc hiệu: Bàn tay
M08.14,Viêm cột sống dính khớp trẻ em: Bàn tay
M08.01,Viêm khớp dạng thấp thiếu niên: Vùng bả vai
M08.92,Các viêm khớp trẻ em không đặc hiệu: Cánh tay
M08.41,Viêm khớp trẻ em thể ít khớp: Vùng bả vai
M08.21,Viêm khớp trẻ em thể khởi đầu hệ thống: Vùng bả vai
M08.15,Viêm cột sống dính khớp trẻ em: Vùng chậu và đùi
M08.81,Các viêm khớp trẻ em khác: Vùng bả vai
M08.45,Viêm khớp trẻ em thể ít khớp: Vùng chậu và đùi
M08.27,Viêm khớp trẻ em thể khởi đầu hệ thống: Cổ và bàn chân
M08.9,Các viêm khớp trẻ em không đặc hiệu
M08.49,Viêm khớp trẻ em thể ít khớp: Vị trí không xác định
M08.2,Viêm khớp thiếu niên khởi phát hệ thống
M08.3,Viêm nhiều khớp thiếu niên thể huyết thanh âm tính
M08.40,Viêm khớp trẻ em thể ít khớp: Nhiều vị trí
M08.94,Các viêm khớp trẻ em không đặc hiệu: Bàn tay
M08.16,Viêm cột sống dính khớp trẻ em: Cẳng chân
M08.29,Viêm khớp trẻ em thể khởi đầu hệ thống: Vị trí không xác định
M08.85,Các viêm khớp trẻ em khác: Vùng chậu và đùi
M08.82,Các viêm khớp trẻ em khác: Cánh tay
M08.26,Viêm khớp trẻ em thể khởi đầu hệ thống: Cẳng chân
M08.28,Viêm khớp trẻ em thể khởi đầu hệ thống: Vị trí khác
M08.89,Các viêm khớp trẻ em khác: Vị trí không xác định
M08.46,Viêm khớp trẻ em thể ít khớp: Cẳng chân
M08.06,Viêm khớp dạng thấp trẻ em: Cẳng chân
M08.99,Các viêm khớp trẻ em không đặc hiệu: Vị trí không xác định
M08.42,Viêm khớp trẻ em thể ít khớp: Cánh tay
M08.13,Viêm cột sống dính khớp trẻ em: Cẳng tay
M08.86,Các viêm khớp trẻ em khác: Cẳng chân
M08.44,Viêm khớp trẻ em thể ít khớp: Bàn tay
M08.22,Viêm khớp trẻ em thể khởi đầu hệ thống: Cánh tay
M08.11,Viêm cột sống dính khớp trẻ em: Vùng bả vai
M08.04,Viêm khớp dạng thấp trẻ em: Bàn tay
M08.96,Các viêm khớp trẻ em không đặc hiệu: Cẳng chân
M08.10,Viêm cột sống dính khớp trẻ em: Nhiều vị trí
M08.84,Các viêm khớp trẻ em khác: Bàn tay
M08.0,Viêm khớp dạng thấp thiếu niên
M08.80,Các viêm khớp trẻ em khác: Nhiều vị trí
M08.8,Các viêm khớp trẻ em khác
M08.88,Các viêm khớp trẻ em khác: Vị trí khác
M08.18,Viêm cột sống dính khớp trẻ em: Vị trí khác
M08.83,Các viêm khớp trẻ em khác: Cẳng tay
M08.90,Các viêm khớp trẻ em không đặc hiệu: Nhiều vị trí
M08.12,Viêm cột sống dính khớp trẻ em: Cánh tay
M08.97,Các viêm khớp trẻ em không đặc hiệu: Cổ và bàn chân
M08.25,Viêm khớp trẻ em thể khởi đầu hệ thống: Vùng chậu và đùi
M08.20,Viêm khớp trẻ em thể khởi đầu hệ thống: Nhiều vị trí
M08.87,Các viêm khớp trẻ em khác: Cổ và bàn chân
M08.95,Các viêm khớp trẻ em không đặc hiệu: Vùng chậu và đùi
M08.08,Viêm khớp dạng thấp trẻ em: Vị trí khác
M08.43,Viêm khớp trẻ em thể ít khớp: Cẳng tay
M08.23,Viêm khớp trẻ em thể khởi đầu hệ thống: Cẳng tay
M08.24,Viêm khớp trẻ em thể khởi đầu hệ thống: Bàn tay
M08.93,Các viêm khớp trẻ em không đặc hiệu: Cẳng tay
M08.19,Viêm cột sống dính khớp trẻ em: Vị trí không xác định
M08.47,Viêm khớp trẻ em thể ít khớp: Cổ và bàn chân
M08.05,Viêm khớp dạng thấp trẻ em: Vùng chậu và đùi
M08.03,Viêm khớp dạng thấp trẻ em: Cẳng tay
M08.09,Viêm khớp dạng thấp trẻ em: Vị trí không xác định
M08.1,Viêm khớp thiếu niên thể viêm cột sống dính khớp
M08.00,Viêm khớp dạng thấp thiếu niên: Nhiều vị trí
M08.98,Các viêm khớp trẻ em không đặc hiệu: Vị trí khác
M08.48,Viêm khớp trẻ em thể ít khớp: Vị trí khác
M08.4,Viêm khớp trẻ em thể ít khớp
M08.91,Các viêm khớp trẻ em không đặc hiệu: Vùng bả vai
M08.07,Viêm khớp dạng thấp trẻ em: Cổ và bàn chân
M08.17,Viêm cột sống dính khớp trẻ em: Cổ và bàn chân
M08.02,Viêm khớp dạng thấp trẻ em: Cánh tay
M12.89,"Các bệnh khớp đặc hiệu khác, không phân loại nơi khác: Vị trí không xác định"
M12.50,Bệnh khớp do chấn thương: Nhiều vị trí
M12.00,Bệnh khớp mạn tính sau thấp [Jaccoud]: Nhiều vị trí
M12.09,Bệnh khớp mạn tính sau thấp [Jaccoud]: Vị trí không xác định
M12.25,Viêm màng hoạt dịch thể lông nốt (sắc tố): Vùng chậu và đùi
M12.17,Bệnh Kaschin- Beck: Cổ và bàn chân
M12.20,Viêm màng hoạt dịch thể lông nốt (sắc tố): Nhiều vị trí
M12.51,Bệnh khớp do chấn thương: Vùng bả vai
M12.55,Bệnh khớp do chấn thương: Vùng chậu và đùi
M12.31,Bệnh thấp khớp thoáng qua: Vùng bả vai
M12.29,Viêm màng hoạt dịch thể lông nốt (sắc tố): Vị trí không xác định
M12.80,"Các bệnh khớp đặc hiệu khác, không phân loại nơi khác: Nhiều vị trí"
M12.40,Tràn dịch khớp hay tái phát: Nhiều vị trí
M12.19,Bệnh Kaschin- Beck: Vị trí không xác định
M12.21,Viêm màng hoạt dịch thể lông nốt (sắc tố): Vùng bả vai
M12.59,Bệnh khớp do chấn thương: Vị trí không xác định
M12.1,Bệnh Kaschin- Beck
M12.48,Tràn dịch khớp hay tái phát: Vị trí khác
M12.39,Bệnh thấp khớp thoáng qua: Vị trí không xác định
M12.12,Bệnh Kaschin- Beck: Cánh tay
M12.16,Bệnh Kaschin- Beck: Cẳng chân
M12.07,Bệnh khớp mạn tính sau thấp [Jaccoud]: Cổ và bàn chân
M12.8,"Các bệnh khớp đặc hiệu khác, không phân loại nơi khác"
M12.46,Tràn dịch khớp hay tái phát: Cẳng chân
M12.15,Bệnh Kaschin- Beck: Vùng chậu và đùi
M12.4,Tràn dịch khớp hay tái phát
M12.37,Bệnh thấp khớp thoáng qua: Cổ và bàn chân
M12.45,Tràn dịch khớp hay tái phát: Vùng chậu và đùi
M12.43,Tràn dịch khớp hay tái phát: Cẳng tay
M12.11,Bệnh Kaschin- Beck: Vùng bả vai
M12.86,"Các bệnh khớp đặc hiệu khác, không phân loại nơi khác: Cẳng chân"
M12.83,"Các bệnh khớp đặc hiệu khác, không phân loại nơi khác: Cẳng tay"
M12.02,Bệnh khớp mạn tính sau thấp [Jaccoud]: Cánh tay
M12.27,Viêm màng hoạt dịch thể lông nốt (sắc tố): Cổ và bàn chân
M12.52,Bệnh khớp do chấn thương: Cánh tay
M12.3,Bệnh thấp khớp thoáng qua
M12.34,Bệnh thấp khớp thoáng qua: Bàn tay
M12.05,Bệnh khớp mạn tính sau thấp [Jaccoud]: Vùng chậu và đùi
M12.41,Tràn dịch khớp hay tái phát: Vùng bả vai
M12.53,Bệnh khớp do chấn thương: Cẳng tay
M12.18,Bệnh Kaschin- Beck: Vị trí khác
M12.06,Bệnh khớp mạn tính sau thấp [Jaccoud]: Cẳng chân
M12.5,Bệnh khớp do chấn thương
M12.2,Viêm màng hoạt dịch thể lông nốt (sắc tố)
M12.33,Bệnh thấp khớp thoáng qua: Cẳng tay
M12.44,Tràn dịch khớp hay tái phát: Bàn tay
M12.22,Viêm màng hoạt dịch thể lông nốt (sắc tố): Cánh tay
M12.10,Bệnh Kaschin- Beck: Nhiều vị trí
M12.49,Tràn dịch khớp hay tái phát: Vị trí không xác định
M12.87,"Các bệnh khớp đặc hiệu khác, không phân loại nơi khác: Cổ và bàn chân"
M12.03,Bệnh khớp mạn tính sau thấp [Jaccoud]: Cẳng tay
M12.38,Bệnh thấp khớp thoáng qua: Vị trí khác
M12.88,"Các bệnh khớp đặc hiệu khác, không phân loại nơi khác: Vị trí khác"
M12.57,Bệnh khớp do chấn thương: Cổ và bàn chân
M12.28,Viêm màng hoạt dịch thể lông nốt (sắc tố): Vị trí khác
M12.58,Bệnh khớp do chấn thương: Vị trí khác
M12.54,Bệnh khớp do chấn thương: Bàn tay
M12.56,Bệnh khớp do chấn thương: Cẳng chân
M12.85,"Các bệnh khớp đặc hiệu khác, không phân loại nơi khác: Vùng chậu và đùi"
M12.14,Bệnh Kaschin- Beck: Bàn tay
M12.47,Tràn dịch khớp hay tái phát: Cổ và bàn chân
M12.32,Bệnh thấp khớp thoáng qua: Cánh tay
M12.81,"Các bệnh khớp đặc hiệu khác, không phân loại nơi khác: Vùng bả vai"
M12.30,Bệnh thấp khớp thoáng qua: Nhiều vị trí
M12.23,Viêm màng hoạt dịch thể lông nốt (sắc tố): Cẳng tay
M12.26,Viêm màng hoạt dịch thể lông nốt (sắc tố): Cẳng chân
M12.01,Bệnh khớp mạn tính sau thấp [Jaccoud]: Vùng bả vai
M12.36,Bệnh thấp khớp thoáng qua: Cẳng chân
M12.82,"Các bệnh khớp đặc hiệu khác, không phân loại nơi khác: Cánh tay"
M12.84,"Các bệnh khớp đặc hiệu khác, không phân loại nơi khác: Bàn tay"
M12.42,Tràn dịch khớp hay tái phát: Cánh tay
M12.08,Bệnh khớp mạn tính sau thấp [Jaccoud]: Vị trí khác
M12.35,Bệnh thấp khớp thoáng qua: Vùng chậu và đùi
M12.24,Viêm màng hoạt dịch thể lông nốt (sắc tố): Bàn tay
M12.0,Biến dạng bàn tay kiểu Jaccoud sau bệnh thấp mạn tính
M12.13,Bệnh Kaschin- Beck: Cẳng tay
M12.04,Bệnh khớp mạn tính sau thấp [Jaccoud]: Bàn tay
M09.18*,Viêm khớp trẻ em trong bệnh Crohn [viêm ruột từng vùng] (K50.-†): vị trí khác
M09.20*,Viêm khớp trẻ em trong bệnh viêm loét đại tràng (K51.-†): nhiều vị trí
M09.88*,Viêm khớp trẻ em trong các bệnh phân loại nơi khác: vị trí khác
M09.03*,Viêm khớp thiếu niên sau vảy nến (K50._†): cẳng tay
M09.25*,Viêm khớp trẻ em trong bệnh viêm loét đại tràng (K51.-†): vùng chậu và đùi
M09.82*,Viêm khớp trẻ em trong các bệnh phân loại nơi khác: cánh tay
M09.27*,Viêm khớp trẻ em trong bệnh viêm loét đại tràng (K51.-†): cổ và bàn chân
M09.04*,Viêm khớp thiếu niên sau vảy nến (K50._†): bàn tay
M09.17*,Viêm khớp trẻ em trong bệnh Crohn [viêm ruột từng vùng] (K50.-†): cổ và bàn chân
M09.08*,Viêm khớp thiếu niên sau vảy nến (K50._†): vị trí khác
M09.89*,"Viêm khớp trẻ em trong các bệnh phân loại nơi khác, vị trí không xác định"
M09.09*,"Viêm khớp thiếu niên sau vảy nến (K50._†), vị trí không xác định"
M09.80*,Viêm khớp trẻ em trong các bệnh phân loại nơi khác: nhiều vị trí
M09.1*,Viêm khớp thiếu niên trong bệnh Crohn [viêm ruột từng vùng] (K50.-†)
M09.11*,Viêm khớp trẻ em trong bệnh Crohn [viêm ruột từng vùng] (K50.-†): vùng bả vai
M09.13*,Viêm khớp trẻ em trong bệnh Crohn [viêm ruột từng vùng] (K50.-†): cẳng tay
M09.19*,"Viêm khớp trẻ em trong bệnh Crohn [viêm ruột từng vùng] (K50.-†), vị trí không xác định"
M09.00*,Viêm khớp thiếu niên sau vảy nến (K50._†): nhiều vị trí
M09.0*,Viêm khớp thiếu niên do vẩy nến (K50._†)
M09.28*,Viêm khớp trẻ em trong bệnh viêm loét đại tràng (K51.-†): vị trí khác
M09.22*,Viêm khớp trẻ em trong bệnh viêm loét đại tràng (K51.-†): cánh tay
M09.85*,Viêm khớp trẻ em trong các bệnh phân loại nơi khác vùng chậu và đùi
M09.21*,Viêm khớp trẻ em trong bệnh viêm loét đại tràng (K51.-†): vùng bả vai
M09.05*,Viêm khớp thiếu niên sau vảy nến (K50._†): vùng chậu và đùi
M09.8*,Viêm khớp trẻ em trong các bệnh phân loại nơi khác
M09.86*,Viêm khớp trẻ em trong các bệnh phân loại nơi khác: cẳng chân
M09.10*,Viêm khớp trẻ em trong bệnh Crohn [viêm ruột từng vùng] (K50.-†): nhiều vị trí
M09.02*,Viêm khớp thiếu niên sau vảy nến (K50._†): cánh tay
M09.12*,Viêm khớp trẻ em trong bệnh Crohn [viêm ruột từng vùng] (K50.-†): cánh tay
M09.14*,Viêm khớp trẻ em trong bệnh Crohn (viêm ruột đoạn] (K50.-†): bàn tay
M09.07*,Viêm khớp thiếu niên sau vảy nến (K50._†): cổ và bàn chân
M09.87*,Viêm khớp trẻ em trong các bệnh phân loại nơi khác: cổ và bàn chân
M09.06*,Viêm khớp thiếu niên sau vảy nến (K50._†): cẳng chân
M09.01*,Viêm khớp thiếu niên sau vảy nến (K50._†): vùng bả vai
M09.16*,Viêm khớp trẻ em trong bệnh Crohn [viêm ruột từng vùng] (K50.-†): cẳng chân
M09.15*,Viêm khớp trẻ em trong bệnh Crohn [viêm ruột từng vùng] (K50.-†): vùng chậu và đùi
M09.24*,Viêm khớp trẻ em trong bệnh viêm loét đại tràng (K51.-†): bàn tay
M09.26*,Viêm khớp trẻ em trong bệnh viêm loét đại tràng (K51.-†): cẳng chân
M09.2*,Viêm khớp trẻ em trong bệnh viêm loét đại tràng (K51.-†)
M09.83*,Viêm khớp trẻ em trong các bệnh phân loại nơi khác: cẳng tay
M09.29*,"Viêm khớp trẻ em trong bệnh viêm loét đại tràng (K51.-†), vị trí không xác định"
M09.84*,"Viêm khớp trẻ em trong các bệnh phân loại nơi khác, bàn tay"
M09.81*,Viêm khớp trẻ em trong các bệnh phân loại nơi khác: vùng bả vai
M09.23*,Viêm khớp trẻ em trong bệnh viêm loét đại tràng (K51.-†): cẳng tay
M06.47,Viêm nhiều khớp: Cổ và bàn chân
M06.87,Viêm khớp dạng thấp đặc hiệu khác: Cổ và bàn chân
M06.26,Viêm bao hoạt dịch do thấp: Cẳng chân
M06.18,Bệnh Still khởi phát ở người lớn: Vị trí khác
M06.13,Bệnh Still khởi phát ở người lớn: Cẳng tay
M06.09,Viêm khớp dạng thấp huyết thanh âm tính: Vị trí không xác định
M06.01,Viêm khớp dạng thấp huyết thanh âm tính: Vùng bả vai
M06.21,Viêm bao hoạt dịch do thấp: Vùng bả vai
M06.88,Viêm khớp dạng thấp đặc hiệu khác: Vị trí khác
M06.19,Bệnh Still khởi phát ở người lớn: Vị trí không xác định
M06.0,Viêm khớp dạng thấp huyết thanh âm tính
M06.25,Viêm bao hoạt dịch do thấp: Vùng chậu và đùi
M06.32,Hạt (nốt) thấp dưới da: Cánh tay
M06.44,Viêm nhiều khớp: Bàn tay
M06.00,Viêm khớp dạng thấp huyết thanh âm tính: Nhiều vị trí
M06.4,Viêm nhiều khớp
M06.22,Viêm bao hoạt dịch do thấp: Cánh tay
M06.30,Hạt (nốt) thấp dưới da: Nhiều vị trí
M06.15,Bệnh Still khởi phát ở người lớn: Vùng chậu và đùi
M06.10,Bệnh Still khởi phát ở người lớn: Nhiều vị trí
M06.34,Hạt (nốt) thấp dưới da: Bàn tay
M06.1,Bệnh Still khởi phát ở người lớn
M06.42,Viêm nhiều khớp: Cánh tay
M06.80,Viêm khớp dạng thấp đặc hiệu khác: Nhiều vị trí
M06.07,Viêm khớp dạng thấp huyết thanh âm tính: Cổ và bàn chân
M06.45,Viêm nhiều khớp: Vùng chậu và đùi
M06.08,Viêm khớp dạng thấp huyết thanh âm tính: Vị trí khác
M06.36,Hạt (nốt) thấp dưới da: Cẳng chân
M06.82,Viêm khớp dạng thấp đặc hiệu khác: Cánh tay
M06.05,Viêm khớp dạng thấp huyết thanh âm tính: Vùng chậu và đùi
M06.24,Viêm bao hoạt dịch do thấp: Bàn tay
M06.39,Hạt (nốt) thấp dưới da: Vị trí không xác định
M06.41,Viêm nhiều khớp: Vùng bả vai
M06.81,Viêm khớp dạng thấp đặc hiệu khác: Vùng bả vai
M06.23,Viêm bao hoạt dịch do thấp: Cẳng tay
M06.37,Hạt (nốt) thấp dưới da: Cổ và bàn chân
M06.11,Bệnh Still khởi phát ở người lớn: Vùng bả vai
M06.27,Viêm bao hoạt dịch do thấp: Cổ và bàn chân
M06.16,Bệnh Still khởi phát ở người lớn: Cẳng chân
M06.86,Viêm khớp dạng thấp đặc hiệu khác: Cẳng chân
M06.43,Viêm nhiều khớp: Cẳng tay
M06.03,Viêm khớp dạng thấp huyết thanh âm tính: Cẳng tay
M06.14,Bệnh Still khởi phát ở người lớn: Bàn tay
M06.49,Viêm nhiều khớp: Vị trí không xác định
M06.46,Viêm nhiều khớp: Cẳng chân
M06.06,Viêm khớp dạng thấp huyết thanh âm tính: Cẳng chân
M06.8,Viêm khớp dạng thấp đặc hiệu khác
M06.12,Bệnh Still khởi phát ở người lớn: Cánh tay
M06.17,Bệnh Still khởi phát ở người lớn: Cổ và bàn chân
M06.84,Viêm khớp dạng thấp đặc hiệu khác: Bàn tay
M06.85,Viêm khớp dạng thấp đặc hiệu khác: Vùng chậu và đùi
M06.31,Hạt (nốt) thấp dưới da: Vùng bả vai
M06.02,Viêm khớp dạng thấp huyết thanh âm tính: Cánh tay
M06.89,Viêm khớp dạng thấp đặc hiệu khác: Vị trí không xác định
M06.83,Viêm khớp dạng thấp đặc hiệu khác: Cẳng tay
M06.33,Hạt (nốt) thấp dưới da: Cẳng tay
M06.2,Viêm bao hoạt dịch do thấp
M06.40,Viêm nhiều khớp: Nhiều vị trí
M06.35,Hạt (nốt) thấp dưới da: Vùng chậu và đùi
M06.48,Viêm nhiều khớp: Vị trí khác
M06.38,Hạt (nốt) thấp dưới da: Vị trí khác
M06.20,Viêm bao hoạt dịch do thấp: Nhiều vị trí
M06.3,Hạt (nốt) thấp dưới da
M06.28,Viêm bao hoạt dịch do thấp: Vị trí khác
M06.9,Viêm khớp dạng thấp không đặc hiệu
M06.04,Viêm khớp dạng thấp huyết thanh âm tính: Bàn tay
M06.29,Viêm bao hoạt dịch do thấp: Vị trí không xác định
M14.5*,"Bệnh khớp trong các bệnh nội tiết, dinh dưỡng và các bệnh chuyển hoá khác"
M14.1*,Bệnh khớp do vi tinh thể sau các rối loạn chuyển hoá phân loại nơi khác
M14.6*,Bệnh khớp trong bệnh lý thần kinh
M14.0*,Bệnh khớp gút do thiếu men và các bệnh lý di truyền khác
M14.4*,Bệnh khớp trong bệnh thoái hoá dạng bột (amyloidosis) (E85.-†)
M14.3*,Viêm khớp và da nhiễm mỡ (E78.8†)
M14.2*,Bệnh khớp do đái tháo đường đường (E10- E14 với ký tự thứ tư là.6†)
M14.8*,Bệnh khớp trong các bệnh đặc hiệu phân loại nơi khác
M07.00*,Bệnh khớp vảy nến có tổn thương khớp ngón xa (L40.5†): nhiều vị trí
M07.32*,Bệnh viêm khớp vảy nến khác (L40.5†): cánh tay
M07.54*,Bệnh khớp trong viêm loét đại tràng (K51.-†): bàn tay
M07.46*,Bệnh khớp trong bệnh Crohn [viêm ruột từng vùng] (K50.-†): cẳng chân
M07.19*,Viêm khớp vảy nến có huỷ khớp (L40.5†): vị trí không xác định
M07.68*,Bệnh khớp trong bệnh đường ruột khác: vị trí khác
M07.61*,Bệnh khớp trong bệnh đường ruột khác: vùng bả vai
M07.45*,Bệnh khớp trong bệnh Crohn [viêm ruột từng vùng] (K50.-†): vùng chậu và đùi
M07.63*,Bệnh khớp trong bệnh đường ruột khác: cẳng tay
M07.13*,Viêm khớp vảy nến có huỷ khớp (L40.5†): cẳng tay
M07.38*,Bệnh viêm khớp vảy nến khác (L40.5†): vị trí khác
M07.57*,Bệnh khớp trong viêm loét đại tràng (K51.-†): cổ và bàn chân
M07.30*,Bệnh viêm khớp vảy nến khác (L40.5†): nhiều vị trí
M07.69*,"Bệnh khớp trong bệnh đường ruột khác, vị trí không xác định"
M07.07*,Bệnh khớp vảy nến có tổn thương khớp ngón xa (L40.5†): cổ và bàn chân
M07.42*,Bệnh khớp trong bệnh Crohn [viêm ruột từng vùng] (K50.-†): cánh tay
M07.60*,Bệnh khớp trong bệnh đường ruột khác: nhiều vị trí
M07.64*,"Bệnh khớp trong bệnh đường ruột khác, bàn tay"
M07.49*,"Bệnh khớp trong bệnh Crohn [viêm ruột từng vùng] (K50.-†), vị trí không xác định"
M07.48*,Bệnh khớp trong bệnh Crohn [viêm ruột từng vùng] (K50.-†): vị trí khác
M07.0*,Bệnh khớp vảy nến có tổn thương khớp ngón xa (L40.5†)
M07.65*,Bệnh khớp trong bệnh đường ruột khác: vùng chậu và đùi
M07.40*,Bệnh khớp trong bệnh Crohn [viêm ruột từng vùng] (K50.-†): nhiều vị trí
M07.35*,Bệnh viêm khớp vảy nến khác (L40.5†): vùng chậu và đùi
M07.41*,Bệnh khớp trong bệnh Crohn [viêm ruột từng vùng] (K50.-†): vùng bả vai
M07.62*,Bệnh khớp trong bệnh đường ruột khác: cánh tay
M07.67*,Bệnh khớp trong bệnh đường ruột khác: cổ và bàn chân
M07.58*,Bệnh khớp trong viêm loét đại tràng (K51.-†): vị trí khác
M07.37*,Bệnh viêm khớp vảy nến khác (L40.5†): cổ và bàn chân
M07.52*,Bệnh khớp trong viêm loét đại tràng (K51.-†): cánh tay
M07.39*,"Bệnh viêm khớp vảy nến khác (L40.5†), vị trí không xác định"
M07.6,Bệnh khớp trong bệnh đường ruột khác
M07.12*,Viêm khớp vảy nến có huỷ khớp (L40.5†): Cánh tay
M07.15*,Viêm khớp vảy nến có huỷ khớp (L40.5†): vùng chậu và đùi
M07.04*,Bệnh khớp vảy nến có tổn thương khớp ngón xa (L40.5†): bàn tay
M07.59*,"Bệnh khớp trong viêm loét đại tràng (K51.-†), vị trí không xác định"
M07.3*,Bệnh viêm khớp vảy nến khác (L40.5†)
M07.43*,Bệnh khớp trong bệnh Crohn [viêm ruột từng vùng] (K50.-†): cẳng tay
M07.34*,Bệnh viêm khớp vảy nến khác (L40.5†): bàn tay
M07.1*,Viêm khớp vảy nến có huỷ khớp (L40.5†)
M07.10*,Viêm khớp vảy nến có huỷ khớp (L40.5†): Nhiều vị trí
M07.31*,Bệnh viêm khớp vảy nến khác (L40.5†): vùng bả vai
M07.4,Bệnh khớp trong bệnh Crohn [viêm ruột từng vùng] (K50.-†)
M07.18*,Viêm khớp vảy nến có huỷ khớp (L40.5†): vị trí khác
M07.50*,Bệnh khớp trong viêm loét đại tràng (K51.-†): nhiều vị trí
M07.11*,Viêm khớp vảy nến có huỷ khớp (L40.5†): vùng bả vai
M07.33*,Bệnh viêm khớp vảy nến khác (L40.5†): cẳng tay
M07.55*,Bệnh khớp trong viêm loét đại tràng (K51.-†): vùng chậu và đùi
M07.2*,Viêm cột sống vảy nến (L40.5†)
M07.5,Bệnh khớp trong viêm loét trực tràng (K51.-†)
M07.09*,"Bệnh khớp vảy nến có tổn thương khớp ngón xa (L40.5†), vị trí không xác định"
M07.16*,Viêm khớp vảy nến có huỷ khớp (L40.5†): cẳng chân
M07.47*,Bệnh khớp trong bệnh Crohn [viêm ruột từng vùng] (K50.-†): cổ và bàn chân
M07.51*,Bệnh khớp trong viêm loét đại tràng (K51.-†): vùng bả vai
M07.53*,Bệnh khớp trong viêm loét đại tràng (K51.-†): cẳng tay
M07.17*,Viêm khớp vảy nến có huỷ khớp (L40.5†): cổ và bàn chân
M07.14*,Viêm khớp vảy nến có huỷ khớp (L40.5†): bàn tay
M07.36*,Bệnh viêm khớp vảy nến khác (L40.5†): cẳng chân
M07.66*,Bệnh khớp trong bệnh đường ruột khác: cẳng chân
M07.56*,Bệnh khớp trong viêm loét đại tràng (K51.-†): cẳng chân
M07.44*,Bệnh khớp trong bệnh Crohn [viêm ruột từng vùng] (K50.-†): bàn tay
M24.03,Dị vật nội khớp: Cẳng tay
M24.65,Dính khớp: Vùng chậu và đùi
M24.67,Dính khớp: Cổ và bàn chân
M24.37,"Trật và bán trật bệnh lý của khớp, không phân loại nơi khác: Cổ và bàn chân"
M24.48,Trật và bán trật khớp tái diễn của khớp: Vị trí khác
M24.19,Các bệnh sụn khớp khác: Vị trí không xác định
M24.10,Các bệnh sụn khớp khác: Nhiều vị trí
M24.27,Bệnh dây chằng: Cổ và bàn chân
M24.24,Bệnh dây chằng: Bàn tay
M24.23,Bệnh dây chằng: Cẳng tay
M24.50,Cứng khớp: Nhiều vị trí
M24.80,"Các tổn thương khớp đặc hiệu khác, không phân loại nơi khác: Nhiều vị trí"
M24.46,Trật và bán trật khớp tái diễn của khớp: Cẳng chân
M24.13,Các bệnh sụn khớp khác: Cẳng tay
M24.08,Dị vật nội khớp: Vị trí khác
M24.54,Cứng khớp: Bàn tay
M24.35,"Trật và bán trật bệnh lý của khớp, không phân loại nơi khác: Vùng chậu và đùi"
M24.84,"Các tổn thương khớp đặc hiệu khác, không phân loại nơi khác: Bàn tay"
M24.00,Dị vật nội khớp: Nhiều vị trí
M24.6,Dính khớp
M24.43,Trật và bán trật khớp tái diễn của khớp: Cẳng tay
M24.56,Cứng khớp: Cẳng chân
M24.90,Những bệnh lý khớp không đặc hiệu: Nhiều vị trí
M24.8,"Các tổn thương khớp đặc hiệu khác, không phân loại nơi khác"
M24.38,"Trật và bán trật bệnh lý của khớp, không phân loại nơi khác: Vị trí khác"
M24.68,Dính khớp: Vị trí khác
M24.04,Dị vật nội khớp: Bàn tay
M24.09,Dị vật nội khớp: Vị trí không xác định
M24.25,Bệnh dây chằng: Vùng chậu và đùi
M24.64,Dính khớp: Bàn tay
M24.11,Các bệnh sụn khớp khác: Vùng bả vai
M24.12,Các bệnh sụn khớp khác: Cánh tay
M24.89,"Các tổn thương khớp đặc hiệu khác, không phân loại nơi khác: Vị trí không xác định"
M24.45,Trật và bán trật khớp tái diễn của khớp: Vùng chậu và đùi
M24.22,Bệnh dây chằng: Cánh tay
M24.94,Những bệnh lý khớp không đặc hiệu: Bàn tay
M24.97,Những bệnh lý khớp không đặc hiệu: Cổ và bàn chân
M24.47,Trật và bán trật khớp tái diễn của khớp: Cổ và bàn chân
M24.83,"Các tổn thương khớp đặc hiệu khác, không phân loại nơi khác: Cẳng tay"
M24.91,Những bệnh lý khớp không đặc hiệu: Vùng bả vai
M24.9,Những bệnh lý khớp không đặc hiệu
M24.15,Các bệnh sụn khớp khác: Vùng chậu và đùi
M24.81,"Các tổn thương khớp đặc hiệu khác, không phân loại nơi khác: Vùng bả vai"
M24.33,"Trật và bán trật bệnh lý của khớp, không phân loại nơi khác: Cẳng tay"
M24.58,Cứng khớp: Vị trí khác
M24.53,Cứng khớp: Cẳng tay
M24.34,"Trật và bán trật bệnh lý của khớp, không phân loại nơi khác: Bàn tay"
M24.36,"Trật và bán trật bệnh lý của khớp, không phân loại nơi khác: Cẳng chân"
M24.93,Những bệnh lý khớp không đặc hiệu: Cẳng tay
M24.29,Bệnh dây chằng: Vị trí không xác định
M24.99,Những bệnh lý khớp không đặc hiệu: Vị trí không xác định
M24.87,"Các tổn thương khớp đặc hiệu khác, không phân loại nơi khác: Cổ và bàn chân"
M24.51,Cứng khớp: Vùng bả vai
M24.92,Những bệnh lý khớp không đặc hiệu: Cánh tay
M24.02,Dị vật nội khớp: Cánh tay
M24.05,Dị vật nội khớp: Vùng chậu và đùi
M24.98,Những bệnh lý khớp không đặc hiệu: Vị trí khác
M24.01,Dị vật nội khớp: Vùng bả vai
M24.60,Dính khớp: Nhiều vị trí
M24.21,Bệnh dây chằng: Vùng bả vai
M24.30,"Trật và bán trật bệnh lý của khớp, không phân loại nơi khác: Nhiều vị trí"
M24.1,Các bệnh sụn khớp khác
M24.07,Dị vật nội khớp: Cổ và bàn chân
M24.57,Cứng khớp: Cổ và bàn chân
M24.31,"Trật và bán trật bệnh lý của khớp, không phân loại nơi khác: Vùng bả vai"
M24.52,Cứng khớp: Cánh tay
M24.39,"Trật và bán trật bệnh lý của khớp, không phân loại nơi khác: Vị trí không xác định"
M24.5,Cứng khớp
M24.28,Bệnh dây chằng: Vị trí khác
M24.17,Các bệnh sụn khớp khác: Cổ và bàn chân
M24.2,Bệnh dây chằng
M24.41,Trật và bán trật khớp tái diễn của khớp: Vùng bả vai
M24.40,Trật và bán trật khớp tái diễn của khớp: Nhiều vị trí
M24.82,"Các tổn thương khớp đặc hiệu khác, không phân loại nơi khác: Cánh tay"
M24.32,"Trật và bán trật bệnh lý của khớp, không phân loại nơi khác: Cánh tay"
M24.42,Trật và bán trật khớp tái phát của khớp: Cánh tay
M24.85,"Các tổn thương khớp đặc hiệu khác, không phân loại nơi khác: Vùng chậu và đùi"
M24.59,Cứng khớp: Vị trí không xác định
M24.18,Các bệnh sụn khớp khác: Vị trí khác
M24.88,"Các tổn thương khớp đặc hiệu khác, không phân loại nơi khác: Vị trí khác"
M24.4,Trật và bán trật khớp tái diễn của khớp
M24.7,Lồi vào trong ổ cối (protrusioacetabuli)
M24.20,Bệnh dây chằng: Nhiều vị trí
M24.44,Trật và bán trật khớp tái diễn của khớp: Bàn tay
M24.3,"Trật và bán trật bệnh lý của khớp, không phân loại nơi khác"
M24.61,Dính khớp: Vùng bả vai
M24.0,Dị vật nội khớp
M24.49,Trật và bán trật khớp tái diễn của khớp: Vị trí không xác định
M24.66,Dính khớp: Cẳng chân
M24.63,Dính khớp: Cẳng tay
M24.69,Dính khớp: Vị trí không xác định
M24.62,Dính khớp: Cánh tay
M24.55,Cứng khớp: Vùng chậu và đùi
M24.14,Các bệnh sụn khớp khác: Bàn tay
M24.95,Những bệnh lý khớp không đặc hiệu: Vùng chậu và đùi
M25.28,Lỏng lẻo khớp: Vị trí khác
M25.27,Lỏng lẻo khớp: Cổ và bàn chân
M25.50,Đau khớp: Nhiều vị trí
M25.99,Các bệnh khớp không đặc hiệu: Vị trí không xác định
M25.5,Đau khớp
M25.43,Tràn dịch khớp: Cẳng tay
M25.81,Các bệnh khớp đặc hiệu khác: Vùng bả vai
M25.87,Các bệnh khớp đặc hiệu khác: Cổ và bàn chân
M25.7,Gai xương
M25.6,"Cứng khớp, không phân loại nơi khác"
M25.55,Đau khớp: Vùng chậu và đùi
M25.46,Tràn dịch khớp: Cẳng chân
M25.52,Đau khớp: Cánh tay
M25.70,Gai xương: Nhiều vị trí
M25.82,Các bệnh khớp đặc hiệu khác: Cánh tay
M25.38,Các tổn thương mất vững khác của khớp: Vị trí khác
M25.37,Các tổn thương mất vững khác của khớp: Cổ và bàn chân
M25.3,Các tổn thương mất vững khác của khớp
M25.19,Rò khớp: Vị trí không xác định
M25.29,Lỏng lẻo khớp: Vị trí không xác định
M25.69,"Cứng khớp, không phân loại nơi khác: Vị trí không xác định"
M25.04,Tràn máu khớp: Bàn tay
M25.18,Rò khớp: Vị trí khác
M25.10,Rò khớp: Nhiều vị trí
M25.64,"Cứng khớp, không phân loại nơi khác: Bàn tay"
M25.86,Các bệnh khớp đặc hiệu khác: Cẳng chân
M25.98,Các bệnh khớp không đặc hiệu: Vị trí khác
M25.91,Các bệnh khớp không đặc hiệu: Vùng bả vai
M25.66,"Cứng khớp, không phân loại nơi khác: Cẳng chân"
M25.24,Lỏng lẻo khớp: Bàn tay
M25.15,Rò khớp: Vùng chậu và đùi
M25.71,Gai xương: Vùng bả vai
M25.84,Các bệnh khớp đặc hiệu khác: Bàn tay
M25.22,Lỏng lẻo khớp: Cánh tay
M25.54,Đau khớp: Bàn tay
M25.41,Tràn dịch khớp: Vùng bả vai
M25.51,Đau khớp: Vùng bả vai
M25.95,Các bệnh khớp không đặc hiệu: Vùng chậu và đùi
M25.68,"Cứng khớp, không phân loại nơi khác: Vị trí khác"
M25.92,Các bệnh khớp không đặc hiệu: Cánh tay
M25.83,Các bệnh khớp đặc hiệu khác: Cẳng tay
M25.75,Gai xương: Vùng chậu và đùi
M25.39,Các tổn thương mất vững khác của khớp: Vị trí không xác định
M25.01,Tràn máu khớp: Vùng bả vai
M25.59,Đau khớp: Vị trí không xác định
M25.74,Gai xương: Bàn tay
M25.14,Rò khớp: Bàn tay
M25.31,Các tổn thương mất vững khác của khớp: Vùng bả vai
M25.63,"Cứng khớp, không phân loại nơi khác: Cẳng tay"
M25.9,Các bệnh khớp không đặc hiệu
M25.49,Tràn dịch khớp: Vị trí không xác định
M25.60,"Cứng khớp, không phân loại nơi khác: Nhiều vị trí"
M25.80,Các bệnh khớp đặc hiệu khác: Nhiều vị trí
M25.16,Rò khớp: Cẳng chân
M25.03,Tràn máu khớp: Cẳng tay
M25.02,Tràn máu khớp: Cánh tay
M25.30,Các tổn thương mất vững khác của khớp: Nhiều vị trí
M25.44,Tràn dịch khớp: Bàn tay
M25.11,Rò khớp: Vùng bả vai
M25.34,Các tổn thương mất vững khác của khớp: Bàn tay
M25.76,Gai xương: Cẳng chân
M25.32,Các tổn thương mất vững khác của khớp: Cánh tay
M25.4,Tràn dịch khớp
M25.09,Tràn máu khớp: Vị trí không xác định
M25.93,Các bệnh khớp không đặc hiệu: Cẳng tay
M25.53,Đau khớp: Cẳng tay
M25.21,Lỏng lẻo khớp: Vùng bả vai
M25.89,Các bệnh khớp đặc hiệu khác: Vị trí không xác định
M25.65,"Cứng khớp, không phân loại nơi khác: Vùng chậu và đùi"
M25.07,Tràn máu khớp: Cổ và bàn chân
M25.42,Tràn dịch khớp: Cánh tay
M25.56,Đau khớp: Cẳng chân
M25.8,Các bệnh khớp đặc hiệu khác
M25.48,Tràn dịch khớp: Vị trí khác
M25.88,Các bệnh khớp đặc hiệu khác: Vị trí khác
M25.25,Lỏng lẻo khớp: Vùng chậu và đùi
M25.94,Các bệnh khớp không đặc hiệu: Bàn tay
M25.0,Tràn máu khớp
M25.67,"Cứng khớp, không phân loại nơi khác: Cổ và bàn chân"
M25.79,Gai xương: Vị trí không xác định
M25.90,Các bệnh khớp không đặc hiệu: Nhiều vị trí
M25.85,Các bệnh khớp đặc hiệu khác: Vùng chậu và đùi
M25.17,Rò khớp: Cổ và bàn chân
M25.26,Lỏng lẻo khớp: Cẳng chân
M25.78,Gai xương: Vị trí khác
M25.00,Tràn máu khớp: Nhiều vị trí
M25.77,Gai xương: Cổ và bàn chân
M25.13,Rò khớp: Cẳng tay
M25.33,Các tổn thương mất vững khác của khớp: Cẳng tay
M25.06,Tràn máu khớp: Cẳng chân
M25.35,Các tổn thương mất vững khác của khớp: Vùng chậu và đùi
M25.45,Tràn dịch khớp: Vùng chậu và đùi
M25.58,Đau khớp: Vị trí khác
M25.57,Đau khớp: Cổ và bàn chân
M25.72,Gai xương: Cánh tay
M25.20,Lỏng lẻo khớp: Nhiều vị trí
M25.40,Tràn dịch khớp: Nhiều vị trí
M25.96,Các bệnh khớp không đặc hiệu: Cẳng chân
M25.97,Các bệnh khớp không đặc hiệu: Cổ và bàn chân
M25.1,Rò khớp
M25.62,"Cứng khớp, không phân loại nơi khác: Cánh tay"
M25.05,Tràn máu khớp: Vùng chậu và đùi
M25.2,Lỏng lẻo khớp
M25.12,Rò khớp: Cánh tay
M25.36,Các tổn thương mất vững khác của khớp: Cẳng chân
M25.47,Tràn dịch khớp: Cổ và bàn chân
M25.61,"Cứng khớp, không phân loại nơi khác: Vùng bả vai"
M25.08,Tràn máu khớp: Vị trí khác
M25.73,Gai xương: Cẳng tay
M25.23,Lỏng lẻo khớp: Cẳng tay
M22.0,Trật xương bánh chè tái diễn
M22.1,Bán trật xương bánh chè tái diễn
M22.4,Chứng nhuyễn sụn xương bánh chè
M22.2,Bất thường khớp đùi bánh chè
M22.3,Các loại trật khác của xương bánh chè
M22.8,Các bệnh lý khác của xương bánh chè
M22.9,Các bất thường của xương bánh chè không đặc hiệu
M20.4,Biến dạng ngón chân hình búa (mắc phải)
M20.6,Các biến dạng mắc phải khác của ngón chân không đặc hiệu
M20.1,Biến dạng quẹo ngón chân cái ra ngoài (mắc phải) Hallux valgus
M20.5,Các biến dạng khác của ngón chân (mắc phải)
M20.2,Biến dạng cứng ngón chân cái (hallux rigidus)
M20.3,Các biến dạng ngón chân cái mắc phải khác
M20.0,Biến dạng ngón tay
M21.99,Biến dạng mắc phải không đặc hiệu của chi: Vị trí không xác định
M21.7,Chi lệch (mắc phải)
M21.2,Biến dạng gấp
M21.8,Biến dạng mắc phải đặc hiệu khác của chi
M21.67,Các biến dạng mắc phải khác của cổ chân và bàn chân: Cổ và bàn chân
M21.93,Biến dạng mắc phải không đặc hiệu của chi: Cẳng tay
M21.77,Chi lệch (mắc phải): Cổ và bàn chân
M21.34,Biến dạng cổ tay hoặc bàn chân rủ (mắc phải): Bàn tay
M21.96,Biến dạng mắc phải không đặc hiệu của chi: Cẳng chân
M21.06,"Biến dạng vẹo ra ngoài, không phân loại nơi khác: Cẳng chân"
M21.71,Chi lệch (mắc phải): Vùng bả vai
M21.37,Biến dạng cổ tay hoặc bàn chân rủ (mắc phải): Cổ và bàn chân
M21.81,Biến dạng mắc phải đặc hiệu khác của chi: Vùng bả vai
M21.29,Biến dạng gấp: Vị trí không xác định
M21.00,"Biến dạng vẹo ra ngoài, không phân loại nơi khác: Nhiều vị trí"
M21.15,"Biến dạng vẹo vào trong, không phân loại nơi khác: Vùng chậu và đùi"
M213,Biến dạng cổ tay hoặc bàn chân rủ (mắc phải)
M21.84,Biến dạng mắc phải đặc hiệu khác của chi: Bàn tay
M21.50,"Biến dạng bàn tay quặp, bàn tay vẹo, bàn chân quặp, bàn chân vẹo (mắc phải): Nhiều vị trí"
M21.22,Biến dạng gấp: Cánh tay
M21.20,Biến dạng gấp: Nhiều vị trí
M21.74,Chi lệch (mắc phải): Bàn tay
M21.60,Các biến dạng mắc phải khác của cổ chân và bàn chân: Nhiều vị trí
M21.02,"Biến dạng vẹo ra ngoài, không phân loại nơi khác: Cánh tay"
M21.1,"Biến dạng vẹo vào trong, không phân loại nơi khác"
M21.5,"Biến dạng bàn tay quặp, bàn tay vẹo, bàn chân quặp, bàn chân vẹo (mắc phải)"
M21.16,"Biến dạng vẹo vào trong, không phân loại nơi khác: Cẳng chân"
M21.75,Chi lệch (mắc phải): Vùng chậu và đùi
M21.19,"Biến dạng vẹo vào trong, không phân loại nơi khác: Vị trí không xác định"
M21.21,Biến dạng gấp: Vùng bả vai
M21.76,Chi lệch (mắc phải): Cẳng chân
M21.23,Biến dạng gấp: Cẳng tay
M21.25,Biến dạng gấp: Vùng chậu và đùi
M21.90,Biến dạng mắc phải không đặc hiệu của chi: Nhiều vị trí
M21.4,Biến dạng bàn chân phẳng (mắc phải)
M21.80,Biến dạng mắc phải đặc hiệu khác của chi: Nhiều vị trí
M21.72,Chi lệch (mắc phải): Cánh tay
M21.73,Chi lệch (mắc phải): Cẳng tay
M21.97,Biến dạng mắc phải không đặc hiệu của chi: Cổ và bàn chân
M21.92,Biến dạng mắc phải không đặc hiệu của chi: Cánh tay
M21.08,"Biến dạng vẹo ra ngoài, không phân loại nơi khác: Vị trí khác"
M21.05,"Biến dạng vẹo ra ngoài, không phân loại nơi khác: Vùng chậu và đùi"
M21.57,"Biến dạng bàn tay quặp, bàn tay vẹo, bàn chân quặp, bàn chân vẹo (mắc phải): Cổ và bàn chân"
M21.24,Biến dạng gấp: Bàn tay
M21.6,Các biến dạng mắc phải khác của cổ chân và bàn chân
M21.27,Biến dạng gấp: Cổ và bàn chân
M21.0,"Biến dạng vẹo ra ngoài, không phân loại nơi khác"
M21.54,"Biến dạng bàn tay quặp, bàn tay vẹo, bàn chân quặp, bàn chân vẹo (mắc phải): Bàn tay"
M21.83,Biến dạng mắc phải đặc hiệu khác của chi: Cẳng tay
M21.26,Biến dạng gấp: Cẳng chân
M21.82,Biến dạng mắc phải đặc hiệu khác của chi: Cánh tay
M21.07,"Biến dạng vẹo ra ngoài, không phân loại nơi khác: Cổ và bàn chân"
M21.95,Biến dạng mắc phải không đặc hiệu của chi: Vùng chậu và đùi
M21.30,Biến dạng cổ tay hoặc bàn chân rủ (mắc phải): Nhiều vị trí
M21.91,Biến dạng mắc phải không đặc hiệu của chi: Vùng bả vai
M21.86,Biến dạng mắc phải đặc hiệu khác của chi: Cẳng chân
M21.28,Biến dạng gấp: Vị trí khác
M21.87,Biến dạng mắc phải đặc hiệu khác của chi: Cổ và bàn chân
M21.17,"Biến dạng vẹo vào trong, không phân loại nơi khác: Cổ và bàn chân"
M21.12,"Biến dạng vẹo vào trong, không phân loại nơi khác: Cánh tay"
M21.33,Biến dạng cổ tay hoặc bàn chân rủ (mắc phải): Cẳng tay
M21.10,"Biến dạng vẹo vào trong, không phân loại nơi khác: Nhiều vị trí"
M21.70,Chi lệch (mắc phải): Nhiều vị trí
M21.85,Biến dạng mắc phải đặc hiệu khác của chi: Vùng chậu và đùi
M21.94,Biến dạng mắc phải không đặc hiệu của chi: Bàn tay
M23.69,Các đứt tự phát khác của dây chằng khớp gối: Dây chằng không đặc hiệu hoặc sụn chêm không đặc hiệu
M23.87,Các bệnh bên trong khác của khớp gối: Dây chằng bao khớp
M23.9,Bệnh bên trong khớp gối không đặc hiệu
M23.41,Dị vật khớp gối: Dây chằng chéo trước hoặc sừng trước của sụn chêm trong
M23.91,Bệnh bên trong khớp gối không đặc hiệu: Dây chằng chéo trước hoặc sừng trước của sụn chêm trong
M23.21,Sụn chêm di lệch do tổn thương rách hay chấn thương cũ dây chằng chéo trước hoặc sừng trước của sụn chêm trong
M23.86,Các bệnh bên trong khác của khớp gối: Sụn chêm ngoài không đặc hiệu và các loại khác
M23.61,Các đứt tự phát khác của dây chằng khớp gối: Dây chằng chéo trước hoặc sừng trước của sụn chêm trong
M23.0,Nang sụn chêm
M23.90,Bệnh bên trong khớp gối không đặc hiệu: Nhiều vị trí
M23.13,Sụn chêm dạng đĩa (bẩm sinh) dây chằng bên trong hoặc sụn chêm trong khác và không xác định
M23.20,Sụn chêm di lệch do tổn thương rách hay chấn thương cũ nhiều vị trí
M23.25,Sụn chêm di lệch do tổn thương rách hay chấn thương cũ sừng sau của sụn chêm ngoài
M23.06,Nang sụn chêm ngoài khác và không xác định
M23.89,Các bệnh bên trong khác của khớp gối: Dây chằng không đặc hiệu hoặc sụn chêm không đặc hiệu
M23.3,Các tổn thương sụn chêm khác
M23.46,Dị vật khớp gối: Sụn chêm ngoài không đặc hiệu và các loại khác
M23.96,Bệnh bên trong khớp gối không đặc hiệu: Sụn chêm ngoài không đặc hiệu và các loại khác
M23.94,Bệnh bên trong khớp gối không đặc hiệu: Dây chằng bên ngoài hoặc sừng trước của sụn chêm ngoài
M23.5,Tổn thương mất vững mạn tính của khớp gối
M23.6,Các đứt tự phát khác của dây chằng khớp gối
M23.35,Các tổn thương sụn chêm khác: Sừng sau của sụn chêm ngoài
M23.99,Bệnh bên trong khớp gối không đặc hiệu: Dây chằng không đặc hiệu hoặc sụn chêm không đặc hiệu
M23.85,Các bệnh bên trong khác của khớp gối: Sừng sau của sụn chêm ngoài
M23.26,Sụn chêm di lệch do tổn thương rách hay chấn thương cũ sụn chêm ngoài khác và không xác định
M23.31,Các tổn thương sụn chêm khác: Dây chằng chéo trước hoặc sừng trước của sụn chêm trong
M23.84,Các bệnh bên trong khác của khớp gối: Dây chằng bên ngoài hoặc sừng trước của sụn chêm ngoài
M23.09,Nang sụn chêm dây chằng không xác định hoặc sụn chêm không xác định
M23.43,Dị vật khớp gối: Dây chằng bên trong hoặc sụn chêm trong không đặc hiệu và các loại khác
M23.40,Dị vật khớp gối: Nhiều vị trí
M23.63,Các đứt tự phát khác của dây chằng khớp gối: Dây chằng bên trong hoặc sụn chêm trong không đặc hiệu và các loại khác
M23.50,Tổn thương mất vững mạn tính của khớp gối: Nhiều vị trí
M23.29,Sụn chêm di lệch do tổn thương rách hay chấn thương cũ dây chằng không xác định hoặc sụn chêm không xác định
M23.14,Sụn chêm dạng đĩa (bẩm sinh) dây chằng bên ngoài hoặc sừng trước của sụn chêm ngoài
M23.33,Các tổn thương sụn chêm khác: Dây chằng bên trong hoặc sụn chêm trong không đặc hiệu và các loại khác
M23.83,Các bệnh bên trong khác của khớp gối: Dây chằng bên trong hoặc sụn chêm trong không đặc hiệu và các loại khác
M23.45,Dị vật khớp gối: Sừng sau của sụn chêm ngoài
M23.62,Các đứt tự phát khác của dây chằng khớp gối: Dây chằng chéo sau hoặc sừng sau của sụn chêm trong
M23.64,Các đứt tự phát khác của dây chằng khớp gối: Dây chằng bên ngoài hoặc sừng trước của sụn chêm ngoài
M23.8,Các bệnh bên trong khác của khớp gối
M23.22,Sụn chêm di lệch do tổn thương rách hay chấn thương cũ dây chằng chéo sau hoặc sừng sau của sụn chêm trong
M23.55,Tổn thương mất vững mạn tính của khớp gối: Sừng sau của sụn chêm ngoài
M23.36,Các tổn thương sụn chêm khác: Sụn chêm ngoài không đặc hiệu và các loại khác
M23.1,Sụn chêm dạng đĩa (bẩm sinh)
M23.47,Dị vật khớp gối: Dây chằng bao khớp
M23.12,Sụn chêm dạng đĩa (bẩm sinh) dây chằng bên trong hoặc sụn chêm khác và không xác định
M23.44,Dị vật khớp gối: Dây chằng bên ngoài hoặc sừng trước của sụn chêm ngoài
M23.39,Các tổn thương sụn chêm khác: Dây chằng không đặc hiệu hoặc sụn chêm không đặc hiệu
M23.95,Bệnh bên trong khớp gối không đặc hiệu: Sừng sau của sụn chêm ngoài
M23.4,Dị vật khớp gối
M23.52,Tổn thương mất vững mạn tính của khớp gối: Dây chằng chéo sau hoặc sừng sau của sụn chêm trong
M23.80,Các bệnh bên trong khác của khớp gối: Nhiều vị trí
M23.97,Bệnh bên trong khớp gối không đặc hiệu: Dây chằng bao khớp
M23.02,Nang sụn chêm Dây chằng chéo sau hoặc sừng sau của sụn chêm trong
M23.04,Nang sụn chêm dây chằng bên ngoài hoặc sừng trước của sụn chêm ngoài
M23.05,Nang sụn chêm sừng sau của sụn chêm ngoài
M23.01,Nang sụn chêm Dây chằng chéo trước hoặc sừng trước của sụn chêm trong
M23.03,Nang sụn chêm Dây chằng bên trong hoặc sụn chêm khác và không xác định
M23.30,Các tổn thương sụn chêm khác: Nhiều vị trí
M23.60,Các đứt tự phát khác của dây chằng khớp gối: Nhiều vị trí
M23.92,Bệnh bên trong khớp gối không đặc hiệu: Dây chằng chéo sau hoặc sừng sau của sụn chêm trong
M23.67,Các đứt tự phát khác của dây chằng khớp gối: Dây chằng bao khớp
M23.23,Sụn chêm di lệch do tổn thương rách hay chấn thương cũ dây chằng bên trong hoặc sụn chêm khác và không xác định
M23.34,Các tổn thương sụn chêm khác: Dây chằng bên ngoài hoặc sừng trước của sụn chêm ngoài
M23.82,Các bệnh bên trong khác của khớp gối: Dây chằng chéo sau hoặc sừng sau của sụn chêm trong
M23.54,Tổn thương mất vững mạn tính của khớp gối: Dây chằng bên ngoài hoặc sừng trước của sụn chêm ngoài
M23.59,Tổn thương mất vững mạn tính của khớp gối: Dây chằng không đặc hiệu hoặc sụn chêm không đặc hiệu
M23.56,Tổn thương mất vững mạn tính của khớp gối: Sụn chêm ngoài không đặc hiệu và các loại khác
M23.57,Tổn thương mất vững mạn tính của khớp gối: Dây chằng bao khớp
M23.81,Các bệnh bên trong khác của khớp gối: Dây chằng chéo trước hoặc sừng trước của sụn chêm trong
M23.19,Sụn chêm dạng đĩa (bẩm sinh) dây chằng không xác định hoặc sụn chêm không xác định
M23.24,Sụn chêm di lệch do tổn thương rách hay chấn thương cũ dây chằng bên ngoài hoặc sừng trước của sụn chêm ngoài
M23.2,Sụn chêm di lệch do tổn thương rách hay chấn thương cũ
M23.32,Các tổn thương sụn chêm khác: Dây chằng chéo sau hoặc sừng sau của sụn chêm trong
M23.42,Dị vật khớp gối: Dây chằng chéo sau hoặc sừng sau của sụn chêm trong
M23.16,Sụn chêm dạng đĩa (bẩm sinh) sụn chêm ngoài khác và không đặc hiệu
M23.00,Nang sụn chêm nhiều vị trí
M23.53,Tổn thương mất vững mạn tính của khớp gối: Dây chằng bên trong hoặc sụn chêm trong không đặc hiệu và các loại khác
M23.51,Tổn thương mất vững mạn tính của khớp gối: Dây chằng chéo trước hoặc sừng trước của sụn chêm trong
M23.11,Sụn chêm dạng đĩa (bẩm sinh) dây chằng chéo sau hoặc sừng sau của sụn chêm trong
M23.49,Dị vật khớp gối: Dây chằng không đặc hiệu hoặc sụn chêm không đặc hiệu
M23.93,Bệnh bên trong khớp gối không đặc hiệu: Dây chằng bên trong hoặc sụn chêm trong không đặc hiệu và các loại khác
M23.15,Sụn chêm dạng đĩa (bẩm sinh) sừng sau của sụn chêm ngoài
M23.10,Sụn chêm dạng đĩa (bẩm sinh) nhiều vị trí
M48.00,Hẹp ống sống: Nhiều vị trí cột sống
M48.88,Các bệnh thân đốt sống được xác định khác: Vùng cùng và cùng cụt
M48.25,Hư khớp liên mỏm gai: Vùng ngực thắt lưng
M48.56,"Xẹp đốt sống, không phân loại nơi khác: Vùng thắt lưng"
M48.3,Chấn thương cột sống
M48.94,Các bệnh thân đốt sống không đặc hiệu: Vùng ngực
M48.41,Gãy đốt sống do mỏi: Vùng chẩm– trục– đội
M48.12,Cứng khớp do tăng tạo xương [Forestier]: Vùng cổ
M48.09,Hẹp ống sống: Vị trí không xác định
M48.0,Hẹp ống sống
M48.15,Cứng khớp do tăng tạo xương [Forestier]: Vùng ngực thắt lưng
M48.19,Cứng khớp do tăng tạo xương [Forestier]: Vị trí không xác định
M48.04,Hẹp ống sống: Vùng ngực
M48.59,"Xẹp đốt sống, không phân loại nơi khác: Vị trí không xác định"
M48.58,"Xẹp đốt sống, không phân loại nơi khác: Vùng cùng và cùng cụt"
M48.81,Các bệnh thân đốt sống được xác định khác: Vùng chẩm– trục– đội
M48.10,Cứng khớp do tăng tạo xương [Forestier]: Nhiều vị trí cột sống
M48.13,Cứng khớp do tăng tạo xương [Forestier]: Vùng cổ lưng
M48.82,Các bệnh thân đốt sống được xác định khác: Vùng cổ
M48.20,Hư khớp liên mỏm gai: Nhiều vị trí cột sống
M48.11,Cứng khớp do tăng tạo xương [Forestier]: Vùng chẩm– trục– đội
M48.22,Hư khớp liên mỏm gai: Vùng cổ
M48.05,Hẹp ống sống: Vùng ngực thắt lưng
M48.29,Hư khớp liên mỏm gai: Vị trí không xác định
M48.44,Gãy đốt sống do mỏi: Vùng ngực
M48.32,Chấn thương cột sống: Vùng cổ
M48.40,Gãy đốt sống do mỏi: Nhiều vị trí cột sống
M48.48,Gãy đốt sống do mỏi: Vùng cùng và cùng cụt
M48.53,"Xẹp đốt sống, không phân loại nơi khác: Vùng cổ lưng"
M48.39,Chấn thương cột sống: Vị trí không xác định
M48.8,Các bệnh thân đốt sống được xác định khác
M48.51,"Xẹp đốt sống, không phân loại nơi khác: Vùng chẩm– trục– đội"
M48.55,"Xẹp đốt sống, không phân loại nơi khác: Vùng ngực thắt lưng"
M48.02,Hẹp ống sống: Vùng cổ
M48.57,"Xẹp đốt sống, không phân loại nơi khác: Vùng thắt lưng– cùng"
M48.08,Hẹp ống sống: Vùng cùng và cùng cụt
M48.46,Gãy đốt sống do mỏi: Vùng thắt lưng
M48.06,Hẹp ống sống: Vùng thắt lưng
M48.9,Các bệnh thân đốt sống không đặc hiệu
M48.86,Các bệnh thân đốt sống được xác định khác: Vùng thắt lưng
M48.28,Hư khớp liên mỏm gai: Vùng cùng và cùng cụt
M48.27,Hư khớp liên mỏm gai: Vùng thắt lưng– cùng
M48.03,Hẹp ống sống: Vùng cổ lưng
M48.17,Cứng khớp do tăng tạo xương [Forestier]: Vùng thắt lưng– cùng
M48.38,Chấn thương cột sống: Vùng cùng và cùng cụt
M48.47,Gãy đốt sống do mỏi: Vùng thắt lưng– cùng
M48.91,Các bệnh thân đốt sống không đặc hiệu: Vùng chẩm– trục– đội
M48.37,Chấn thương cột sống: Vùng thắt lưng– cùng
M48.01,Hẹp ống sống: Vùng chẩm– trục– đội
M48.52,"Xẹp đốt sống, không phân loại nơi khác: Vùng cổ"
M48.87,Các bệnh thân đốt sống được xác định khác: Vùng thắt lưng– cùng
M48.89,Các bệnh thân đốt sống được xác định khác: Vị trí không xác định
M48.50,"Xẹp đốt sống, không phân loại nơi khác: Nhiều vị trí cột sống"
M48.4,Gãy đốt sống do mỏi
M48.35,Chấn thương cột sống: Vùng ngực thắt lưng
M48.42,Gãy đốt sống do mỏi: Vùng cổ
M48.99,Các bệnh thân đốt sống không đặc hiệu: Vị trí không xác định
M48.07,Hẹp ống sống: Vùng thắt lưng– cùng
M48.93,Các bệnh thân đốt sống không đặc hiệu: Vùng cổ lưng
M48.16,Cứng khớp do tăng tạo xương [Forestier]: Vùng thắt lưng
M48.49,Gãy đốt sống do mỏi: Vị trí không xác định
M48.23,Hư khớp liên mỏm gai: Vùng cổ lưng
M48.96,Các bệnh thân đốt sống không đặc hiệu: Vùng thắt lưng
M48.24,Hư khớp liên mỏm gai: Vùng ngực
M48.1,Cứng khớp do tăng tạo xương [Forestier]
M48.95,Các bệnh thân đốt sống không đặc hiệu: Vùng ngực thắt lưng
M48.34,Chấn thương cột sống: Vùng ngực
M48.84,Các bệnh thân đốt sống được xác định khác: Vùng ngực
M48.26,Hư khớp liên mỏm gai: Vùng thắt lưng
M48.33,Chấn thương cột sống: Vùng cổ lưng
M48.83,Các bệnh thân đốt sống được xác định khác: Vùng cổ lưng
M48.80,Các bệnh thân đốt sống được xác định khác: Nhiều vị trí cột sống
M48.30,Chấn thương cột sống: Nhiều vị trí cột sống
M48.54,"Xẹp đốt sống, không phân loại nơi khác: Vùng ngực"
M48.5,"Xẹp đốt sống, không phân loại nơi khác"
M48.43,Gãy đốt sống do mỏi: Vùng cổ lưng
M48.98,Các bệnh thân đốt sống không đặc hiệu: Vùng cùng và cùng cụt
M48.97,Các bệnh thân đốt sống không đặc hiệu: Vùng thắt lưng– cùng
M48.85,Các bệnh thân đốt sống được xác định khác: Vùng ngực thắt lưng
M48.21,Hư khớp liên mỏm gai: Vùng chẩm– trục– đội
M48.45,Gãy đốt sống do mỏi: Vùng ngực thắt lưng
M48.31,Chấn thương cột sống: Vùng chẩm– trục– đội
M48.92,Các bệnh thân đốt sống không đặc hiệu: Vùng cổ
M48.14,Cứng khớp do tăng tạo xương [Forestier]: Vùng ngực
M48.18,Cứng khớp do tăng tạo xương [Forestier]: Vùng cùng và cùng cụt
M48.2,Hư khớp liên mỏm gai
M48.36,Chấn thương cột sống: Vùng thắt lưng
M48.90,Các bệnh thân đốt sống không đặc hiệu: Nhiều vị trí cột sống
M452,Bệnh viêm cột sống dính khớp: Vùng cổ
M456,Bệnh viêm cột sống dính khớp: Vùng thắt lưng
M455,Bệnh viêm cột sống dính khớp: Vùng ngực thắt lưng
M458,Bệnh viêm cột sống dính khớp: Vùng cùng và cùng cụt
M459,Bệnh viêm cột sống dính khớp: Vị trí không xác định
M450,Bệnh viêm cột sống dính khớp: Nhiều vị trí cột sống
M451,Bệnh viêm cột sống dính khớp: Vùng chẩm– trục– đội
M454,Bệnh viêm cột sống dính khớp: Vùng ngực
M457,Bệnh viêm cột sống dính khớp: Vùng thắt lưng– cùng
M453,Bệnh viêm cột sống dính khớp: Vùng cổ lưng
M47.24,Thoái hoá cột sống khác có tổn thương rễ sống: Vùng ngực
M47.96,Thoái hoá cột sống không đặc hiệu: Vùng thắt lưng
M47.20,Thoái hoá cột sống khác có tổn thương rễ sống: Nhiều vị trí cột sống
M47.93,Thoái hoá cột sống không đặc hiệu: Vùng cổ lưng
M47.99,Thoái hoá cột sống không đặc hiệu: Vị trí không xác định
M47.28,Thoái hoá cột sống khác có tổn thương rễ sống: Vùng cùng và cùng cụt
M47.8,Thoái hoá cột sống khác
M47.14,Thoái hoá cột sống khác kèm tổn thương tuỷ sống: Vùng ngực
M47.10,Thoái hoá cột sống khác kèm tổn thương tuỷ sống: Nhiều vị trí cột sống
M47.95,Thoái hoá cột sống không đặc hiệu: Vùng ngực thắt lưng
M47.82,Thoái hoá cột sống khác: Vùng cổ
M47.18,Thoái hoá cột sống khác kèm tổn thương tuỷ sống: Vùng cùng và cùng cụt
M47.87,Thoái hoá cột sống khác: Vùng thắt lưng– cùng
M47.94,Thoái hoá cột sống không đặc hiệu: Vùng ngực
M47.85,Thoái hoá cột sống khác: Vùng ngực thắt lưng
M47.11,Thoái hoá cột sống khác kèm tổn thương tuỷ sống: Vùng chẩm– trục– đội
M47.25,Thoái hoá cột sống khác có tổn thương rễ sống: Vùng ngực thắt lưng
M47.23,Thoái hoá cột sống khác có tổn thương rễ sống: Vùng cổ lưng
M47.21,Thoái hoá cột sống khác có tổn thương rễ sống: Vùng chẩm– trục– đội
M47.29,Thoái hoá cột sống khác có tổn thương rễ sống: Vị trí không xác định
M47.19,Thoái hoá cột sống khác kèm tổn thương tuỷ sống: Vị trí không xác định
M47.80,Thoái hoá cột sống khác: Nhiều vị trí cột sống
M47.88,Thoái hoá cột sống khác: Vùng cùng và cùng cụt
M47.86,Thoái hoá cột sống khác: Vùng thắt lưng
M47.92,Thoái hoá cột sống không đặc hiệu: Vùng cổ
M47.89,Thoái hoá cột sống khác: Vị trí không xác định
M47.15,Thoái hoá cột sống khác kèm tổn thương tuỷ sống: Vùng ngực thắt lưng
M47.98,Thoái hoá cột sống không đặc hiệu: Vùng cùng và cùng cụt
M47.17,Thoái hoá cột sống khác kèm tổn thương tuỷ sống: Vùng thắt lưng– cùng
M47.26,Thoái hoá cột sống khác có tổn thương rễ sống: Vùng thắt lưng
M47.91,Thoái hoá cột sống không đặc hiệu: Vùng chẩm– trục– đội
M47.12,Thoái hoá cột sống khác kèm tổn thương tuỷ sống: Vùng cổ
M47.27,Thoái hoá cột sống khác có tổn thương rễ sống: Vùng thắt lưng– cùng
M47.13,Thoái hoá cột sống khác kèm tổn thương tuỷ sống: Vùng cổ lưng
M47.83,Thoái hoá cột sống khác: Vùng cổ lưng
M47.9,Thoái hoá cột sống không đặc hiệu
M47.16,Thoái hoá cột sống khác kèm tổn thương tuỷ sống: Vùng thắt lưng
M47.81,Thoái hoá cột sống khác: Vùng chẩm– trục– đội
M47.2,Thoái hoá cột sống khác có tổn thương rễ sống
M47.97,Thoái hoá cột sống không đặc hiệu: Vùng thắt lưng– cùng
M47.84,Thoái hoá cột sống khác: Vùng ngực
M47.90,Thoái hoá cột sống không đặc hiệu: Nhiều vị trí cột sống
M47.0†,Hội chứng chèn ép động mạch sống và động mạch gai sống trước (G99.2*)
M47.1,Thoái hoá cột sống khác kèm tổn thương tuỷ sống
M47.22,Thoái hoá cột sống khác có tổn thương rễ sống: Vùng cổ
M46.84,"Các bệnh viêm khác của thân đốt sống, được xác định: Vùng ngực"
M46.58,Các bệnh nhiễm khuẩn khác của thân đốt sống: Vùng cùng và cùng cụt
M46.87,"Các bệnh viêm khác của thân đốt sống, được xác định: Vùng thắt lưng– cùng"
M46.24,Viêm xương tuỷ xương thân đốt sống: Vùng ngực
M46.43,"Viêm đĩa đệm, không đặc hiệu: Vùng cổ lưng"
M46.56,Các bệnh nhiễm khuẩn khác của thân đốt sống: Vùng thắt lưng
M46.80,"Các bệnh viêm khác của thân đốt sống, được xác định: Nhiều vị trí cột sống"
M46.02,Bệnh gân- dây chằng quanh cột sống: Vùng cổ
M46.0,Bệnh gân- dây chằng quanh cột sống
M46.21,Viêm xương tuỷ xương thân đốt sống: Vùng chẩm– trục– đội
M46.4,"Viêm đĩa đệm, không đặc hiệu"
M46.08,Bệnh gân- dây chằng quanh cột sống: Vùng cùng và cùng cụt
M46.49,"Viêm đĩa đệm, không đặc hiệu: Vị trí không xác định"
M46.85,"Các bệnh viêm khác của thân đốt sống, được xác định: Vùng ngực thắt lưng"
M46.44,"Viêm đĩa đệm, không đặc hiệu: Vùng ngực"
M46.48,"Viêm đĩa đệm, không đặc hiệu: Vùng cùng và cùng cụt"
M46.89,"Các bệnh viêm khác của thân đốt sống, được xác định: Vị trí không xác định"
M46.86,"Các bệnh viêm khác của thân đốt sống, được xác định: Vùng thắt lưng"
M46.9,Viêm đốt sống không đặc hiệu
M46.30,Viêm đĩa đệm đốt sống do vi khuẩn sinh mủ: Nhiều vị trí cột sống
M46.96,Viêm đốt sống không đặc hiệu: Vùng thắt lưng
M46.28,Viêm xương tuỷ xương thân đốt sống: Vùng cùng và cùng cụt
M46.47,"Viêm đĩa đệm, không đặc hiệu: Vùng thắt lưng– cùng"
M46.97,Viêm đốt sống không đặc hiệu: Vùng thắt lưng– cùng
M46.23,Viêm xương tuỷ xương thân đốt sống: Vùng cổ lưng
M46.2,Viêm xương tuỷ xương thân đốt sống
M46.54,Các bệnh nhiễm khuẩn khác của thân đốt sống: Vùng ngực
M46.95,Viêm đốt sống không đặc hiệu: Vùng ngực thắt lưng
M46.59,Các bệnh nhiễm khuẩn khác của thân đốt sống: Vị trí không xác định
M46.35,Viêm đĩa đệm đốt sống do vi khuẩn sinh mủ: Vùng ngực thắt lưng
M46.51,Các bệnh nhiễm khuẩn khác của thân đốt sống: Vùng chẩm– trục– đội
M46.81,"Các bệnh viêm khác của thân đốt sống, được xác định: Vùng chẩm– trục– đội"
M46.82,"Các bệnh viêm khác của thân đốt sống, được xác định: Vùng cổ"
M46.40,"Viêm đĩa đệm, không đặc hiệu: Nhiều vị trí cột sống"
M46.34,Viêm đĩa đệm đốt sống do vi khuẩn sinh mủ: Vùng ngực
M46.94,Viêm đốt sống không đặc hiệu: Vùng ngực
M46.00,Bệnh gân- dây chằng quanh cột sống: Nhiều vị trí cột sống
M46.91,Viêm đốt sống không đặc hiệu: Vùng chẩm– trục– đội
M46.05,Bệnh gân- dây chằng quanh cột sống: Vùng ngực thắt lưng
M46.46,"Viêm đĩa đệm, không đặc hiệu: Vùng thắt lưng"
M46.38,Viêm đĩa đệm đốt sống do vi khuẩn sinh mủ: Vùng cùng và cùng cụt
M46.01,Bệnh gân- dây chằng quanh cột sống: Vùng chẩm– trục– đội
M46.92,Viêm đốt sống không đặc hiệu: Vùng cổ
M46.29,Viêm xương tuỷ xương thân đốt sống: Vị trí không xác định
M46.57,Các bệnh nhiễm khuẩn khác của thân đốt sống: Vùng thắt lưng– cùng
M46.88,"Các bệnh viêm khác của thân đốt sống, được xác định: Vùng cùng và cùng cụt"
M46.53,Các bệnh nhiễm khuẩn khác của thân đốt sống: Vùng cổ lưng
M46.52,Các bệnh nhiễm khuẩn khác của thân đốt sống: Vùng cổ
M46.37,Viêm đĩa đệm đốt sống do vi khuẩn sinh mủ: Vùng thắt lưng– cùng
M46.98,Viêm đốt sống không đặc hiệu: Vùng cùng và cùng cụt
M46.42,"Viêm đĩa đệm, không đặc hiệu: Vùng cổ"
M46.3,Viêm đĩa đệm đốt sống do vi khuẩn sinh mủ
M46.90,Viêm đốt sống không đặc hiệu: Nhiều vị trí cột sống
M46.32,Viêm đĩa đệm đốt sống do vi khuẩn sinh mủ: Vùng cổ
M46.03,Bệnh gân- dây chằng quanh cột sống: Vùng cổ lưng
M46.20,Viêm xương tuỷ xương thân đốt sống: Nhiều vị trí cột sống
M46.50,Các bệnh nhiễm khuẩn khác của thân đốt sống: Nhiều vị trí cột sống
M46.06,Bệnh gân- dây chằng quanh cột sống: Vùng thắt lưng
M46.5,Các bệnh nhiễm khuẩn khác của thân đốt sống
M46.55,Các bệnh nhiễm khuẩn khác của thân đốt sống: Vùng ngực thắt lưng
M46.39,Viêm đĩa đệm đốt sống do vi khuẩn sinh mủ: Vị trí không xác định
M46.09,Bệnh gân- dây chằng quanh cột sống: Vị trí không xác định
M46.04,Bệnh gân- dây chằng quanh cột sống: Vùng ngực
M46.8,"Các bệnh viêm khác của thân đốt sống, được xác định"
M46.25,Viêm xương tuỷ xương thân đốt sống: Vùng ngực thắt lưng
M46.1,"Viêm khớp cùng chậu, không phân loại nơi khác"
M46.26,Viêm xương tuỷ xương thân đốt sống: Vùng thắt lưng
M46.45,"Viêm đĩa đệm, không đặc hiệu: Vùng ngực thắt lưng"
M46.99,Viêm đốt sống không đặc hiệu: Vị trí không xác định
M46.22,Viêm xương tuỷ xương thân đốt sống: Vùng cổ
M46.36,Viêm đĩa đệm đốt sống do vi khuẩn sinh mủ: Vùng thắt lưng
M46.27,Viêm xương tuỷ xương thân đốt sống: Vùng thắt lưng– cùng
M46.93,Viêm đốt sống không đặc hiệu: Vùng cổ lưng
M46.31,Viêm đĩa đệm đốt sống do vi khuẩn sinh mủ: Vùng chẩm– trục– đội
M46.07,Bệnh gân- dây chằng quanh cột sống: Vùng thắt lưng– cùng
M46.41,"Viêm đĩa đệm, không đặc hiệu: Vùng chẩm– trục– đội"
M46.83,"Các bệnh viêm khác của thân đốt sống, được xác định: Vùng cổ lưng"
M46.33,Viêm đĩa đệm đốt sống do vi khuẩn sinh mủ: Vùng cổ lưng
M49.53*,"Xẹp đốt sống trong các bệnh phân loại nơi khác, vùng cổ lưng"
M49.02*,"Lao cột sống (A18.0†), vùng cổ"
M49.30*,"Bệnh cột sống trong các bệnh nhiễm trùng và ký sinh trùng, phân loại nơi khác, nhiều vị trí cột sống"
M49.47*,"Tổn thương cột sống do nguyên nhân thần kinh, vùng thắt lưng- cùng"
M49.85*,"Tổn thương thân đốt sống trong các bệnh phân loại nơi khác, vùng ngực thắt lưng"
M49.16*,"Viêm đốt sống do Brucella (A23.-†), vùng thắt lưng"
M49.83*,"Tổn thương thân đốt sống trong các bệnh phân loại nơi khác, vùng cổ lưng"
M49.17*,"Viêm đốt sống do Brucella (A23.-†), vùng thắt lưng- cùng"
M49.27*,"Viêm đốt sống do vi khuẩn đường ruột (A01- A04†), vùng thắt lưng- cùng"
M49.82*,"Tổn thương thân đốt sống trong các bệnh phân loại nơi khác, vùng cổ"
M49.04*,"Lao cột sống (A18.0†), vùng ngực"
M49.37*,"Bệnh cột sống trong các bệnh nhiễm trùng và ký sinh trùng, phân loại nơi khác, vùng thắt lưng- cùng"
M49.23*,"Viêm đốt sống do vi khuẩn đường ruột (A01- A04†), vùng cổ lưng"
M49.5*,Xẹp đốt sống trong các bệnh phân loại nơi khác
M49.08*,"Lao cột sống (A18.0†), vùng cùng và cùng cụt"
M49.26*,"Viêm đốt sống do vi khuẩn đường ruột (A01- A04†), vùng thắt lưng"
M49.86*,"Tổn thương thân đốt sống trong các bệnh phân loại nơi khác, vùng thắt lưng"
M49.48*,"Tổn thương cột sống do nguyên nhân thần kinh, vùng cùng và cùng cụt"
M49.59*,"Xẹp đốt sống trong các bệnh phân loại nơi khác, vị trí không xác định"
M49.05*,"Lao cột sống (A18.0†), vùng ngực thắt lưng"
M49.01*,"Lao cột sống (A18.0†), vùng chẩm- trục- đội"
M49.10*,"Viêm đốt sống do Brucella (A23.-†), nhiều vị trí cột sống"
M49.51*,"Xẹp đốt sống trong các bệnh phân loại nơi khác, vùng chẩm- trục- đội"
M49.15*,"Viêm đốt sống do Brucella (A23.-†), vùng ngực thắt lưng"
M49.8*,Tổn thương thân đốt sống trong các bệnh phân loại nơi khác
M49.52*,"Xẹp đốt sống trong các bệnh phân loại nơi khác, vùng cổ"
M49.46*,"Tổn thương cột sống do nguyên nhân thần kinh, vùng thắt lưng"
M49.38*,"Bệnh cột sống trong các bệnh nhiễm trùng và ký sinh trùng, phân loại nơi khác, vùng cùng và cùng cụt"
M49.12*,"Viêm đốt sống do Brucella (A23.-†), vùng cổ"
M49.22*,"Viêm đốt sống do vi khuẩn đường ruột (A01- A04†), vùng cổ"
M49.41*,"Tổn thương cột sống do nguyên nhân thần kinh, vùng chẩm- trục- đội"
M49.81*,"Tổn thương thân đốt sống trong các bệnh phân loại nơi khác, vùng chẩm- trục- đội"
M49.55*,"Xẹp đốt sống trong các bệnh phân loại nơi khác, vùng ngực thắt lưng"
M49.4*,Tổn thương cột sống do nguyên nhân thần kinh
M49.18*,"Viêm đốt sống do Brucella (A23.-†), vùng cùng và cùng cụt"
M49.44*,"Tổn thương cột sống do nguyên nhân thần kinh, vùng ngực"
M49.87*,"Tổn thương thân đốt sống trong các bệnh phân loại nơi khác, vùng thắt lưng- cùng"
M49.0*,Lao cột sống (A18.0†)
M49.89*,"Tổn thương thân đốt sống trong các bệnh phân loại nơi khác, vị trí không xác định"
M49.80*,"Tổn thương thân đốt sống trong các bệnh phân loại nơi khác, nhiều vị trí cột sống"
M49.36*,"Bệnh cột sống trong các bệnh nhiễm trùng và ký sinh trùng, phân loại nơi khác, vùng thắt lưng"
M49.24*,"Viêm đốt sống do vi khuẩn đường ruột (A01- A04†), vùng ngực"
M49.57*,"Xẹp đốt sống trong các bệnh phân loại nơi khác, vùng thắt lưng- cùng"
M49.56*,"Xẹp đốt sống trong các bệnh phân loại nơi khác, vùng thắt lưng"
M49.11*,"Viêm đốt sống do Brucella (A23.-†), vùng chẩm- trục- đội"
M49.43*,"Tổn thương cột sống do nguyên nhân thần kinh, vùng cổ lưng"
M49.14*,"Viêm đốt sống do Brucella (A23.-†), vùng ngực"
M49.33*,"Bệnh cột sống trong các bệnh nhiễm trùng và ký sinh trùng, phân loại nơi khác, vùng cổ lưng"
M49.40*,"Tổn thương cột sống do nguyên nhân thần kinh, nhiều vị trí cột sống"
M49.3*,"Bệnh cột sống trong các bệnh nhiễm trùng và ký sinh trùng, phân loại nơi khác"
M49.2*,Viêm đốt sống do vi khuẩn đường ruột (A01- A04†)
M49.20*,"Viêm đốt sống do vi khuẩn đường ruột (A01- A04†), nhiều vị trí cột sống"
M49.31*,"Bệnh cột sống trong các bệnh nhiễm trùng và ký sinh trùng, phân loại nơi khác, vùng chẩm- trục- đội"
M49.45*,"Tổn thương cột sống do nguyên nhân thần kinh, vùng ngực thắt lưng"
M49.19*,"Viêm đốt sống do Brucella (A23.-†), vị trí không xác định"
M49.03*,"Lao cột sống (A18.0†), vùng cổ lưng"
M49.21*,"Viêm đốt sống do vi khuẩn đường ruột (A01- A04†), vùng chẩm- trục- đội"
M49.35*,"Bệnh cột sống trong các bệnh nhiễm trùng và ký sinh trùng, phân loại nơi khác, vùng ngực thắt lưng"
M49.00*,"Lao cột sống (A18.0†), nhiều vị trí cột sống"
M49.39*,"Bệnh cột sống trong các bệnh nhiễm trùng và ký sinh trùng phân loại nơi khác, vị trí không xác định"
M49.06*,"Lao cột sống (A18.0†), vùng thắt lưng"
M49.25*,"Viêm đốt sống do vi khuẩn đường ruột (A01- A04†), vùng ngực thắt lưng"
M49.28*,"Viêm đốt sống do vi khuẩn đường ruột (A01- A04†), vùng cùng và cùng cụt"
M49.50*,"Xẹp đốt sống trong các bệnh phân loại nơi khác, nhiều vị trí cột sống"
M49.49*,"Tổn thương cột sống do nguyên nhân thần kinh, vị trí không xác định"
M49.42*,"Tổn thương cột sống do nguyên nhân thần kinh, vùng cổ"
M49.54*,"Xẹp đốt sống trong các bệnh phân loại nơi khác, vùng ngực"
M49.13*,"Viêm đốt sống do Brucella (A23.-†), vùng cổ lưng"
M49.07*,"Lao cột sống (A18.0†), vùng thắt lưng- cùng"
M49.58*,"Xẹp đốt sống trong các bệnh phân loại nơi khác, vùng cùng và cùng cụt"
M49.09*,"Lao cột sống (A18.0†), vị trí không xác định"
M49.84*,"Tổn thương thân đốt sống trong các bệnh phân loại nơi khác, vùng ngực"
M49.34*,"Bệnh cột sống trong các bệnh nhiễm trùng và ký sinh trùng, phân loại nơi khác, vùng ngực"
M49.32*,"Bệnh cột sống trong các bệnh nhiễm trùng và ký sinh trùng, phân loại nơi khác, vùng cổ"
M49.1*,Viêm đốt sống do Brucella (A23.-†)
M49.29*,"Viêm đốt sống do vi khuẩn đường ruột (A01- A04†), vị trí không xác định"
M49.88*,"Tổn thương thân đốt sống trong các bệnh phân loại nơi khác, vùng cùng và cùng cụt"
M51.4,Nhân Schmorl
M51.3,Thoái hoá đĩa đệm đốt sống đặc hiệu khác
M51.8,Các tổn thương xác định khác của đĩa đệm
M51.9,Tổn thương đĩa đệm đốt sống không đặc hiệu
M51.2,Thoát vị đĩa đệm đốt sống đặc hiệu khác
M51.1†,Bệnh của đĩa đệm đốt sống thắt lưng và các đốt sống khác có kèm tổn thương của rễ tuỷ sống (G55.1*)
M51.0†,Các bệnh của đĩa đệm đốt sống thắt lưng và các đốt sống khác có kèm theo tổn thương tuỷ sống (G99.2*)
M50.9,Các bệnh đĩa đệm đốt sống cổ khác không đặc hiệu
M50.3,Thoái hoá đĩa đệm đốt sống cổ khác
M50.8,Các tổn thương đĩa đệm đốt sống cổ khác
M50.1,Bệnh một đĩa đệm cột sống cổ kèm tổn thương rễ tuỷ sống
M50.0†,Bệnh một đĩa đệm đốt sống cổ kèm tổn thương tuỷ sống (G99.2*)
M50.2,Các Thoát vị đĩa đệm cột sống cổ khác
M54.80,Các đau vùng phía sau cơ thể khác: Nhiều vị trí cột sống
M54.3,Đau thần kinh toạ
M54.06,Viêm mô mỡ dưới da tại vùng cổ và lưng: Vùng thắt lưng
M54.00,Viêm mô mỡ dưới da tại vùng cổ và lưng: Nhiều vị trí cột sống
M54.07,Viêm mô mỡ dưới da tại vùng cổ và lưng: Vùng thắt lưng– cùng
M54.18,Bệnh rễ thần kinh tuỷ sống: Vùng cùng và cùng cụt
M54.81,Các đau vùng phía sau cơ thể khác: Vùng chẩm– trục– đội
M54.85,Các đau vùng phía sau cơ thể khác: Vùng ngực thắt lưng
M54.4,Đau lưng kèm đau dây thần kinh toạ
M54.16,Bệnh rễ thần kinh tuỷ sống: Vùng thắt lưng
M54.95,"Đau lưng, không đặc hiệu: Vùng ngực thắt lưng"
M54.14,Bệnh rễ thần kinh tuỷ sống: Vùng ngực
M54.88,Các đau vùng phía sau cơ thể khác: Vùng cùng và cùng cụt
M54.94,"Đau lưng, không đặc hiệu: Vùng ngực"
M54.2,Đau vùng cổ gáy
M54.9,"Đau lưng, không đặc hiệu"
M54.08,Viêm mô mỡ dưới da tại vùng cổ và lưng: Vùng cùng và cùng cụt
M54.87,Các đau vùng phía sau cơ thể khác: Vùng thắt lưng– cùng
M54.93,"Đau lưng, không đặc hiệu: Vùng cổ lưng"
M54.96,"Đau lưng, không đặc hiệu: Vùng thắt lưng"
M54.17,Bệnh rễ thần kinh tuỷ sống: Vùng thắt lưng– cùng
M54.92,"Đau lưng, không đặc hiệu: Vùng cổ"
M54.12,Bệnh rễ thần kinh tuỷ sống: Vùng cổ
M54.84,Các đau vùng phía sau cơ thể khác: Vùng ngực
M54.6,Đau cột sống ngực
M54.19,Bệnh rễ thần kinh tuỷ sống: Vị trí không xác định
M54.15,Bệnh rễ thần kinh tuỷ sống: Vùng ngực thắt lưng
M54.04,Viêm mô mỡ dưới da tại vùng cổ và lưng: Vùng ngực
M54.98,"Đau lưng, không đặc hiệu: Vùng cùng và cùng cụt"
M54.05,Viêm mô mỡ dưới da tại vùng cổ và lưng: Vùng ngực thắt lưng
M54.90,"Đau lưng, không đặc hiệu: Nhiều vị trí cột sống"
M54.89,Các đau vùng phía sau cơ thể khác: Vị trí không xác định
M54.5,Đau cột sống thắt lưng
M54.11,Bệnh rễ thần kinh tuỷ sống: Vùng chẩm– trục– đội
M54.09,Viêm mô mỡ dưới da tại vùng cổ và lưng: Vị trí không xác định
M54.91,"Đau lưng, không đặc hiệu: Vùng chẩm– trục– đội"
M54.86,Các đau vùng phía sau cơ thể khác: Vùng thắt lưng
M54.13,Bệnh rễ thần kinh tuỷ sống: Vùng cổ lưng
M54.8,Các đau vùng phía sau cơ thể khác
M54.1,Bệnh rễ thần kinh tuỷ sống
M54.83,Các đau vùng phía sau cơ thể khác: Vùng cổ lưng
M54.97,"Đau lưng, không đặc hiệu: Vùng thắt lưng– cùng"
M54.03,Viêm mô mỡ dưới da tại vùng cổ và lưng: Vùng cổ lưng
M54.01,Viêm mô mỡ dưới da tại vùng cổ và lưng: Vùng chẩm– trục– đội
M54.0,Viêm mô mỡ dưới da tại vùng cổ và lưng
M54.82,Các đau vùng phía sau cơ thể khác: Vùng cổ
M54.02,Viêm mô mỡ dưới da tại vùng cổ và lưng: Vùng cổ
M54.10,Bệnh rễ thần kinh tuỷ sống: Nhiều vị trí cột sống
M54.99,"Đau lưng, không đặc hiệu: Vị trí không xác định"
M53.29,Cột sống mất vững: Vị trí không xác định
M53.86,Các bệnh cột sống xác định khác: Vùng thắt lưng
M53.27,Cột sống mất vững: Vùng thắt lưng– cùng
M53.96,Bệnh cột sống không đặc hiệu: Vùng thắt lưng
M53.90,Bệnh cột sống không đặc hiệu: Nhiều vị trí cột sống
M53.95,Bệnh cột sống không đặc hiệu: Vùng ngực thắt lưng
M53.85,Các bệnh cột sống xác định khác: Vùng ngực thắt lưng
M53.99,Bệnh cột sống không đặc hiệu: Vị trí không xác định
M53.83,Các bệnh cột sống xác định khác: Vùng cổ lưng
M53.24,Cột sống mất vững: Vùng ngực
M53.1,Hội chứng cánh tay cổ
M53.21,Cột sống mất vững: Vùng chẩm– trục– đội
M53.94,Bệnh cột sống không đặc hiệu: Vùng ngực
M53.3,"Tổn thương cùng cụt, không phân loại nơi khác"
M53.20,Cột sống mất vững: Nhiều vị trí cột sống
M53.82,Các bệnh cột sống xác định khác: Vùng cổ
M53.25,Cột sống mất vững: Vùng ngực thắt lưng
M53.81,Các bệnh cột sống xác định khác: Vùng chẩm– trục– đội
M53.22,Cột sống mất vững: Vùng cổ
M53.84,Các bệnh cột sống xác định khác: Vùng ngực
M53.98,Bệnh cột sống không đặc hiệu: Vùng cùng và cùng cụt
M53.93,Bệnh cột sống không đặc hiệu: Vùng cổ lưng
M53.26,Cột sống mất vững: Vùng thắt lưng
M53.97,Bệnh cột sống không đặc hiệu: Vùng thắt lưng– cùng
M53.88,Các bệnh cột sống xác định khác: Vùng cùng và cùng cụt
M53.80,Các bệnh cột sống xác định khác: Nhiều vị trí cột sống
M53.92,Bệnh cột sống không đặc hiệu: Vùng cổ
M53.91,Bệnh cột sống không đặc hiệu: Vùng chẩm– trục– đội
M53.2,Cột sống mất vững
M53.8,Các bệnh cột sống xác định khác
M53.9,Bệnh cột sống không đặc hiệu
M53.23,Cột sống mất vững: Vùng cổ lưng
M53.87,Các bệnh cột sống xác định khác: Vùng thắt lưng– cùng
M53.28,Cột sống mất vững: Vùng cùng và cùng cụt
M53.0,Hội chứng đầu- cổ
M53.89,Các bệnh cột sống xác định khác: Vị trí không xác định
M43.87,"Các dị tật điển hình khác của cột sống được xác định, vùng thắt lưng- cùng"
M43.97,"Các bệnh cột sống có dị tật không đặc hiệu, vùng thắt lưng- cùng"
M43.17,"Bệnh trượt đốt sống, vùng thắt lưng- cùng"
M43.11,"Bệnh trượt đốt sống, vùng chẩm- trục- đội"
M43.8,Các dị tật điển hình khác của cột sống được xác định
M43.00,"Khuyết eo đốt sống, nhiều vị trí cột sống"
M43.01,"Khuyết eo đốt sống, vùng chẩm- trục- đội"
M43.23,"Dính đốt sống khác, vùng cổ lưng"
M43.94,"Các bệnh cột sống có dị tật không đặc hiệu, vùng ngực"
M43.03,"Khuyết eo đốt sống, vùng cổ lưng"
M43.16,"Bệnh trượt đốt sống, vùng thắt lưng"
M43.82,"Các dị tật điển hình khác của cột sống được xác định, vùng cổ"
M43.13,"Bệnh trượt đốt sống, vùng cổ lưng"
M43.80,"Các dị tật điển hình khác của cột sống được xác định, nhiều vị trí cột sống"
M43.58,"Các bán trật đốt sống hay tái diễn khác, vùng cùng và cùng cụt"
M43.10,"Bệnh trượt đốt sống, nhiều vị trí cột sống"
M43.19,"Bệnh trượt đốt sống, vị trí không xác định"
M43.18,"Bệnh trượt đốt sống, vùng cùng và cùng cụt"
M43.85,"Các dị tật điển hình khác của cột sống được xác định, vùng ngực thắt lưng"
M43.28,"Dính đốt sống khác, vùng cùng và cùng cụt"
M43.84,"Các dị tật điển hình khác của cột sống được xác định, vùng ngực"
M43.83,"Các dị tật điển hình khác của cột sống được xác định, vùng cổ lưng"
M43.6,Vẹo cổ
M43.24,"Dính đốt sống khác, vùng ngực"
M43.81,"Các dị tật điển hình khác của cột sống được xác định, vùng chẩm- trục- đội"
M43.95,"Các bệnh cột sống có dị tật không đặc hiệu, vùng ngực thắt lưng"
M43.27,"Dính đốt sống khác, vùng thắt lưng- cùng"
M43.3,Bán trật khớp trục- đội hay tái diễn có tổn thương tuỷ sống
M43.59,"Các bán trật đốt sống hay tái diễn khác, vị trí không xác định"
M43.5,Các bán trật đốt sống hay tái diễn khác
M43.55,"Các bán trật đốt sống hay tái diễn khác, vùng ngực thắt lưng"
M43.22,"Dính đốt sống khác, vùng cổ"
M43.21,"Dính đốt sống khác, vùng chẩm- trục- đội"
M43.99,"Các bệnh cột sống có dị tật không đặc hiệu, vị trí không xác định"
M43.89,"Các dị tật xác định khác của cột sống được xác định, vị trí không xác định"
M43.88,"Các dị tật điển hình khác của cột sống được xác định, vùng cùng và cùng cụt"
M43.02,"Khuyết eo đốt sống, vùng cổ"
M43.04,"Khuyết eo đốt sống, vùng ngực"
M43.0,Khuyết eo đốt sống
M43.05,"Khuyết eo đốt sống, vùng ngực thắt lưng"
M43.2,Dính đốt sống khác
M43.4,Bán trật khớp trục- đội hay tái diễn khác
M43.15,"Bệnh trượt đốt sống, vùng ngực thắt lưng"
M43.96,"Các bệnh cột sống có dị tật không đặc hiệu, vùng thắt lưng"
M43.1,Bệnh trượt đốt sống
M43.98,"Các bệnh cột sống có dị tật không đặc hiệu, vùng cùng và cùng cụt"
M43.54,"Các bán trật đốt sống hay tái diễn khác, vùng ngực"
M43.50,"Các bán trật đốt sống hay tái diễn khác, nhiều vị trí cột sống"
M43.09,"Khuyết eo đốt sống, vị trí không xác định"
M43.25,"Dính đốt sống khác, vùng ngực thắt lưng"
M43.07,"Khuyết eo đốt sống, vùng thắt lưng- cùng"
M43.56,"Các bán trật đốt sống hay tái diễn khác, vùng thắt lưng"
M43.12,"Bệnh trượt đốt sống, vùng cổ"
M43.90,"Các bệnh cột sống có dị tật không đặc hiệu, nhiều vị trí cột sống"
M43.08,"Khuyết eo đốt sống, vùng cùng và cùng cụt"
M43.53,"Các bán trật đốt sống hay tái diễn khác, vùng cổ lưng"
M43.57,"Các bán trật đốt sống hay tái diễn khác, vùng thắt lưng- cùng"
M43.86,"Các dị tật điển hình khác của cột sống được xác định, vùng thắt lưng"
M43.91,"Các bệnh cột sống có dị tật không đặc hiệu, vùng chẩm- trục- đội"
M43.9,Các bệnh cột sống có dị tật không đặc hiệu
M43.52,"Các bán trật đốt sống hay tái diễn khác, vùng cổ"
M43.20,"Dính đốt sống khác, nhiều vị trí cột sống"
M43.26,"Dính đốt sống khác, vùng thắt lưng"
M43.92,"Các bệnh cột sống có dị tật không đặc hiệu, vùng cổ"
M43.93,"Các bệnh cột sống có dị tật không đặc hiệu, vùng cổ lưng"
M43.06,"Khuyết eo đốt sống, vùng thắt lưng"
M43.14,"Bệnh trượt đốt sống, vùng ngực"
M43.29,"Dính đốt sống khác, vị trí không xác định"
M40.16,Các gù cột sống thứ phát khác: Vùng thắt lưng
M40.38,Hội chứng lưng phẳng: Vùng cùng và cùng cụt
M40.50,Ưỡn cột sống không đặc hiệu: Nhiều vị trí cột sống
M40.11,Các gù cột sống thứ phát khác: Vùng chẩm– trục– đội
M40.00,Gù do tư thế: Nhiều vị trí cột sống
M40.36,Hội chứng lưng phẳng: Vùng thắt lưng
M40.53,Ưỡn cột sống không đặc hiệu: Vùng cổ lưng
M40.43,Các ưỡn cột sống khác: Vùng cổ lưng
M40.24,Các gù khác và không xác định: Vùng ngực
M40.17,Các gù cột sống thứ phát khác: Vùng thắt lưng– cùng
M40.59,Ưỡn cột sống không đặc hiệu: Vị trí không xác định
M40.13,Các gù cột sống thứ phát khác: Vùng cổ lưng
M40.45,Các ưỡn cột sống khác: Vùng ngực thắt lưng
M40.39,Hội chứng lưng phẳng: Vị trí không xác định
M40.30,Hội chứng lưng phẳng: Nhiều vị trí cột sống
M40.54,Ưỡn cột sống không đặc hiệu: Vùng ngực
M40.42,Các ưỡn cột sống khác: Vùng cổ
M40.15,Các gù cột sống thứ phát khác: Vùng ngực thắt lưng
M40.26,Các gù khác và không xác định: Vùng thắt lưng
M40.08,Gù do tư thế: Vùng cùng và cùng cụt
M40.47,Các ưỡn cột sống khác: Vùng thắt lưng– cùng
M40.03,Gù do tư thế: Vùng cổ lưng
M40.48,Các ưỡn cột sống khác: Vùng cùng và cùng cụt
M40.2,Các gù khác và không xác định
M40.29,Các gù khác và không xác định: Vị trí không xác định
M40.52,Ưỡn cột sống không đặc hiệu: Vùng cổ
M40.4,Các ưỡn cột sống khác
M40.01,Gù do tư thế: Vùng chẩm– trục– đội
M40.57,Ưỡn cột sống không đặc hiệu: Vùng thắt lưng– cùng
M40.40,Các ưỡn cột sống khác: Nhiều vị trí cột sống
M40.25,Các gù khác và không xác định: Vùng ngực thắt lưng
M40.10,Các gù cột sống thứ phát khác: Nhiều vị trí cột sống
M40.27,Các gù khác và không xác định: Vùng thắt lưng– cùng
M40.07,Gù do tư thế: Vùng thắt lưng– cùng
M40.41,Các ưỡn cột sống khác: Vùng chẩm– trục– đội
M40.55,Ưỡn cột sống không đặc hiệu: Vùng ngực thắt lưng
M40.21,Các gù khác và không xác định: Vùng chẩm– trục– đội
M40.1,Các gù cột sống thứ phát khác
M40.56,Ưỡn cột sống không đặc hiệu: Vùng thắt lưng
M40.49,Các ưỡn cột sống khác: Vị trí không xác định
M40.51,Ưỡn cột sống không đặc hiệu: Vùng chẩm– trục– đội
M40.04,Gù do tư thế: Vùng ngực
M40.09,Gù do tư thế: Vị trí không xác định
M40.14,Các gù cột sống thứ phát khác: Vùng ngực
M40.37,Hội chứng lưng phẳng: Vùng thắt lưng– cùng
M40.20,Các gù khác và không xác định: Nhiều vị trí cột sống
M40.28,Các gù khác và không xác định: Vùng cùng và cùng cụt
M40.06,Gù do tư thế: Vùng thắt lưng
M40.22,Các gù khác và không xác định: Vùng cổ
M40.23,Các gù khác và không xác định: Vùng cổ lưng
M40.5,Ưỡn cột sống không đặc hiệu
M40.46,Các ưỡn cột sống khác: Vùng thắt lưng
M40.35,Hội chứng lưng phẳng: Vùng ngực thắt lưng
M40.18,Các gù cột sống thứ phát khác: Vùng cùng và cùng cụt
M40.58,Ưỡn cột sống không đặc hiệu: Vùng cùng và cùng cụt
M40.19,Các gù cột sống thứ phát khác: Vị trí không xác định
M40.3,Hội chứng lưng phẳng
M40.02,Gù do tư thế: Vùng cổ
M40.12,Các gù cột sống thứ phát khác: Vùng cổ
M40.0,Gù do tư thế
M40.44,Các ưỡn cột sống khác: Vùng ngực
M40.05,Gù do tư thế: Vùng ngực thắt lưng
M41.47,"Vẹo cột sống do nguyên nhân thần kinh- cơ, vùng thắt lưng- cùng"
M41.82,"Các dạng khác của vẹo cột sống, vùng cổ"
M41.08,"Vẹo cột sống tự phát ở trẻ nhỏ, vùng cùng và cùng cụt"
M41.05,"Vẹo cột sống tự phát ở trẻ nhỏ, vùng ngực thắt lưng"
M41.54,"Các vẹo cột sống thứ phát khác, vùng ngực"
M41.21,"Các vẹo cột sống tự phát khác, vùng chẩm- trục- đội"
M41.85,"Các dạng khác của vẹo cột sống, vùng ngực thắt lưng"
M41.13,"Vẹo cột sống tự phát thiếu niên, vùng cổ lưng"
M41.00,"Vẹo cột sống tự phát ở trẻ nhỏ, nhiều vị trí cột sống"
M41.3,Vẹo cột sống do bất thường vùng ngực
M41.97,"Vẹo cột sống không đặc hiệu, vùng thắt lưng- cùng"
M41.24,"Các vẹo cột sống tự phát khác, vùng ngực"
M41.25,"Các vẹo cột sống tự phát khác, vùng ngực thắt lưng"
M41.18,"Vẹo cột sống tự phát thiếu niên, vùng cùng và cùng cụt"
M41.81,"Các dạng khác của vẹo cột sống, vùng chẩm- trục- đội"
M41.04,"Vẹo cột sống tự phát ở trẻ nhỏ, vùng ngực"
M41.12,"Vẹo cột sống tự phát thiếu niên, vùng cổ"
M41.43,"Vẹo cột sống do nguyên nhân thần kinh- cơ, vùng cổ lưng"
M41.23,"Các vẹo cột sống tự phát khác, vùng cổ lưng"
M41.83,"Các dạng khác của vẹo cột sống, vùng cổ lưng"
M41.16,"Vẹo cột sống tự phát thiếu niên, vùng thắt lưng"
M41.0,Vẹo cột sống tự phát ở trẻ nhỏ
M41.93,"Vẹo cột sống không đặc hiệu, vùng cổ lưng"
M41.09,"Vẹo cột sống tự phát ở trẻ nhỏ, vị trí không xác định"
M41.91,"Vẹo cột sống không đặc hiệu, vùng chẩm- trục- đội"
M41.2,Các vẹo cột sống tự phát khác
M41.89,"Các dạng khác của vẹo cột sống, vị trí không xác định"
M41.22,"Các vẹo cột sống tự phát khác, vùng cổ"
M41.44,"Vẹo cột sống do nguyên nhân thần kinh- cơ, vùng ngực"
M41.59,"Các vẹo cột sống thứ phát khác, vị trí không xác định"
M41.5,Các vẹo cột sống thứ phát khác
M41.58,"Các vẹo cột sống thứ phát khác, vùng cùng và cùng cụt"
M41.26,"Các vẹo cột sống tự phát khác, vùng thắt lưng"
M41.02,"Vẹo cột sống tự phát ở trẻ nhỏ, vùng cổ"
M41.90,"Vẹo cột sống không đặc hiệu, nhiều vị trí cột sống"
M41.84,"Các dạng khác của vẹo cột sống, vùng ngực"
M41.27,"Các vẹo cột sống tự phát khác, vùng thắt lưng- cùng"
M41.48,"Vẹo cột sống do nguyên nhân thần kinh- cơ, vùng cùng và cùng cụt"
M41.17,"Vẹo cột sống tự phát thiếu niên, vùng thắt lưng- cùng"
M41.87,"Các dạng khác của vẹo cột sống, vùng thắt lưng- cùng"
M41.10,"Vẹo cột sống tự phát thiếu niên, nhiều vị trí cột sống"
M41.19,"Vẹo cột sống tự phát thiếu niên, vị trí không xác định"
M41.94,"Vẹo cột sống không đặc hiệu, vùng ngực"
M41.42,"Vẹo cột sống do nguyên nhân thần kinh- cơ, vùng cổ"
M41.99,"Vẹo cột sống không đặc hiệu, vị trí không xác định"
M41.56,"Các vẹo cột sống thứ phát khác, vùng thắt lưng"
M41.50,"Các vẹo cột sống thứ phát khác, nhiều vị trí cột sống"
M41.98,"Vẹo cột sống không đặc hiệu, vùng cùng và cùng cụt"
M41.14,"Vẹo cột sống tự phát thiếu niên, vùng ngực"
M41.55,"Các vẹo cột sống thứ phát khác, vùng ngực thắt lưng"
M41.49,"Vẹo cột sống do nguyên nhân thần kinh- cơ, vị trí không xác định"
M41.01,"Vẹo cột sống tự phát ở trẻ nhỏ, vùng chẩm- trục- đội"
M41.51,"Các vẹo cột sống thứ phát khác, vùng chẩm- trục- đội"
M41.9,Vẹo cột sống không đặc hiệu
M41.95,"Vẹo cột sống không đặc hiệu, vùng ngực thắt lưng"
M41.34,"Vẹo cột sống do bất thường vùng ngực, vùng ngực"
M41.30,"Vẹo cột sống do bất thường vùng ngực, nhiều vị trí cột sống"
M41.88,"Các dạng khác của vẹo cột sống, vùng cùng và cùng cụt"
M41.29,"Các vẹo cột sống tự phát khác, vị trí không xác định"
M41.15,"Vẹo cột sống tự phát thiếu niên, vùng ngực thắt lưng"
M41.20,"Các vẹo cột sống tự phát khác, nhiều vị trí cột sống"
M41.80,"Các dạng khác của vẹo cột sống, nhiều vị trí cột sống"
M41.11,"Vẹo cột sống tự phát thiếu niên, vùng chẩm- trục- đội"
M41.07,"Vẹo cột sống tự phát ở trẻ nhỏ, vùng thắt lưng- cùng"
M41.46,"Vẹo cột sống do nguyên nhân thần kinh- cơ, vùng thắt lưng"
M41.86,"Các dạng khác của vẹo cột sống, vùng thắt lưng"
M41.92,"Vẹo cột sống không đặc hiệu, vùng cổ"
M41.53,"Các vẹo cột sống thứ phát khác, vùng cổ lưng"
M41.28,"Các vẹo cột sống tự phát khác, vùng cùng và cùng cụt"
M41.45,"Vẹo cột sống do nguyên nhân thần kinh- cơ, vùng ngực thắt lưng"
M41.8,Các dạng khác của vẹo cột sống
M41.35,"Vẹo cột sống do bất thường vùng ngực, vùng ngực thắt lưng"
M41.41,"Vẹo cột sống do nguyên nhân thần kinh- cơ, vùng chẩm- trục- đội"
M41.40,"Vẹo cột sống do nguyên nhân thần kinh- cơ, nhiều vị trí cột sống"
M41.1,Vẹo cột sống tự phát thiếu niên
M41.57,"Các vẹo cột sống thứ phát khác, vùng thắt lưng- cùng"
M41.4,Vẹo cột sống do nguyên nhân thần kinh- cơ
M41.52,"Các vẹo cột sống thứ phát khác, vùng cổ"
M41.03,"Vẹo cột sống tự phát ở trẻ nhỏ, vùng cổ lưng"
M41.96,"Vẹo cột sống không đặc hiệu, vùng thắt lưng"
M41.06,"Vẹo cột sống tự phát ở trẻ nhỏ, vùng thắt lưng"
M42.99,"Hư điểm cốt hoá cột sống không đặc hiệu, vị trí không xác định"
M42.09,"Viêm xương sụn cột sống thanh thiếu niên, vị trí không xác định"
M42.05,"Viêm xương sụn cột sống thanh thiếu niên, vùng ngực thắt lưng"
M42.10,"Hư điểm cốt hoá cột sống người lớn, nhiều vị trí cột sống"
M42.13,"Hư điểm cốt hoá cột sống người lớn, vùng cổ lưng"
M42.94,"Hư điểm cốt hoá cột sống không đặc hiệu, vùng ngực"
M42.18,"Hư điểm cốt hoá cột sống người lớn, vùng cùng và cùng cụt"
M42.06,"Viêm xương sụn cột sống thanh thiếu niên, vùng thắt lưng"
M42.9,Hư điểm cốt hoá cột sống không đặc hiệu
M42.90,"Hư điểm cốt hoá cột sống không đặc hiệu, nhiều vị trí cột sống"
M42.93,"Hư điểm cốt hoá cột sống không đặc hiệu, vùng cổ lưng"
M42.1,Hư điểm cốt hoá cột sống người lớn
M42.12,"Hư điểm cốt hoá cột sống người lớn, vùng cổ"
M42.11,"Hư điểm cốt hoá cột sống người lớn, vùng chẩm- trục- đội"
M42.97,"Hư điểm cốt hoá cột sống không đặc hiệu, vùng thắt lưng- cùng"
M42.96,"Hư điểm cốt hoá cột sống không đặc hiệu, vùng thắt lưng"
M42.98,"Hư điểm cốt hoá cột sống không đặc hiệu, vùng cùng và cùng cụt"
M42.0,Viêm xương sụn cột sống thanh thiếu niên
M42.17,"Hư điểm cốt hoá cột sống người lớn, vùng thắt lưng- cùng"
M42.95,"Hư điểm cốt hoá cột sống không đặc hiệu, vùng ngực thắt lưng"
M42.08,"Viêm xương sụn cột sống thanh thiếu niên, vùng cùng và cùng cụt"
M42.07,"Viêm xương sụn cột sống thanh thiếu niên, vùng thắt lưng- cùng"
M42.14,"Hư điểm cốt hoá cột sống người lớn, vùng ngực"
M42.15,"Hư điểm cốt hoá cột sống người lớn, vùng ngực thắt lưng"
M42.04,"Viêm xương sụn cột sống thanh thiếu niên, vùng ngực"
M42.91,"Hư điểm cốt hoá cột sống không đặc hiệu, vùng chẩm- trục- đội"
M42.19,"Hư điểm cốt hoá cột sống người lớn, vị trí không xác định"
M42.16,"Hư điểm cốt hoá cột sống người lớn, vùng thắt lưng"
M42.00,"Viêm xương sụn cột sống thanh thiếu niên, nhiều vị trí cột sống"
M42.03,"Viêm xương sụn cột sống thanh thiếu niên, vùng cổ lưng"
M42.92,"Hư điểm cốt hoá cột sống không đặc hiệu, vùng cổ"
M42.01,"Viêm xương sụn cột sống thanh thiếu niên, vùng chẩm- trục- đội"
M42.02,"Viêm xương sụn cột sống thanh thiếu niên, vùng cổ"
M73.8*,Rối loạn mô mềm khác trong những bệnh phân loại nơi khác
M73.06*,Viêm túi thanh mạc do lậu cầu (A54.4†): cẳng chân
M73.85*,Rối loạn mô mềm khác trong những bệnh phân loại nơi khác: vùng chậu và đùi
M73.12*,Viêm túi thanh mạc do giang mai (A52.7†): cánh tay
M73.05*,Viêm túi thanh mạc do lậu cầu (A54.4†): vùng chậu và đùi
M73.80*,Rối loạn mô mềm khác trong những bệnh phân loại nơi khác: nhiều vị trí
M73.09*,"Viêm túi thanh mạc do lậu cầu (A54.4†), vị trí không xác định"
M73.86*,Rối loạn mô mềm khác trong những bệnh phân loại nơi khác: cẳng chân
M73.88*,Rối loạn mô mềm khác trong những bệnh phân loại nơi khác: vị trí khác
M73.0*,Viêm túi thanh mạc do lậu cầu (A54.4†)
M73.17*,Viêm túi thanh mạc do giang mai (A52.7†): cổ và bàn chân
M73.01*,Viêm túi thanh mạc do lậu cầu (A54.4†): vùng bả vai
M73.10*,Viêm túi thanh mạc do giang mai (A52.7†): nhiều vị trí
M73.13*,Viêm túi thanh mạc do giang mai (A52.7†): cẳng tay
M73.00*,Viêm túi thanh mạc do lậu cầu (A54.4†): nhiều vị trí
M73.84*,"Rối loạn mô mềm khác trong những bệnh phân loại nơi khác, bàn tay"
M73.19*,"Viêm túi thanh mạc do giang mai (A52.7†), vị trí không xác định"
M73.04*,Viêm túi thanh mạc do lậu cầu (A54.4†): bàn tay
M73.16*,Viêm túi thanh mạc do giang mai (A52.7†): cẳng chân
M73.11*,Viêm túi thanh mạc do giang mai (A52.7†): vùng bả vai
M73.15*,Viêm túi thanh mạc do giang mai (A52.7†): vùng chậu và đùi
M73.07*,Viêm túi thanh mạc do lậu cầu (A54.4†): cổ và bàn chân
M73.14*,Viêm túi thanh mạc do giang mai (A52.7†): bàn tay
M73.18*,Viêm túi thanh mạc do giang mai (A52.7†): vị trí khác
M73.81*,Rối loạn mô mềm khác trong những bệnh phân loại nơi khác: vùng bả vai
M73.82*,Rối loạn mô mềm khác trong những bệnh phân loại nơi khác: cánh tay
M73.08*,Viêm túi thanh mạc do lậu cầu (A54.4†): vị trí khác
M73.03*,Viêm túi thanh mạc do lậu cầu (A54.4†): cẳng tay
M73.1*,Viêm túi thanh mạc do giang mai (A52.7†)
M73.02*,Viêm túi thanh mạc do lậu cầu (A54.4†): cánh tay
M73.87*,Rối loạn mô mềm khác trong những bệnh phân loại nơi khác: cổ và bàn chân
M73.89*,"Rối loạn mô mềm khác trong những bệnh phân loại nơi khác, vị trí không xác định"
M73.83*,Rối loạn mô mềm khác trong những bệnh phân loại nơi khác: cẳng tay
M71.43,Lắng đọng can xi ở túi thanh mạc: Cẳng tay
M71.01,Áp xe túi thanh mạc: Vùng bả vai
M71.18,Viêm túi thanh mạc nhiễm khuẩn khác: Vị trí khác
M71.45,Lắng đọng can xi ở túi thanh mạc: Vùng chậu và đùi
M71.14,Viêm túi thanh mạc nhiễm khuẩn khác: Bàn tay
M71.84,Các bệnh túi thanh mạc đặc hiệu khác: Bàn tay
M71.17,Viêm túi thanh mạc nhiễm khuẩn khác: Cổ và bàn chân
M71.82,Các bệnh túi thanh mạc đặc hiệu khác: Cánh tay
M71.03,Áp xe túi thanh mạc: Cẳng tay
M71.15,Viêm túi thanh mạc nhiễm khuẩn khác: Vùng chậu và đùi
M71.10,Viêm túi thanh mạc nhiễm khuẩn khác: Nhiều vị trí
M71.34,Nang túi thanh mạc khác: Bàn tay
M71.42,Lắng đọng can xi ở túi thanh mạc: Cánh tay
M71.37,Nang túi thanh mạc khác: Cổ và bàn chân
M71.38,Nang túi thanh mạc khác: Vị trí khác
M71.56,"Các chứng viêm túi thanh mạc khác, không phân loại nơi khác: Cẳng chân"
M71.97,Bệnh túi thanh mạc không đặc hiệu: Cổ và bàn chân
M71.81,Các bệnh túi thanh mạc đặc hiệu khác: Vùng bả vai
M71.08,Áp xe túi thanh mạc: Vị trí khác
M71.54,"Các chứng viêm túi thanh mạc khác, không phân loại nơi khác: Bàn tay"
M71.2,Nang bao hoạt dịch vùng khoeo [Baker]
M71.32,Nang túi thanh mạc khác: Cánh tay
M71.88,Các bệnh túi thanh mạc đặc hiệu khác: Vị trí khác
M71.85,Các bệnh túi thanh mạc đặc hiệu khác: Vùng chậu và đùi
M71.95,Bệnh túi thanh mạc không đặc hiệu: Vùng chậu và đùi
M71.96,Bệnh túi thanh mạc không đặc hiệu: Cẳng chân
M71.5,"Các chứng viêm túi thanh mạc khác, không phân loại nơi khác"
M71.0,Áp xe túi thanh mạc
M71.11,Viêm túi thanh mạc nhiễm khuẩn khác: Vùng bả vai
M71.91,Bệnh túi thanh mạc không đặc hiệu: Vùng bả vai
M71.33,Nang túi thanh mạc khác: Cẳng tay
M71.19,Viêm túi thanh mạc nhiễm khuẩn khác: Vị trí không xác định
M71.57,"Các chứng viêm túi thanh mạc khác, không phân loại nơi khác: Cổ và bàn chân"
M71.35,Nang túi thanh mạc khác: Vùng chậu và đùi
M71.80,Các bệnh túi thanh mạc đặc hiệu khác: Nhiều vị trí
M71.39,Nang túi thanh mạc khác: Vị trí không xác định
M71.94,Bệnh túi thanh mạc không đặc hiệu: Bàn tay
M71.8,Các bệnh túi thanh mạc đặc hiệu khác
M71.31,Nang túi thanh mạc khác: Vùng bả vai
M71.00,Áp xe túi thanh mạc: Nhiều vị trí
M71.98,Bệnh túi thanh mạc không đặc hiệu: Vị trí khác
M71.87,Các bệnh túi thanh mạc đặc hiệu khác: Cổ và bàn chân
M71.4,Lắng đọng can xi ở túi thanh mạc
M71.3,Nang túi thanh mạc khác
M71.89,Các bệnh túi thanh mạc đặc hiệu khác: Vị trí không xác định
M71.13,Viêm túi thanh mạc nhiễm khuẩn khác: Cẳng tay
M71.50,"Các chứng viêm túi thanh mạc khác, không phân loại nơi khác: Nhiều vị trí"
M71.55,"Các chứng viêm túi thanh mạc khác, không phân loại nơi khác: Vùng chậu và đùi"
M71.92,Bệnh túi thanh mạc không đặc hiệu: Cánh tay
M71.59,"Các chứng viêm túi thanh mạc khác, không phân loại nơi khác: Vị trí không xác định"
M71.9,Bệnh túi thanh mạc không đặc hiệu
M71.02,Áp xe túi thanh mạc: Cánh tay
M71.49,Lắng đọng can xi ở túi thanh mạc: Vị trí không xác định
M71.05,Áp xe túi thanh mạc: Vùng chậu và đùi
M71.83,Các bệnh túi thanh mạc đặc hiệu khác: Cẳng tay
M71.36,Nang túi thanh mạc khác: Cẳng chân
M71.12,Viêm túi thanh mạc nhiễm khuẩn khác: Cánh tay
M71.53,"Các chứng viêm túi thanh mạc khác, không phân loại nơi khác: Cẳng tay"
M71.07,Áp xe túi thanh mạc: Cổ và bàn chân
M71.06,Áp xe túi thanh mạc: Cẳng chân
M71.04,Áp xe túi thanh mạc: Bàn tay
M71.30,Nang túi thanh mạc khác: Nhiều vị trí
M71.40,Lắng đọng can xi ở túi thanh mạc: Nhiều vị trí
M71.99,Bệnh túi thanh mạc không đặc hiệu: Vị trí không xác định
M71.16,Viêm túi thanh mạc nhiễm khuẩn khác: Cẳng chân
M71.52,"Các chứng viêm túi thanh mạc khác, không phân loại nơi khác: Cánh tay"
M71.47,Lắng đọng can xi ở túi thanh mạc: Cổ và bàn chân
M71.44,Lắng đọng can xi ở túi thanh mạc: Bàn tay
M71.86,Các bệnh túi thanh mạc đặc hiệu khác: Cẳng chân
M71.46,Lắng đọng can xi ở túi thanh mạc: Cẳng chân
M71.93,Bệnh túi thanh mạc không đặc hiệu: Cẳng tay
M71.90,Bệnh túi thanh mạc không đặc hiệu: Nhiều vị trí
M71.09,Áp xe túi thanh mạc: Vị trí không xác định
M71.1,Viêm túi thanh mạc nhiễm khuẩn khác
M70.9,"Các bệnh mô mềm không đặc hiệu liên quan đến vận động, vận động quá mức và bị chèn ép"
M70.2,Viêm túi thanh mạc mỏm khuỷu
M70.8,"Các bệnh mô mềm khác liên quan đến vận động, vận động quá mức và bị chèn ép"
M70.93,"Các bệnh mô mềm không đặc hiệu liên quan đến vận động, vận động quá mức và bị chèn ép: Cẳng tay"
M70.98,"Các bệnh mô mềm không đặc hiệu liên quan đến vận động, vận động quá mức và bị chèn ép: Vị trí khác"
M70.1,Viêm túi thanh mạc bàn tay
M70.4,Viêm túi thanh mạc trước xương bánh chè
M70.91,"Các bệnh mô mềm không đặc hiệu liên quan đến vận động, vận động quá mức và bị chèn ép: Vùng bả vai"
M70.88,"Các bệnh mô mềm khác liên quan đến vận động, vận động quá mức và bị chèn ép: Vị trí khác"
M70.87,"Các bệnh mô mềm khác liên quan đến vận động, vận động quá mức và bị chèn ép: Cổ và bàn chân"
M70.99,"Các bệnh mô mềm không đặc hiệu liên quan đến vận động, vận động quá mức và bị chèn ép: Vị trí không xác định"
M70.7,Viêm túi thanh mạc khác ở hông
M70.94,"Các bệnh mô mềm không đặc hiệu liên quan đến vận động, vận động quá mức và bị chèn ép: Bàn tay"
M70.97,"Các bệnh mô mềm không đặc hiệu liên quan đến vận động, vận động quá mức và bị chèn ép: Cổ và bàn chân"
M70.80,"Các bệnh mô mềm khác liên quan đến vận động, vận động quá mức và bị chèn ép: Nhiều vị trí"
M70.90,"Các bệnh mô mềm không đặc hiệu liên quan đến vận động, vận động quá mức và bị chèn ép: Nhiều vị trí"
M70.86,"Các bệnh mô mềm khác liên quan đến vận động, vận động quá mức và bị chèn ép: Cẳng chân"
M70.83,"Các bệnh mô mềm khác liên quan đến vận động, vận động quá mức và bị chèn ép: Cẳng tay"
M70.95,"Các bệnh mô mềm không đặc hiệu liên quan đến vận động, vận động quá mức và bị chèn ép: Vùng chậu và đùi"
M70.81,"Các bệnh mô mềm khác liên quan đến vận động, vận động quá mức và bị chèn ép: Vùng bả vai"
M70.92,"Các bệnh mô mềm không đặc hiệu liên quan đến vận động, vận động quá mức và bị chèn ép: Cánh tay"
M70.5,Viêm túi thanh mạc khác ở khớp gối
M70.3,Viêm túi thanh mạc khác ở khuỷu
M70.0,Viêm màng hoạt dịch khô mạn tính ở bàn tay và cổ tay
M70.82,"Các bệnh mô mềm khác liên quan đến vận động, vận động quá mức và bị chèn ép: Cánh tay"
M70.89,"Các bệnh mô mềm khác liên quan đến vận động, vận động quá mức và bị chèn ép: Vị trí không xác định"
M70.96,"Các bệnh mô mềm không đặc hiệu liên quan đến vận động, vận động quá mức và bị chèn ép: Cẳng chân"
M70.6,Viêm túi thanh mạc mấu chuyển
M70.85,"Các bệnh mô mềm khác liên quan đến vận động, vận động quá mức và bị chèn ép: Vùng chậu và đùi"
M70.84,"Các bệnh mô mềm khác liên quan đến vận động, vận động quá mức và bị chèn ép: Bàn tay"
M79.24,"Đau dây thần kinh và viêm dây thần kinh, không đặc hiệu: Bàn tay"
M79.97,"Các bệnh lý của mô mềm, không đặc hiệu: Cổ và bàn chân"
M79.79,Đau mô sợi- cơ: Vị trí không xác định
M79.05,"Bệnh thấp khớp, không đặc hiệu: Vùng chậu và đùi"
M79.04,"Bệnh thấp khớp, không đặc hiệu: Bàn tay"
M79.80,Các bệnh lý đặc hiệu khác của mô mềm: Nhiều vị trí
M79.3,"Viêm mô mỡ dưới da, không đặc hiệu"
M79.32,"Viêm mô mỡ dưới da, không đặc hiệu: Cánh tay"
M79.01,"Bệnh thấp khớp, không đặc hiệu: Vùng bả vai"
M79.38,"Viêm mô mỡ dưới da, không đặc hiệu: Vị trí khác"
M79.73,Đau mô sợi- cơ: Cẳng tay
M79.12,Đau cơ: Cánh tay
M79.03,"Bệnh thấp khớp, không đặc hiệu: Cẳng tay"
M79.77,Đau mô sợi- cơ: Cổ và bàn chân
M79.44,Phì đại mỡ vùng bánh chè: Bàn tay
M79.07,"Bệnh thấp khớp, không đặc hiệu: Cổ và bàn chân"
M79.17,Đau cơ: Cổ và bàn chân
M79.08,"Bệnh thấp khớp, không đặc hiệu: Vị trí khác"
M79.23,"Đau dây thần kinh và viêm dây thần kinh, không đặc hiệu: Cẳng tay"
M79.02,"Bệnh thấp khớp, không đặc hiệu: Cánh tay"
M79.26,"Đau dây thần kinh và viêm dây thần kinh, không đặc hiệu: Cẳng chân"
M79.96,"Các bệnh lý của mô mềm, không đặc hiệu: Cẳng chân"
M79.45,Phì đại mỡ vùng bánh chè: Vùng chậu và đùi
M79.65,Đau ở một chi: Vùng chậu và đùi
M79.19,Đau cơ: Vị trí không xác định
M79.51,Dị vật tồn tại trong mô mềm: Vùng bả vai
M79.91,"Các bệnh lý của mô mềm, không đặc hiệu: Vùng bả vai"
M79.83,Các bệnh lý đặc hiệu khác của mô mềm: Cẳng tay
M79.41,Phì đại mỡ vùng bánh chè: Vùng bả vai
M79.81,Các bệnh lý đặc hiệu khác của mô mềm: Vùng bả vai
M79.56,Dị vật tồn tại trong mô mềm: Cẳng chân
M79.5,Dị vật tồn tại trong mô mềm
M79.35,"Viêm mô mỡ dưới da, không đặc hiệu: Vùng chậu và đùi"
M79.67,Đau ở một chi: Cổ và bàn chân
M79.42,Phì đại mỡ vùng bánh chè: Cánh tay
M79.95,"Các bệnh lý của mô mềm, không đặc hiệu: Vùng chậu và đùi"
M79.37,"Viêm mô mỡ dưới da, không đặc hiệu: Cổ và bàn chân"
M79.88,Các bệnh lý đặc hiệu khác của mô mềm: Vị trí khác
M79.25,"Đau dây thần kinh và viêm dây thần kinh, không đặc hiệu: Vùng chậu và đùi"
M79.40,Phì đại mỡ vùng bánh chè: Nhiều vị trí
M79.15,Đau cơ: Vùng chậu và đùi
M79.93,"Các bệnh lý của mô mềm, không đặc hiệu: Cẳng tay"
M79.70,Đau mô sợi- cơ: Nhiều vị trí
M79.46,Phì đại mỡ vùng bánh chè: Cẳng chân
M79.84,Các bệnh lý đặc hiệu khác của mô mềm: Bàn tay
M79.54,Dị vật tồn tại trong mô mềm: Bàn tay
M79.33,"Viêm mô mỡ dưới da, không đặc hiệu: Cẳng tay"
M79.61,Đau ở một chi: Vùng bả vai
M79.85,Các bệnh lý đặc hiệu khác của mô mềm: Vùng chậu và đùi
M79.21,"Đau dây thần kinh và viêm dây thần kinh, không đặc hiệu: Vùng bả vai"
M79.06,"Bệnh thấp khớp, không đặc hiệu: Cẳng chân"
M79.53,Dị vật tồn tại trong mô mềm: Cẳng tay
M79.29,"Đau dây thần kinh và viêm dây thần kinh, không đặc hiệu: Vị trí không xác định"
M79.99,"Các bệnh lý của mô mềm, không đặc hiệu: Vị trí không xác định"
M79.09,"Bệnh thấp khớp, không đặc hiệu: Vị trí không xác định"
M79.9,"Các bệnh lý của mô mềm, không đặc hiệu"
M79.59,Dị vật tồn tại trong mô mềm: Vị trí không xác định
M79.6,Đau ở một chi
M79.82,Các bệnh lý đặc hiệu khác của mô mềm: Cánh tay
M79.7,Đau mô sợi- cơ
M79.86,Các bệnh lý đặc hiệu khác của mô mềm: Cẳng chân
M79.49,Phì đại mỡ vùng bánh chè: Vị trí không xác định
M79.34,"Viêm mô mỡ dưới da, không đặc hiệu: Bàn tay"
M79.18,Đau cơ: Vị trí khác
M79.28,"Đau dây thần kinh và viêm dây thần kinh, không đặc hiệu: Vị trí khác"
M79.39,"Viêm mô mỡ dưới da, không đặc hiệu: Vị trí không xác định"
M79.22,"Đau dây thần kinh và viêm dây thần kinh, không đặc hiệu: Cánh tay"
M79.31,"Viêm mô mỡ dưới da, không đặc hiệu: Vùng bả vai"
M79.58,Dị vật tồn tại trong mô mềm: Vị trí khác
M79.0,"Bệnh thấp khớp, không đặc hiệu"
M79.50,Dị vật tồn tại trong mô mềm: Nhiều vị trí
M79.57,Dị vật tồn tại trong mô mềm: Cổ và bàn chân
M79.13,Đau cơ: Cẳng tay
M79.11,Đau cơ: Vùng bả vai
M79.1,Đau cơ
M79.60,Đau ở một chi: Nhiều vị trí
M79.76,Đau mô sợi- cơ: Cẳng chân
M79.48,Phì đại mỡ vùng bánh chè: Vị trí khác
M79.4,Phì đại mỡ vùng bánh chè
M79.30,"Viêm mô mỡ dưới da, không đặc hiệu: Nhiều vị trí"
M79.14,Đau cơ: Bàn tay
M79.27,"Đau dây thần kinh và viêm dây thần kinh, không đặc hiệu: Cổ và bàn chân"
M79.87,Các bệnh lý đặc hiệu khác của mô mềm: Cổ và bàn chân
M79.16,Đau cơ: Cẳng chân
M79.78,Đau mô sợi- cơ: Vị trí khác
M79.90,"Các bệnh lý của mô mềm, không đặc hiệu: Nhiều vị trí"
M79.36,"Viêm mô mỡ dưới da, không đặc hiệu: Cẳng chân"
M79.64,Đau ở một chi: Bàn tay
M79.66,Đau ở một chi: Cẳng chân
M79.8,Các bệnh lý đặc hiệu khác của mô mềm
M79.62,Đau ở một chi: Cánh tay
M79.98,"Các bệnh lý của mô mềm, không đặc hiệu: Vị trí khác"
M79.75,Đau mô sợi- cơ: Vùng chậu và đùi
M79.89,Các bệnh lý đặc hiệu khác của mô mềm: Vị trí không xác định
M79.92,"Các bệnh lý của mô mềm, không đặc hiệu: Cánh tay"
M79.94,"Các bệnh lý của mô mềm, không đặc hiệu: Bàn tay"
M79.69,Đau ở một chi: Vị trí không xác định
M79.74,Đau mô sợi- cơ: Bàn tay
M79.72,Đau mô sợi- cơ: Cánh tay
M79.00,"Bệnh thấp khớp, không đặc hiệu: Nhiều vị trí"
M79.63,Đau ở một chi: Cẳng tay
M79.10,Đau cơ: Nhiều vị trí
M79.43,Phì đại mỡ vùng bánh chè: Cẳng tay
M79.2,"Đau dây thần kinh và viêm dây thần kinh, không đặc hiệu"
M79.47,Phì đại mỡ vùng bánh chè: Cổ và bàn chân
M79.20,"Đau dây thần kinh và viêm dây thần kinh, không đặc hiệu: Nhiều vị trí"
M79.52,Dị vật tồn tại trong mô mềm: Cánh tay
M79.71,Đau mô sợi- cơ: Vùng bả vai
M79.55,Dị vật tồn tại trong mô mềm: Vùng chậu và đùi
M72.65,Viêm cân mạc hoại tử: Vùng chậu và đùi
M72.60,Viêm cân mạc hoại tử: Nhiều vị trí
M72.63,Viêm cân mạc hoại tử: Cẳng tay
M72.91,Bệnh nguyên bào sợi không đặc hiệu: Vùng bả vai
M72.41,Bệnh xơ giả sarcoma: Vùng bả vai
M72.6,Viêm cân mạc hoại tử
M72.40,Bệnh xơ giả sarcoma: Nhiều vị trí
M72.98,Bệnh nguyên bào sợi không đặc hiệu: Vị trí khác
M72.81,Các bệnh nguyên bào sợi khác: Vùng bả vai
M72.2,Bệnh xơ cân gan chân
M72.82,Các bệnh nguyên bào sợi khác: Cánh tay
M72.90,Bệnh nguyên bào sợi không đặc hiệu: Nhiều vị trí
M72.45,Bệnh xơ giả sarcoma: Vùng chậu và đùi
M72.87,Các bệnh nguyên bào sợi khác: Cổ và bàn chân
M72.69,Viêm cân mạc hoại tử: Vị trí không xác định
M72.0,Bệnh xơ cân gan tay (Dupuytren)
M72.66,Viêm cân mạc hoại tử: Cẳng chân
M72.46,Bệnh xơ giả sarcoma: Cẳng chân
M72.47,Bệnh xơ giả sarcoma: Cổ và bàn chân
M72.8,Các bệnh nguyên bào sợi khác
M72.9,Bệnh nguyên bào sợi không đặc hiệu
M72.67,Viêm cân mạc hoại tử: Cổ và bàn chân
M72.83,Các bệnh nguyên bào sợi khác: Cẳng tay
M72.86,Các bệnh nguyên bào sợi khác: Cẳng chân
M72.1,U đầu xương bàn tay
M72.89,Các bệnh nguyên bào sợi khác: Vị trí không xác định
M72.42,Bệnh xơ giả sarcoma: Cánh tay
M72.97,Bệnh nguyên bào sợi không đặc hiệu: Cổ và bàn chân
M72.4,Bệnh xơ giả sarcoma
M72.92,Bệnh nguyên bào sợi không đặc hiệu: Cánh tay
M72.61,Viêm cân mạc hoại tử: Vùng bả vai
M72.64,Viêm cân mạc hoại tử: Bàn tay
M72.62,Viêm cân mạc hoại tử: Cánh tay
M72.95,Bệnh nguyên bào sợi không đặc hiệu: Vùng chậu và đùi
M72.43,Bệnh xơ giả sarcoma: Cẳng tay
M72.48,Bệnh xơ giả sarcoma: Vị trí khác
M72.96,Bệnh nguyên bào sợi không đặc hiệu: Cẳng chân
M72.44,Bệnh xơ giả sarcoma: Bàn tay
M72.68,Viêm cân mạc hoại tử: Vị trí khác
M72.94,Bệnh nguyên bào sợi không đặc hiệu: Bàn tay
M72.84,Các bệnh nguyên bào sợi khác: Bàn tay
M72.80,Các bệnh nguyên bào sợi khác: Nhiều vị trí
M72.99,Bệnh nguyên bào sợi không đặc hiệu: Vị trí không xác định
M72.85,Các bệnh nguyên bào sợi khác: Vùng chậu và đùi
M72.93,Bệnh nguyên bào sợi không đặc hiệu: Cẳng tay
M72.88,Các bệnh nguyên bào sợi khác: Vị trí khác
M72.49,Bệnh xơ giả sarcoma: Vị trí không xác định
M76.89,"Các bệnh điểm bám gân- dây chằng khác ở chi dưới, không kể bàn chân: Vị trí không xác định"
M76.1,Viêm gân cơ thắt lưng
M76.99,Bệnh điểm bám gân dây chằng chi dưới không đặc hiệu: Vị trí không xác định
M76.9,Bệnh điểm bám gân dây chằng chi dưới không đặc hiệu
M76.85,"Các bệnh điểm bám gân- dây chằng khác ở chi dưới, không kể bàn chân: Vùng chậu và đùi"
M76.95,Bệnh điểm bám gân dây chằng chi dưới không đặc hiệu: Vùng chậu và đùi
M76.2,Gai xương ở mào chậu
M76.6,Viêm gân Achille
M76.0,Viêm gân ở vùng mông
M76.86,"Các bệnh điểm bám gân- dây chằng khác ở chi dưới, không kể bàn chân: Cẳng chân"
M76.8,"Các bệnh điểm bám gân- dây chằng khác ở chi dưới, không kể bàn chân"
M76.5,Viêm gân bánh chè
M76.90,Bệnh điểm bám gân dây chằng chi dưới không đặc hiệu: Nhiều vị trí
M76.97,Bệnh điểm bám gân dây chằng chi dưới không đặc hiệu: Cổ và bàn chân
M76.7,Viêm gân cơ mác
M76.3,Hội chứng dải xơ chậu chày (Maissiat)
M76.96,Bệnh điểm bám gân dây chằng chi dưới không đặc hiệu: Cẳng chân
M76.4,Viêm túi thanh mạc bên của xương chày [Pellegrini- Stieda]
M76.80,"Các bệnh điểm bám gân- dây chằng khác ở chi dưới, không kể bàn chân: Nhiều vị trí"
M76.87,"Các bệnh điểm bám gân- dây chằng khác ở chi dưới, không kể bàn chân: Cổ và bàn chân"
M75.8,Các tổn thương khác ở vai
M75.0,Viêm bao hoạt dịch co thắt khớp vai
M75.6,Rách sụn viền do thoái hoá khớp vai
M75.4,Hội chứng chèn ép vùng vai
M75.5,Viêm túi thanh mạc ở vai
M75.9,Tổn thương vai không đặc hiệu
M75.3,Viêm gân vôi hoá ở vai
M75.2,Viêm gân cơ nhị đầu
M75.1,Hội chứng bao gân xoay
M77.2,Viêm quanh khớp cổ tay
M77.4,Đau xương đốt bàn chân
M77.9,Bệnh điểm bám gân- dây chằng không đặc hiệu
M77.5,Các bệnh điểm bám gân- dây chằng bàn chân khác
M77.3,Gai xương gót
M77.1,Viêm điểm bám gân lồi cầu ngoài xương cánh tay
M77.8,"Các bệnh điểm bám gân- dây chằng khác, không phân loại nơi khác"
M77.0,Viêm điểm bám gân lồi cầu trong xương cánh tay
M65.89,Các viêm màng hoạt dịch và viêm bao gân khác: Vị trí không xác định
M65.02,Áp xe bao gân: Cánh tay
M65.95,"Viêm màng hoạt dịch và viêm bao gân, không đặc hiệu: Vùng chậu và đùi"
M65.2,Viêm gân vôi hoá
M65.18,Viêm (màng hoạt dịch) bao gân nhiễm khuẩn khác: Vị trí khác
M65.03,Áp xe bao gân: Cẳng tay
M65.24,Viêm gân vôi hoá: Bàn tay
M65.07,Áp xe bao gân: Cổ và bàn chân
M65.16,Viêm (màng hoạt dịch) bao gân nhiễm khuẩn khác: Cẳng chân
M65.26,Viêm gân vôi hoá: Cẳng chân
M65.83,Các viêm màng hoạt dịch và viêm bao gân khác: Cẳng tay
M65.08,Áp xe bao gân: Vị trí khác
M65.12,Viêm (màng hoạt dịch) bao gân nhiễm khuẩn khác: Cánh tay
M65.10,Viêm (màng hoạt dịch) bao gân nhiễm khuẩn khác: Nhiều vị trí
M65.4,Viêm bao gân mỏm trâm quay [de Quervain]
M65.28,Viêm gân vôi hoá: Vị trí khác
M65.81,Các viêm màng hoạt dịch và viêm bao gân khác: Vùng bả vai
M65.3,Ngón tay lò xo
M65.11,Viêm (màng hoạt dịch) bao gân nhiễm khuẩn khác: Vùng bả vai
M65.17,Viêm (màng hoạt dịch) bao gân nhiễm khuẩn khác: Cổ và bàn chân
M65.20,Viêm gân vôi hoá: Nhiều vị trí
M65.90,"Viêm màng hoạt dịch và viêm bao gân, không đặc hiệu: Nhiều vị trí"
M65.99,"Viêm màng hoạt dịch và viêm bao gân, không đặc hiệu: Vị trí không xác định"
M65.98,"Viêm màng hoạt dịch và viêm bao gân, không đặc hiệu: Vị trí khác"
M65.82,Các viêm màng hoạt dịch và viêm bao gân khác: Cánh tay
M65.23,Viêm gân vôi hoá: Cẳng tay
M65.05,Áp xe bao gân: Vùng chậu và đùi
M65.15,Viêm (màng hoạt dịch) bao gân nhiễm khuẩn khác: Vùng chậu và đùi
M65.29,Viêm gân vôi hoá: Vị trí không xác định
M65.27,Viêm gân vôi hoá: Cổ và bàn chân
M65.80,Các viêm màng hoạt dịch và viêm bao gân khác: Nhiều vị trí
M65.14,Viêm (màng hoạt dịch) bao gân nhiễm khuẩn khác: Bàn tay
M65.94,"Viêm màng hoạt dịch và viêm bao gân, không đặc hiệu: Bàn tay"
M65.1,Viêm (màng hoạt dịch) bao gân nhiễm khuẩn khác
M65.97,"Viêm màng hoạt dịch và viêm bao gân, không đặc hiệu: Cổ và bàn chân"
M65.25,Viêm gân vôi hoá: Vùng chậu và đùi
M65.06,Áp xe bao gân: Cẳng chân
M65.92,"Viêm màng hoạt dịch và viêm bao gân, không đặc hiệu: Cánh tay"
M65.09,Áp xe bao gân: Vị trí không xác định
M65.9,"Viêm màng hoạt dịch và viêm bao gân, không đặc hiệu"
M65.8,Các viêm màng hoạt dịch và viêm bao gân khác
M65.93,"Viêm màng hoạt dịch và viêm bao gân, không đặc hiệu: Cẳng tay"
M65.91,"Viêm màng hoạt dịch và viêm bao gân, không đặc hiệu: Vùng bả vai"
M65.84,Các viêm màng hoạt dịch và viêm bao gân khác: Bàn tay
M65.22,Viêm gân vôi hoá: Cánh tay
M65.86,Các viêm màng hoạt dịch và viêm bao gân khác: Cẳng chân
M65.00,Áp xe bao gân: Nhiều vị trí
M65.87,Các viêm màng hoạt dịch và viêm bao gân khác: Cổ và bàn chân
M65.96,"Viêm màng hoạt dịch và viêm bao gân, không đặc hiệu: Cẳng chân"
M65.04,Áp xe bao gân: Bàn tay
M65.88,Các viêm màng hoạt dịch và viêm bao gân khác: Vị trí khác
M65.13,Viêm (màng hoạt dịch) bao gân nhiễm khuẩn khác: Cẳng tay
M65.0,Áp xe bao gân
M65.85,Các viêm màng hoạt dịch và viêm bao gân khác: Vùng chậu và đùi
M65.19,Viêm (màng hoạt dịch) bao gân nhiễm khuẩn khác: Vị trí không xác định
M65.01,Áp xe bao gân: Vùng bả vai
M67.81,Các bệnh của màng hoạt dịch và gân đặc hiệu khác: Vùng bả vai
M67.85,Các bệnh của màng hoạt dịch và gân đặc hiệu khác: Vùng chậu và đùi
M67.23,"Phì đại màng hoạt dịch, không phân loại nơi khác: Cẳng tay"
M67.35,Viêm màng hoạt dịch thoáng qua: Vùng chậu và đùi
M67.91,Bệnh của màng hoạt dịch và gân không đặc hiệu: Vùng bả vai
M67.84,Các bệnh của màng hoạt dịch và gân đặc hiệu khác: Bàn tay
M67.3,Viêm màng hoạt dịch thoáng qua
M67.99,Bệnh của màng hoạt dịch và gân không đặc hiệu: Vị trí không xác định
M67.18,Các chứng co rút gân (bao gân) khác: Vị trí khác
M67.2,"Phì đại màng hoạt dịch, không phân loại nơi khác"
M67.13,Các chứng co rút gân (bao gân) khác: Cẳng tay
M67.32,Viêm màng hoạt dịch thoáng qua: Cánh tay
M67.94,Bệnh của màng hoạt dịch và gân không đặc hiệu: Bàn tay
M67.38,Viêm màng hoạt dịch thoáng qua: Vị trí khác
M67.83,Các bệnh của màng hoạt dịch và gân đặc hiệu khác: Cẳng tay
M67.25,"Phì đại màng hoạt dịch, không phân loại nơi khác: Vùng chậu và đùi"
M67.8,Các bệnh của màng hoạt dịch và gân đặc hiệu khác
M67.11,Các chứng co rút gân (bao gân) khác: Vùng bả vai
M67.30,Viêm màng hoạt dịch thoáng qua: Nhiều vị trí
M67.48,Nang hoạt dịch: vị trí khác
M67.49,Nang hoạt dịch: Vị trí không xác định
M67.29,"Phì đại màng hoạt dịch, không phân loại nơi khác: Vị trí không xác định"
M67.89,Các bệnh của màng hoạt dịch và gân đặc hiệu khác: Vị trí không xác định
M67.9,Bệnh của màng hoạt dịch và gân không đặc hiệu
M67.82,Các bệnh của màng hoạt dịch và gân đặc hiệu khác: Cánh tay
M67.36,Viêm màng hoạt dịch thoáng qua: Cẳng chân
M67.80,Các bệnh của màng hoạt dịch và gân đặc hiệu khác: Nhiều vị trí
M67.15,Các chứng co rút gân (bao gân) khác: Vùng chậu và đùi
M67.87,Các bệnh của màng hoạt dịch và gân đặc hiệu khác: Cổ và bàn chân
M67.14,Các chứng co rút gân (bao gân) khác: Bàn tay
M67.40,Nang hoạt dịch: nhiều vị trí
M67.12,Các chứng co rút gân (bao gân) khác: Cánh tay
M67.1,Các chứng co rút gân (bao gân) khác
M67.44,Nang hoạt dịch: bàn tay
M67.27,"Phì đại màng hoạt dịch, không phân loại nơi khác: Cổ và bàn chân"
M67.28,"Phì đại màng hoạt dịch, không phân loại nơi khác: Vị trí khác"
M67.45,Nang hoạt dịch: vùng chậu và đùi
M67.47,Nang hoạt dịch: Cổ và bàn chân
M67.86,Các bệnh của màng hoạt dịch và gân đặc hiệu khác: Cẳng chân
M67.26,"Phì đại màng hoạt dịch, không phân loại nơi khác: Cẳng chân"
M67.43,Nang hoạt dịch: cẳng tay
M67.96,Bệnh của màng hoạt dịch và gân không đặc hiệu: Cẳng chân
M67.16,Các chứng co rút gân (bao gân) khác: Cẳng chân
M67.95,Bệnh của màng hoạt dịch và gân không đặc hiệu: Vùng chậu và đùi
M67.31,Viêm màng hoạt dịch thoáng qua: Vùng bả vai
M67.34,Viêm màng hoạt dịch thoáng qua: Bàn tay
M67.92,Bệnh của màng hoạt dịch và gân không đặc hiệu: Cánh tay
M67.0,Gân Achille (gót) ngắn (mắc phải)
M67.17,Các chứng co rút gân (bao gân) khác: Cổ và bàn chân
M67.93,Bệnh của màng hoạt dịch và gân không đặc hiệu: Cẳng tay
M67.4,Nang hoạt dịch
M67.37,Viêm màng hoạt dịch thoáng qua: Cổ và bàn chân
M67.20,"Phì đại màng hoạt dịch, không phân loại nơi khác: Nhiều vị trí"
M67.10,Các chứng co rút gân (bao gân) khác: Nhiều vị trí
M67.88,Các bệnh của màng hoạt dịch và gân đặc hiệu khác: Vị trí khác
M67.98,Bệnh của màng hoạt dịch và gân không đặc hiệu: Vị trí khác
M67.39,Viêm màng hoạt dịch thoáng qua: Vị trí không xác định
M67.19,Các chứng co rút gân (bao gân) khác: Vị trí không xác định
M67.97,Bệnh của màng hoạt dịch và gân không đặc hiệu: Cổ và bàn chân
M67.21,"Phì đại màng hoạt dịch, không phân loại nơi khác: Vùng bả vai"
M67.90,Bệnh của màng hoạt dịch và gân không đặc hiệu: Nhiều vị trí
M67.41,Nang hoạt dịch: vùng bả vai
M67.24,"Phì đại màng hoạt dịch, không phân loại nơi khác: Bàn tay"
M67.22,"Phì đại màng hoạt dịch, không phân loại nơi khác: Cánh tay"
M67.42,Nang hoạt dịch: cánh tay
M67.33,Viêm màng hoạt dịch thoáng qua: Cẳng tay
M67.46,Nang hoạt dịch: cẳng chân
M68.8*,Các bệnh của màng hoạt dịch và gân khác trong những bệnh phân loại nơi khác
M68.0*,Viêm màng hoạt dịch và viêm bao gân trong những bệnh nhiễm khuẩn phân loại nơi khác
M66.22,Rách (đứt) tự nhiên các gân duỗi: Cánh tay
M66.44,Rách (đứt) tự nhiên các gân khác: Bàn tay
M66.56,Rách (đứt) tự nhiên các gân không xác định: Cẳng chân
M66.12,Rách màng hoạt dịch: Cánh tay
M66.58,Rách (đứt) tự nhiên các gân không xác định: Vị trí khác
M66.14,Rách màng hoạt dịch: Bàn tay
M66.34,Rách (đứt) tự nhiên các gân gấp: Bàn tay
M66.36,Rách (đứt) tự nhiên các gân gấp: Cẳng chân
M66.20,Rách (đứt) tự nhiên các gân duỗi: Nhiều vị trí
M66.41,Rách (đứt) tự nhiên các gân khác: Vùng bả vai
M66.43,Rách (đứt) tự nhiên các gân khác: Cẳng tay
M66.40,Rách (đứt) tự nhiên các gân khác: Nhiều vị trí
M66.31,Rách (đứt) tự nhiên các gân gấp: Vùng bả vai
M66.3,Rách (đứt) tự nhiên các gân gấp
M66.45,Rách (đứt) tự nhiên các gân khác: Vùng chậu và đùi
M66.35,Rách (đứt) tự nhiên các gân gấp: Vùng chậu và đùi
M66.55,Rách (đứt) tự nhiên các gân không xác định: Vùng chậu và đùi
M66.50,Rách (đứt) tự nhiên các gân không xác định: Nhiều vị trí
M66.2,Rách (đứt) tự nhiên các gân duỗi
M66.39,Rách (đứt) tự nhiên các gân gấp: Vị trí không xác định
M66.5,Rách (đứt) tự nhiên các gân không xác định
M66.49,Rách (đứt) tự nhiên các gân khác: Vị trí không xác định
M66.42,Rách (đứt) tự nhiên các gân khác: Cánh tay
M66.18,Rách màng hoạt dịch: Vị trí khác
M66.54,Rách (đứt) tự nhiên các gân không xác định: Bàn tay
M66.48,Rách (đứt) tự nhiên các gân khác: Vị trí khác
M66.24,Rách (đứt) tự nhiên các gân duỗi: Bàn tay
M66.4,Rách (đứt) tự nhiên các gân khác
M66.38,Rách (đứt) tự nhiên các gân gấp: Vị trí khác
M66.47,Rách (đứt) tự nhiên các gân khác: Cổ và bàn chân
M66.52,Rách (đứt) tự nhiên các gân không xác định: Cánh tay
M66.59,Rách (đứt) tự nhiên các gân không xác định: Vị trí không xác định
M66.25,Rách (đứt) tự nhiên các gân duỗi: Vùng chậu và đùi
M66.46,Rách (đứt) tự nhiên các gân khác: Cẳng chân
M66.23,Rách (đứt) tự nhiên các gân duỗi: Cẳng tay
M66.27,Rách (đứt) tự nhiên các gân duỗi: Cổ và bàn chân
M66.21,Rách (đứt) tự nhiên các gân duỗi: Vùng bả vai
M66.30,Rách (đứt) tự nhiên các gân gấp: Nhiều vị trí
M66.33,Rách (đứt) tự nhiên các gân gấp: Cẳng tay
M66.26,Rách (đứt) tự nhiên các gân duỗi: Cẳng chân
M66.53,Rách (đứt) tự nhiên các gân không xác định: Cẳng tay
M66.17,Rách màng hoạt dịch: Cổ và bàn chân
M66.57,Rách (đứt) tự nhiên các gân không xác định: Cổ và bàn chân
M66.32,Rách (đứt) tự nhiên các gân gấp: Cánh tay
M66.37,Rách (đứt) tự nhiên các gân gấp: Cổ và bàn chân
M66.13,Rách màng hoạt dịch: Cẳng tay
M66.11,Rách màng hoạt dịch: Vùng bả vai
M66.29,Rách (đứt) tự nhiên các gân duỗi: Vị trí không xác định
M66.10,Rách màng hoạt dịch: Nhiều vị trí
M66.51,Rách (đứt) tự nhiên các gân không xác định: Vùng bả vai
M66.16,Rách màng hoạt dịch: Cẳng chân
M66.1,Rách màng hoạt dịch
M66.0,Vỡ u nang khoeo chân
M66.19,Rách màng hoạt dịch: Vị trí không xác định
M66.28,Rách (đứt) tự nhiên các gân duỗi: Vị trí khác
M66.15,Rách màng hoạt dịch: Vùng chậu và đùi
M60.01,Viêm cơ nhiễm khuẩn: Vùng bả vai
M60.14,Viêm tổ chức kẽ của cơ: Bàn tay
M60.07,Viêm cơ nhiễm khuẩn: Cổ và bàn chân
M60.00,Viêm cơ nhiễm khuẩn: Nhiều vị trí
M60.82,Các loại viêm cơ khác: Cánh tay
M60.04,Viêm cơ nhiễm khuẩn: Bàn tay
M60.11,Viêm tổ chức kẽ của cơ: Vùng bả vai
M60.17,Viêm tổ chức kẽ của cơ: Cổ và bàn chân
M60.10,Viêm tổ chức kẽ của cơ: Nhiều vị trí
M60.09,Viêm cơ nhiễm khuẩn: Vị trí không xác định
M60.85,Các loại viêm cơ khác: Vùng chậu và đùi
M60.83,Các loại viêm cơ khác: Cẳng tay
M60.19,Viêm tổ chức kẽ của cơ: Vị trí không xác định
M60.23,"U hạt mô mềm do dị vật, không phân loại nơi khác: Cẳng tay"
M60.03,Viêm cơ nhiễm khuẩn: Cẳng tay
M60.80,Các loại viêm cơ khác: Nhiều vị trí
M60.18,Viêm tổ chức kẽ của cơ: Vị trí khác
M60.12,Viêm tổ chức kẽ của cơ: Cánh tay
M60.1,Viêm tổ chức kẽ của cơ
M60.0,Viêm cơ nhiễm khuẩn
M60.2,"U hạt mô mềm do dị vật, không phân loại nơi khác"
M60.9,Viêm cơ không đặc hiệu
M60.16,Viêm tổ chức kẽ của cơ: Cẳng chân
M60.27,"U hạt mô mềm do dị vật, không phân loại nơi khác: Cổ và bàn chân"
M60.22,"U hạt mô mềm do dị vật, không phân loại nơi khác: Cánh tay"
M60.02,Viêm cơ nhiễm khuẩn: Cánh tay
M60.89,Các loại viêm cơ khác: Vị trí không xác định
M60.88,Các loại viêm cơ khác: Vị trí khác
M60.21,"U hạt mô mềm do dị vật, không phân loại nơi khác: Vùng bả vai"
M60.08,Viêm cơ nhiễm khuẩn: Vị trí khác
M60.05,Viêm cơ nhiễm khuẩn: Vùng chậu và đùi
M60.06,Viêm cơ nhiễm khuẩn: Cẳng chân
M60.13,Viêm tổ chức kẽ của cơ: Cẳng tay
M60.25,"U hạt mô mềm do dị vật, không phân loại nơi khác: Vùng chậu và đùi"
M60.84,Các loại viêm cơ khác: Bàn tay
M60.86,Các loại viêm cơ khác: Cẳng chân
M60.24,"U hạt mô mềm do dị vật, không phân loại nơi khác: Bàn tay"
M60.29,"U hạt mô mềm do dị vật, không phân loại nơi khác: Vị trí không xác định"
M60.26,"U hạt mô mềm do dị vật, không phân loại nơi khác: Cẳng chân"
M60.15,Viêm tổ chức kẽ của cơ: Vùng chậu và đùi
M60.8,Các loại viêm cơ khác
M60.28,"U hạt mô mềm do dị vật, không phân loại nơi khác: Vị trí khác"
M60.20,"U hạt mô mềm do dị vật, không phân loại nơi khác: Nhiều vị trí"
M60.87,Các loại viêm cơ khác: Cổ và bàn chân
M60.81,Các loại viêm cơ khác: Vùng bả vai
M61.1,Viêm cơ cốt hoá tiến triển
M61.0,Viêm cơ cốt hoá do chấn thương
M61.2,Vôi hoá và cốt hoá cơ do liệt
M61.5,Các dạng cốt hoá cơ khác
M61.3,Vôi hoá và cốt hoá cơ liên quan đến bỏng
M61.4,Các dạng vôi hoá cơ khác
M61.9,Các chứng vôi hoá và cốt hoá cơ không đặc hiệu
M62.20,Nhồi máu cơ do thiếu máu cục bộ: Nhiều vị trí
M62.25,Nhồi máu cơ do thiếu máu cục bộ: Vùng chậu và đùi
M62.86,Các bệnh cơ đặc hiệu khác: Cẳng chân
M62.22,Nhồi máu cơ do thiếu máu cục bộ: Cánh tay
M62.88,Các bệnh cơ đặc hiệu khác: Vị trí khác
M62.10,Rách cơ khác (không do chấn thương): Nhiều vị trí
M62.97,Bệnh cơ không đặc hiệu: Cổ và bàn chân
M62.38,Hội chứng bất động (liệt 2 chi dưới): Vị trí khác
M62.54,"Nhẽo cơ và teo cơ, không phân loại nơi khác: Bàn tay"
M62.3,Hội chứng bất động (liệt 2 chi dưới)
M62.19,Rách cơ khác (không do chấn thương): Vị trí không xác định
M62.06,Lỏng nhẽo cơ: Cẳng chân
M62.35,Hội chứng bất động (liệt 2 chi dưới): Vùng chậu và đùi
M62.1,Rách cơ khác (không do chấn thương)
M62.29,Nhồi máu cơ do thiếu máu cục bộ: Vị trí không xác định
M62.04,Lỏng nhẽo cơ: Bàn tay
M62.0,Lỏng nhẽo cơ
M62.2,Nhồi máu cơ do thiếu máu cục bộ
M62.56,"Nhẽo cơ và teo cơ, không phân loại nơi khác: Cẳng chân"
M62.40,Co cứng cơ: Nhiều vị trí
M62.69,Căng cơ quá mức: Vị trí không xác định
M62.13,Rách cơ khác (không do chấn thương): Cẳng tay
M62.44,Co cứng cơ: Bàn tay
M62.15,Rách cơ khác (không do chấn thương): Vùng chậu và đùi
M62.4,Co cứng cơ
M62.82,Các bệnh cơ đặc hiệu khác: Cánh tay
M62.62,Căng cơ quá mức: Cánh tay
M62.96,Bệnh cơ không đặc hiệu: Cẳng chân
M62.21,Nhồi máu cơ do thiếu máu cục bộ: Vùng bả vai
M62.66,Căng cơ quá mức: Cẳng chân
M62.24,Nhồi máu cơ do thiếu máu cục bộ: Bàn tay
M62.8,Các bệnh cơ đặc hiệu khác
M62.33,Hội chứng bất động (liệt 2 chi dưới): Cẳng tay
M62.41,Co cứng cơ: Vùng bả vai
M62.02,Lỏng nhẽo cơ: Cánh tay
M62.92,Bệnh cơ không đặc hiệu: Cánh tay
M62.27,Nhồi máu cơ do thiếu máu cục bộ: Cổ và bàn chân
M62.93,Bệnh cơ không đặc hiệu: Cẳng tay
M62.01,Lỏng nhẽo cơ: Vùng bả vai
M62.23,Nhồi máu cơ do thiếu máu cục bộ: Cẳng tay
M62.91,Bệnh cơ không đặc hiệu: Vùng bả vai
M62.49,Co cứng cơ: Vị trí không xác định
M62.98,Bệnh cơ không đặc hiệu: Vị trí khác
M62.84,Các bệnh cơ đặc hiệu khác: Bàn tay
M62.45,Co cứng cơ: Vùng chậu và đùi
M62.28,Nhồi máu cơ do thiếu máu cục bộ: Vị trí khác
M62.68,Căng cơ quá mức: Vị trí khác
M62.43,Co cứng cơ: Cẳng tay
M62.52,"Nhẽo cơ và teo cơ, không phân loại nơi khác: Cánh tay"
M62.16,Rách cơ khác (không do chấn thương): Cẳng chân
M62.05,Lỏng nhẽo cơ: Vùng chậu và đùi
M62.5,"Nhẽo cơ và teo cơ, không phân loại nơi khác"
M62.57,"Nhẽo cơ và teo cơ, không phân loại nơi khác: Cổ và bàn chân"
M62.39,Hội chứng bất động (liệt 2 chi dưới): Vị trí không xác định
M62.81,Các bệnh cơ đặc hiệu khác: Vùng bả vai
M62.83,Các bệnh cơ đặc hiệu khác: Cẳng tay
M62.31,Hội chứng bất động (liệt 2 chi dưới): Vùng bả vai
M62.50,"Nhẽo cơ và teo cơ, không phân loại nơi khác: Nhiều vị trí"
M62.51,"Nhẽo cơ và teo cơ, không phân loại nơi khác: Vùng bả vai"
M62.09,Lỏng nhẽo cơ: Vị trí không xác định
M62.14,Rách cơ khác (không do chấn thương): Bàn tay
M62.67,Căng cơ quá mức: Cổ và bàn chân
M62.99,Bệnh cơ không đặc hiệu: Vị trí không xác định
M62.9,Bệnh cơ không đặc hiệu
M62.34,Hội chứng bất động (liệt 2 chi dưới): Bàn tay
M62.48,Co cứng cơ: Vị trí khác
M62.61,Căng cơ quá mức: Vùng bả vai
M62.6,Căng cơ quá mức
M62.26,Nhồi máu cơ do thiếu máu cục bộ: Cẳng chân
M62.59,"Nhẽo cơ và teo cơ, không phân loại nơi khác: Vị trí không xác định"
M62.00,Lỏng nhẽo cơ: Nhiều vị trí
M62.94,Bệnh cơ không đặc hiệu: Bàn tay
M62.80,Các bệnh cơ đặc hiệu khác: Nhiều vị trí
M62.32,Hội chứng bất động (liệt 2 chi dưới): Cánh tay
M62.11,Rách cơ khác (không do chấn thương): Vùng bả vai
M62.36,Hội chứng bất động (liệt 2 chi dưới): Cẳng chân
M62.85,Các bệnh cơ đặc hiệu khác: Vùng chậu và đùi
M62.37,Hội chứng bất động (liệt 2 chi dưới): Cổ và bàn chân
M62.55,"Nhẽo cơ và teo cơ, không phân loại nơi khác: Vùng chậu và đùi"
M62.64,Căng cơ quá mức: Bàn tay
M62.12,Rách cơ khác (không do chấn thương): Cánh tay
M62.47,Co cứng cơ: Cổ và bàn chân
M62.53,"Nhẽo cơ và teo cơ, không phân loại nơi khác: Cẳng tay"
M62.42,Co cứng cơ: Cánh tay
M62.08,Lỏng nhẽo cơ: Vị trí khác
M62.63,Căng cơ quá mức: Cẳng tay
M62.87,Các bệnh cơ đặc hiệu khác: Cổ và bàn chân
M62.65,Căng cơ quá mức: Vùng chậu và đùi
M62.58,"Nhẽo cơ và teo cơ, không phân loại nơi khác: Vị trí khác"
M62.90,Bệnh cơ không đặc hiệu: Nhiều vị trí
M62.03,Lỏng nhẽo cơ: Cẳng tay
M62.30,Hội chứng bất động (liệt 2 chi dưới): Nhiều vị trí
M62.17,Rách cơ khác (không do chấn thương): Cổ và bàn chân
M62.18,Rách cơ khác (không do chấn thương): Vị trí khác
M62.95,Bệnh cơ không đặc hiệu: Vùng chậu và đùi
M62.46,Co cứng cơ: Cẳng chân
M62.60,Căng cơ quá mức: Nhiều vị trí
M62.89,Các bệnh cơ đặc hiệu khác: Vị trí không xác định
M62.07,Lỏng nhẽo cơ: Cổ và bàn chân
M63.0*,Viêm cơ trong các bệnh nhiễm khuẩn phân loại nơi khác
M63.1*,Viêm cơ trong nhiễm ký sinh trùng và động vật đơn bào phân loại nơi khác
M63.3*,Viêm cơ trong bệnh sacoidosis (D86.8†)
M63.8*,Các bệnh cơ khác trong những bệnh phân loại nơi khác
M63.80*,Các bệnh cơ khác trong những bệnh phân loại nơi khác: nhiều vị trí
M63.2*,Viêm cơ trong các bệnh nhiễm khuẩn phân loại nơi khác
M63.83*,Các bệnh cơ khác trong những bệnh phân loại nơi khác: cẳng tay
M63.85*,Các bệnh cơ khác trong những bệnh phân loại nơi khác: vùng chậu và đùi
M63.87*,Các bệnh cơ khác trong những bệnh phân loại nơi khác: cổ và bàn chân
M63.81*,Các bệnh cơ khác trong những bệnh phân loại nơi khác: vùng bả vai
M63.82*,Các bệnh cơ khác trong những bệnh phân loại nơi khác: cánh tay
M63.88*,Các bệnh cơ khác trong những bệnh phân loại nơi khác: vị trí khác
M63.84*,Các bệnh cơ khác trong những bệnh phân loại nơi khác: bàn tay
M63.86*,Các bệnh cơ khác trong những bệnh phân loại nơi khác: cẳng chân
M63.89*,"Các bệnh cơ khác trong những bệnh phân loại nơi khác, vị trí không xác định"
M83.25,Nhuyễn xương người lớn do rối loạn hấp thu: Vùng chậu và đùi
M83.32,Nhuyễn xương người lớn do rối loạn dinh dưỡng: Cánh tay
M83.43,Bệnh nhiễm nhôm (almunium) xương: Cẳng tay
M83.95,Các bệnh nhuyễn xương ở người lớn không đặc hiệu: Vùng chậu và đùi
M83.93,Các bệnh nhuyễn xương ở người lớn không đặc hiệu: Cẳng tay
M83.19,Nhuyễn xương tuổi già: Vị trí không xác định
M83.8,Các bệnh nhuyễn xương khác ở người lớn
M83.49,Bệnh nhiễm nhôm (almunium) xương: Vị trí không xác định
M83.08,Nhuyễn xương sau đẻ: Vị trí khác
M83.5,Các bệnh nhuyễn xương khác ở người lớn do thuốc
M83.39,Nhuyễn xương người lớn do rối loạn dinh dưỡng: Vị trí không xác định
M83.00,Nhuyễn xương sau đẻ: Nhiều vị trí
M83.87,Các bệnh nhuyễn xương khác ở người lớn: Cổ và bàn chân
M83.1,Nhuyễn xương tuổi già
M83.96,Các bệnh nhuyễn xương ở người lớn không đặc hiệu: Cẳng chân
M83.30,Nhuyễn xương người lớn do rối loạn dinh dưỡng: Nhiều vị trí
M83.10,Nhuyễn xương tuổi già: Nhiều vị trí
M83.90,Các bệnh nhuyễn xương ở người lớn không đặc hiệu: Nhiều vị trí
M83.48,Bệnh nhiễm nhôm (almunium) xương: Vị trí khác
M83.59,Các bệnh nhuyễn xương khác ở người lớn do thuốc: Vị trí không xác định
M83.9,Các bệnh nhuyễn xương ở người lớn không đặc hiệu
M83.41,Bệnh nhiễm nhôm (almunium) xương: Vùng bả vai
M83.57,Các bệnh nhuyễn xương khác ở người lớn do thuốc: Cổ và bàn chân
M83.06,Nhuyễn xương sau đẻ: Cẳng chân
M83.12,Nhuyễn xương tuổi già: Cánh tay
M83.80,Các bệnh nhuyễn xương khác ở người lớn: Nhiều vị trí
M83.03,Nhuyễn xương sau đẻ: Cẳng tay
M83.09,Nhuyễn xương sau đẻ: Vị trí không xác định
M83.36,Nhuyễn xương người lớn do rối loạn dinh dưỡng: Cẳng chân
M83.40,Bệnh nhiễm nhôm (almunium) xương: Nhiều vị trí
M83.84,Các bệnh nhuyễn xương khác ở người lớn: Bàn tay
M83.42,Bệnh nhiễm nhôm (almunium) xương: Cánh tay
M83.4,Bệnh nhiễm nhôm (almunium) xương
M83.28,Nhuyễn xương người lớn do rối loạn hấp thu: Vị trí khác
M83.81,Các bệnh nhuyễn xương khác ở người lớn: Vùng bả vai
M83.92,Các bệnh nhuyễn xương ở người lớn không đặc hiệu: Cánh tay
M83.97,Các bệnh nhuyễn xương ở người lớn không đặc hiệu: Cổ và bàn chân
M83.52,Các bệnh nhuyễn xương khác ở người lớn do thuốc: Cánh tay
M83.26,Nhuyễn xương người lớn do rối loạn hấp thu: Cẳng chân
M83.94,Các bệnh nhuyễn xương ở người lớn không đặc hiệu: Bàn tay
M83.04,Nhuyễn xương sau đẻ: Bàn tay
M83.21,Nhuyễn xương người lớn do rối loạn hấp thu: Vùng bả vai
M83.45,Bệnh nhiễm nhôm (almunium) xương: Vùng chậu và đùi
M83.50,Các bệnh nhuyễn xương khác ở người lớn do thuốc: Nhiều vị trí
M83.38,Nhuyễn xương người lớn do rối loạn dinh dưỡng: Vị trí khác
M83.22,Nhuyễn xương người lớn do rối loạn hấp thu: Cánh tay
M83.17,Nhuyễn xương tuổi già: Cổ và bàn chân
M83.83,Các bệnh nhuyễn xương khác ở người lớn: Cẳng tay
M83.15,Nhuyễn xương tuổi già: Vùng chậu và đùi
M83.35,Nhuyễn xương người lớn do rối loạn dinh dưỡng: Vùng chậu và đùi
M83.54,Các bệnh nhuyễn xương khác ở người lớn do thuốc: Bàn tay
M83.16,Nhuyễn xương tuổi già: Cẳng chân
M83.05,Nhuyễn xương sau đẻ: Vùng chậu và đùi
M83.51,Các bệnh nhuyễn xương khác ở người lớn do thuốc: Vùng bả vai
M83.18,Nhuyễn xương tuổi già: Vị trí khác
M83.85,Các bệnh nhuyễn xương khác ở người lớn: Vùng chậu và đùi
M83.11,Nhuyễn xương tuổi già: Vùng bả vai
M83.47,Bệnh nhiễm nhôm (almunium) xương: Cổ và bàn chân
M83.29,Nhuyễn xương người lớn do rối loạn hấp thu: Vị trí không xác định
M83.3,Nhuyễn xương người lớn do rối loạn dinh dưỡng
M83.2,Nhuyễn xương người lớn do rối loạn hấp thu
M83.99,Các bệnh nhuyễn xương ở người lớn không đặc hiệu: Vị trí không xác định
M83.53,Các bệnh nhuyễn xương khác ở người lớn do thuốc: Cẳng tay
M83.88,Các bệnh nhuyễn xương khác ở người lớn: Vị trí khác
M83.31,Nhuyễn xương người lớn do rối loạn dinh dưỡng: Vùng bả vai
M83.44,Bệnh nhiễm nhôm (almunium) xương: Bàn tay
M83.02,Nhuyễn xương sau đẻ: Cánh tay
M83.0,Nhuyễn xương sau đẻ
M83.23,Nhuyễn xương người lớn do rối loạn hấp thu: Cẳng tay
M83.14,Nhuyễn xương tuổi già: Bàn tay
M83.56,Các bệnh nhuyễn xương khác ở người lớn do thuốc: Cẳng chân
M83.82,Các bệnh nhuyễn xương khác ở người lớn: Cánh tay
M83.37,Nhuyễn xương người lớn do rối loạn dinh dưỡng: Cổ và bàn chân
M83.20,Nhuyễn xương người lớn do rối loạn hấp thu: Nhiều vị trí
M83.27,Nhuyễn xương người lớn do rối loạn hấp thu: Cổ và bàn chân
M83.98,Các bệnh nhuyễn xương ở người lớn không đặc hiệu: Vị trí khác
M83.33,Nhuyễn xương người lớn do rối loạn dinh dưỡng: Cẳng tay
M83.01,Nhuyễn xương sau đẻ: Vùng bả vai
M83.46,Bệnh nhiễm nhôm (almunium) xương: Cẳng chân
M83.07,Nhuyễn xương sau đẻ: Cổ và bàn chân
M83.55,Các bệnh nhuyễn xương khác ở người lớn do thuốc: Vùng chậu và đùi
M83.34,Nhuyễn xương người lớn do rối loạn dinh dưỡng: Bàn tay
M83.89,Các bệnh nhuyễn xương khác ở người lớn: Vị trí không xác định
M83.58,Các bệnh nhuyễn xương khác ở người lớn do thuốc: Vị trí khác
M83.86,Các bệnh nhuyễn xương khác ở người lớn: Cẳng chân
M83.13,Nhuyễn xương tuổi già: Cẳng tay
M83.24,Nhuyễn xương người lớn do rối loạn hấp thu: Bàn tay
M83.91,Các bệnh nhuyễn xương ở người lớn không đặc hiệu: Vùng bả vai
M85.6,Các nang khác của xương
M85.63,Các nang khác của xương: Cẳng tay
M85.43,Nang xương đơn độc: Cẳng tay
M85.47,Nang xương đơn độc: Cổ và bàn chân
M85.10,Bệnh nhiễm Fluo xương: Nhiều vị trí
M85.45,Nang xương đơn độc: Vùng chậu và đùi
M85.37,Viêm xương dạng đặc: Cổ và bàn chân
M85.93,"Rối loạn về mật độ và cấu trúc của xương, không đặc hiệu: Cẳng tay"
M85.68,Các nang khác của xương: Vị trí khác
M85.42,Nang xương đơn độc: Cánh tay
M85.13,Bệnh nhiễm Fluo xương: Cẳng tay
M85.07,Loạn sản xơ xương (khu trú): Cổ và bàn chân
M85.96,"Rối loạn về mật độ và cấu trúc của xương, không đặc hiệu: Cẳng chân"
M85.49,Nang xương đơn độc: Vị trí không xác định
M85.5,Nang phình mạch của xương
M85.04,Loạn sản xơ xương (khu trú): Bàn tay
M85.54,Nang phình mạch của xương: Bàn tay
M85.87,Những rối loạn đặc hiệu khác về mật độ và cấu trúc của xương: Cổ và bàn chân
M85.02,Loạn sản xơ xương (khu trú): Cánh tay
M85.1,Bệnh nhiễm Fluo xương
M85.53,Nang phình mạch của xương: Cẳng tay
M85.82,Những rối loạn đặc hiệu khác về mật độ và cấu trúc của xương: Cánh tay
M85.85,Những rối loạn đặc hiệu khác về mật độ và cấu trúc của xương: Vùng chậu và đùi
M85.41,Nang xương đơn độc: Vùng bả vai
M85.34,Viêm xương dạng đặc: Bàn tay
M85.36,Viêm xương dạng đặc: Cẳng chân
M85.46,Nang xương đơn độc: Cẳng chân
M85.0,Loạn sản xơ xương (khu trú)
M85.57,Nang phình mạch của xương: Cổ và bàn chân
M85.60,Các nang khác của xương: Nhiều vị trí
M85.91,"Rối loạn về mật độ và cấu trúc của xương, không đặc hiệu: Vùng bả vai"
M85.56,Nang phình mạch của xương: Cẳng chân
M85.15,Bệnh nhiễm Fluo xương: Vùng chậu và đùi
M85.69,Các nang khác của xương: Vị trí không xác định
M85.08,Loạn sản xơ xương (khu trú): Vị trí khác
M85.17,Bệnh nhiễm Fluo xương: Cổ và bàn chân
M85.01,Loạn sản xơ xương (khu trú): Vùng bả vai
M85.64,Các nang khác của xương: Bàn tay
M85.12,Bệnh nhiễm Fluo xương: Cánh tay
M85.55,Nang phình mạch của xương: Vùng chậu và đùi
M85.39,Viêm xương dạng đặc: Vị trí không xác định
M85.2,Quá sản xương sọ
M85.3,Viêm xương dạng đặc
M85.33,Viêm xương dạng đặc: Cẳng tay
M85.58,Nang phình mạch của xương: Vị trí khác
M85.94,"Rối loạn về mật độ và cấu trúc của xương, không đặc hiệu: Bàn tay"
M85.38,Viêm xương dạng đặc: Vị trí khác
M85.03,Loạn sản xơ xương (khu trú): Cẳng tay
M85.52,Nang phình mạch của xương: Cánh tay
M85.80,Những rối loạn đặc hiệu khác về mật độ và cấu trúc của xương: Nhiều vị trí
M85.51,Nang phình mạch của xương: Vùng bả vai
M85.88,Những rối loạn đặc hiệu khác về mật độ và cấu trúc của xương: Vị trí khác
M85.90,"Rối loạn về mật độ và cấu trúc của xương, không đặc hiệu: Nhiều vị trí"
M85.86,Những rối loạn đặc hiệu khác về mật độ và cấu trúc của xương: Cẳng chân
M85.05,Loạn sản xơ xương (khu trú): Vùng chậu và đùi
M85.19,Bệnh nhiễm Fluo xương: Vị trí không xác định
M85.99,"Rối loạn về mật độ và cấu trúc của xương, không đặc hiệu: Vị trí không xác định"
M85.30,Viêm xương dạng đặc: Nhiều vị trí
M85.95,"Rối loạn về mật độ và cấu trúc của xương, không đặc hiệu: Vùng chậu và đùi"
M85.89,Những rối loạn đặc hiệu khác về mật độ và cấu trúc của xương: Vị trí không xác định
M85.97,"Rối loạn về mật độ và cấu trúc của xương, không đặc hiệu: Cổ và bàn chân"
M85.84,Những rối loạn đặc hiệu khác về mật độ và cấu trúc của xương: Bàn tay
M85.09,Loạn sản xơ xương (khu trú): Vị trí không xác định
M85.9,"Rối loạn về mật độ và cấu trúc của xương, không đặc hiệu"
M85.32,Viêm xương dạng đặc: Cánh tay
M85.8,Những rối loạn đặc hiệu khác về mật độ và cấu trúc của xương
M85.62,Các nang khác của xương: Cánh tay
M85.11,Bệnh nhiễm Fluo xương: Vùng bả vai
M85.83,Những rối loạn đặc hiệu khác về mật độ và cấu trúc của xương: Cẳng tay
M85.35,Viêm xương dạng đặc: Vùng chậu và đùi
M85.66,Các nang khác của xương: Cẳng chân
M85.4,Nang xương đơn độc
M85.18,Bệnh nhiễm Fluo xương: Vị trí khác
M85.31,Viêm xương dạng đặc: Vùng bả vai
M85.06,Loạn sản xơ xương (khu trú): Cẳng chân
M85.67,Các nang khác của xương: Cổ và bàn chân
M85.61,Các nang khác của xương: Vùng bả vai
M85.44,Nang xương đơn độc: Bàn tay
M85.48,Nang xương đơn độc: Vị trí khác
M85.00,Loạn sản xơ xương (khu trú): Nhiều vị trí
M85.50,Nang phình mạch của xương: Nhiều vị trí
M85.92,"Rối loạn về mật độ và cấu trúc của xương, không đặc hiệu: Cánh tay"
M85.81,Những rối loạn đặc hiệu khác về mật độ và cấu trúc của xương: Vùng bả vai
M85.14,Bệnh nhiễm Fluo xương: Bàn tay
M85.59,Nang phình mạch của xương: Vị trí không xác định
M85.98,"Rối loạn về mật độ và cấu trúc của xương, không đặc hiệu: Vị trí khác"
M85.16,Bệnh nhiễm Fluo xương: Cẳng chân
M85.65,Các nang khác của xương: Vùng chậu và đùi
M81.0,Loãng xương sau mãn kinh
M81.45,Loãng xương do thuốc: Vùng chậu và đùi
M81.11,Loãng xương sau cắt buồng trứng: Vùng bả vai
M81.18,Loãng xương sau cắt buồng trứng: Vị trí khác
M81.09,Loãng xương sau mãn kinh: Vị trí không xác định
M81.52,Loãng xương tự phát: Cánh tay
M81.86,Các bệnh loãng xương khác: Cẳng chân
M81.00,Loãng xương sau mãn kinh: Nhiều vị trí
M81.05,Loãng xương sau mãn kinh: Vùng chậu và đùi
M81.87,Các bệnh loãng xương khác: Cổ và bàn chân
M81.9,Loãng xương không đặc hiệu
M81.61,Loãng xương khu trú: Vùng bả vai
M81.26,Loãng xương do không vận động: Cẳng chân
M81.47,Loãng xương do thuốc: Cổ và bàn chân
M81.80,Các bệnh loãng xương khác: Nhiều vị trí
M81.85,Các bệnh loãng xương khác: Vùng chậu và đùi
M81.43,Loãng xương do thuốc: Cẳng tay
M81.64,Loãng xương khu trú: Bàn tay
M81.02,Loãng xương sau mãn kinh: Cánh tay
M81.2,Loãng xương do không vận động
M81.20,Loãng xương do không vận động: Nhiều vị trí
M81.4,Loãng xương do thuốc
M81.66,Loãng xương khu trú: Cẳng chân
M81.46,Loãng xương do thuốc: Cẳng chân
M81.10,Loãng xương sau cắt buồng trứng: Nhiều vị trí
M81.14,Loãng xương sau cắt buồng trứng: Bàn tay
M81.67,Loãng xương khu trú: Cổ và bàn chân
M81.24,Loãng xương do không vận động: Bàn tay
M81.56,Loãng xương tự phát: Cẳng chân
M81.32,Loãng xương do rối loạn hấp thu sau phẫu thuật: Cánh tay
M81.01,Loãng xương sau mãn kinh: Vùng bả vai
M81.36,Loãng xương do rối loạn hấp thu sau phẫu thuật: Cẳng chân
M81.96,Loãng xương không đặc hiệu: Cẳng chân
M81.94,Loãng xương không đặc hiệu: Bàn tay
M81.91,Loãng xương không đặc hiệu: Vùng bả vai
M81.3,Loãng xương do rối loạn hấp thu sau phẫu thuật
M81.88,Các bệnh loãng xương khác: Vị trí khác
M81.48,Loãng xương do thuốc: Vị trí khác
M81.95,Loãng xương không đặc hiệu: Vùng chậu và đùi
M81.39,Loãng xương do rối loạn hấp thu sau phẫu thuật: Vị trí không xác định
M81.17,Loãng xương sau cắt buồng trứng: Cổ và bàn chân
M81.19,Loãng xương sau cắt buồng trứng: Vị trí không xác định
M81.54,Loãng xương tự phát: Bàn tay
M81.62,Loãng xương khu trú: Cánh tay
M81.92,Loãng xương không đặc hiệu: Cánh tay
M81.60,Loãng xương khu trú: Nhiều vị trí
M81.83,Các bệnh loãng xương khác: Cẳng tay
M81.07,Loãng xương sau mãn kinh: Cổ và bàn chân
M81.40,Loãng xương do thuốc: Nhiều vị trí
M81.59,Loãng xương tự phát: Vị trí không xác định
M81.6,Loãng xương khu trú
M81.53,Loãng xương tự phát: Cẳng tay
M81.81,Các bệnh loãng xương khác: Vùng bả vai
M81.8,Các bệnh loãng xương khác
M81.28,Loãng xương do không vận động: Vị trí khác
M81.63,Loãng xương khu trú: Cẳng tay
M81.89,Các bệnh loãng xương khác: Vị trí không xác định
M81.49,Loãng xương do thuốc: Vị trí không xác định
M81.04,Loãng xương sau mãn kinh: Bàn tay
M81.08,Loãng xương sau mãn kinh: Vị trí khác
M81.82,Các bệnh loãng xương khác: Cánh tay
M81.03,Loãng xương sau mãn kinh: Cẳng tay
M81.37,Loãng xương do rối loạn hấp thu sau phẫu thuật: Cổ và bàn chân
M81.84,Các bệnh loãng xương khác: Bàn tay
M81.12,Loãng xương sau cắt buồng trứng: Cánh tay
M81.22,Loãng xương do không vận động: Cánh tay
M81.29,Loãng xương do không vận động: Vị trí không xác định
M81.38,Loãng xương do rối loạn hấp thu sau phẫu thuật: Vị trí khác
M81.69,Loãng xương khu trú: Vị trí không xác định
M81.57,Loãng xương tự phát: Cổ và bàn chân
M81.06,Loãng xương sau mãn kinh: Cẳng chân
M81.1,Loãng xương sau cắt buồng trứng
M81.55,Loãng xương tự phát: Vùng chậu và đùi
M81.65,Loãng xương khu trú: Vùng chậu và đùi
M81.35,Loãng xương do rối loạn hấp thu sau phẫu thuật: Vùng chậu và đùi
M81.50,Loãng xương tự phát: Nhiều vị trí
M81.98,Loãng xương không đặc hiệu: Vị trí khác
M81.97,Loãng xương không đặc hiệu: Cổ và bàn chân
M81.21,Loãng xương do không vận động: Vùng bả vai
M81.27,Loãng xương do không vận động: Cổ và bàn chân
M81.41,Loãng xương do thuốc: Vùng bả vai
M81.30,Loãng xương do rối loạn hấp thu sau phẫu thuật: Nhiều vị trí
M81.90,Loãng xương không đặc hiệu: Nhiều vị trí
M81.58,Loãng xương tự phát: Vị trí khác
M81.44,Loãng xương do thuốc: Bàn tay
M81.16,Loãng xương sau cắt buồng trứng: Cẳng chân
M81.33,Loãng xương do rối loạn hấp thu sau phẫu thuật: Cẳng tay
M81.51,Loãng xương tự phát: Vùng bả vai
M81.15,Loãng xương sau cắt buồng trứng: Vùng chậu và đùi
M81.34,Loãng xương do rối loạn hấp thu sau phẫu thuật: Bàn tay
M81.5,Loãng xương tự phát
M81.68,Loãng xương khu trú: Vị trí khác
M81.23,Loãng xương do không vận động: Cẳng tay
M81.13,Loãng xương sau cắt buồng trứng: Cẳng tay
M81.93,Loãng xương không đặc hiệu: Cẳng tay
M81.42,Loãng xương do thuốc: Cánh tay
M81.99,Loãng xương không đặc hiệu: Vị trí không xác định
M81.25,Loãng xương do không vận động: Vùng chậu và đùi
M81.31,Loãng xương do rối loạn hấp thu sau phẫu thuật: Vùng bả vai
M82.02*,Loãng xương trong bệnh đa u tuỷ xương (C90.0†): cánh tay
M82.0*,Loãng xương trong bệnh đa u tuỷ xương (C90.0†)
M82.00*,Loãng xương trong bệnh đa u tuỷ xương (C90.0†): nhiều vị trí
M82.16*,Loãng xương trong các bệnh nội tiết (E00- E34†): cẳng chân
M82.89*,"Loãng xương trong các bệnh phân loại nơi khác, vị trí không xác định"
M82.8*,Loãng xương trong các bệnh phân loại nơi khác
M82.83*,Loãng xương trong các bệnh phân loại nơi khác: cẳng tay
M82.18*,Loãng xương trong các bệnh nội tiết (E00- E34†): vị trí khác
M82.80*,Loãng xương trong các bệnh phân loại nơi khác: nhiều vị trí
M82.07*,Loãng xương trong bệnh đa u tuỷ xương (C90.0†): cổ và bàn chân
M82.1*,Loãng xương trong các bệnh nội tiết (E00- E34†)
M82.10*,Loãng xương trong các bệnh nội tiết (E00- E34†): nhiều vị trí
M82.17*,Loãng xương trong các bệnh nội tiết (E00- E34†): cổ và bàn chân
M82.13*,Loãng xương trong các bệnh nội tiết (E00- E34†): cẳng tay
M82.05*,Loãng xương trong bệnh đa u tuỷ xương (C90.0†): vùng chậu và đùi
M82.87*,Loãng xương trong các bệnh phân loại nơi khác: cổ và bàn chân
M82.06*,Loãng xương trong bệnh đa u tuỷ xương (C90.0†): cẳng chân
M82.14*,Loãng xương trong các bệnh nội tiết (E00- E34†): bàn tay
M82.15*,Loãng xương trong các bệnh nội tiết (E00- E34†): vùng chậu và đùi
M82.01*,Loãng xương trong bệnh đa u tuỷ xương (C90.0†): vùng bả vai
M82.08*,Loãng xương trong bệnh đa u tuỷ xương (C90.0†): vị trí khác
M82.11*,Loãng xương trong các bệnh nội tiết (E00- E34†): vùng bả vai
M82.19*,"Loãng xương trong các bệnh nội tiết (E00- E34†), vị trí không xác định"
M82.03*,Loãng xương trong bệnh đa u tuỷ xương (C90.0†): cẳng tay
M82.12*,Loãng xương trong các bệnh nội tiết (E00- E34†): cánh tay
M82.86*,Loãng xương trong các bệnh phân loại nơi khác: cẳng chân
M82.84*,Loãng xương trong các bệnh phân loại nơi khác: bàn tay
M82.85*,Loãng xương trong các bệnh phân loại nơi khác: vùng chậu và đùi
M82.82*,Loãng xương trong các bệnh phân loại nơi khác: cánh tay
M82.81*,Loãng xương trong các bệnh phân loại nơi khác: vùng bả vai
M82.09*,"Loãng xương trong bệnh đa u tuỷ xương (C90.0†), vị trí không xác định"
M82.88*,Loãng xương trong các bệnh phân loại nơi khác: vị trí khác
M82.04*,Loãng xương trong bệnh đa u tuỷ xương (C90.0†): bàn tay
M84.90,Rối loạn khác về sự liên tục của xương không đặc hiệu: Nhiều vị trí
M84.94,Rối loạn khác về sự liên tục của xương không đặc hiệu: Bàn tay
M84.21,Gãy xương chậm liền: Vùng bả vai
M84.96,Rối loạn khác về sự liên tục của xương không đặc hiệu: Cẳng chân
M84.28,Gãy xương chậm liền: Vị trí khác
M84.47,"Gãy xương bệnh lý, không phân loại nơi khác: Cổ và bàn chân"
M84.13,Gãy xương không liền [khớp giả]: Cẳng tay
M84.22,Gãy xương chậm liền: Cánh tay
M84.95,Rối loạn khác về sự liên tục của xương không đặc hiệu: Vùng chậu và đùi
M84.0,Can lệch
M84.42,"Gãy xương bệnh lý, không phân loại nơi khác: Cánh tay"
M84.07,Can lệch: Cổ và bàn chân
M84.23,Gãy xương chậm liền: Cẳng tay
M84.20,Gãy xương chậm liền: Nhiều vị trí
M84.34,"Gãy mỏi, không phân loại nơi khác: Bàn tay"
M84.04,Can lệch: Bàn tay
M84.08,Can lệch: Vị trí khác
M84.31,"Gãy mỏi, không phân loại nơi khác: Vùng bả vai"
M84.32,"Gãy mỏi, không phân loại nơi khác: Cánh tay"
M84.80,Rối loạn khác về sự liên tục của xương: Nhiều vị trí
M84.84,Rối loạn khác về sự liên tục của xương: Bàn tay
M84.16,Gãy xương không liền [khớp giả]: Cẳng chân
M84.49,"Gãy xương bệnh lý, không phân loại nơi khác: Vị trí không xác định"
M84.40,"Gãy xương bệnh lý, không phân loại nơi khác: Nhiều vị trí"
M84.86,Rối loạn khác về sự liên tục của xương: Cẳng chân
M84.98,Rối loạn khác về sự liên tục của xương không đặc hiệu: Vị trí khác
M84.48,"Gãy xương bệnh lý, không phân loại nơi khác: Vị trí khác"
M84.15,Gãy xương không liền [khớp giả]: Vùng chậu và đùi
M84.1,Gãy xương không liền [khớp giả]
M84.26,Gãy xương chậm liền: Cẳng chân
M84.05,Can lệch: Vùng chậu và đùi
M84.45,"Gãy xương bệnh lý, không phân loại nơi khác: Vùng chậu và đùi"
M84.36,"Gãy mỏi, không phân loại nơi khác: Cẳng chân"
M84.30,"Gãy mỏi, không phân loại nơi khác: Nhiều vị trí"
M84.8,Rối loạn khác về sự liên tục của xương
M84.29,Gãy xương chậm liền: Vị trí không xác định
M84.17,Gãy xương không liền [khớp giả]: Cổ và bàn chân
M84.01,Can lệch: Vùng bả vai
M84.89,Rối loạn khác về sự liên tục của xương: Vị trí không xác định
M84.03,Can lệch: Cẳng tay
M84.43,"Gãy xương bệnh lý, không phân loại nơi khác: Cẳng tay"
M84.00,Can lệch: Nhiều vị trí
M84.91,Rối loạn khác về sự liên tục của xương không đặc hiệu: Vùng bả vai
M84.87,Rối loạn khác về sự liên tục của xương: Cổ và bàn chân
M84.88,Rối loạn khác về sự liên tục của xương: Vị trí khác
M84.09,Can lệch: Vị trí không xác định
M84.33,"Gãy mỏi, không phân loại nơi khác: Cẳng tay"
M84.82,Rối loạn khác về sự liên tục của xương: Cánh tay
M84.18,Gãy xương không liền [khớp giả]: Vị trí khác
M84.46,"Gãy xương bệnh lý, không phân loại nơi khác: Cẳng chân"
M84.19,Gãy xương không liền [khớp giả]: Vị trí không xác định
M84.24,Gãy xương chậm liền: Bàn tay
M84.2,Gãy xương chậm liền
M84.35,"Gãy mỏi, không phân loại nơi khác: Vùng chậu và đùi"
M84.06,Can lệch: Cẳng chân
M84.12,Gãy xương không liền [khớp giả]: Cánh tay
M84.4,"Gãy xương bệnh lý, không phân loại nơi khác"
M84.11,Gãy xương không liền [khớp giả]: Vùng bả vai
M84.99,Rối loạn khác về sự liên tục của xương không đặc hiệu: Vị trí không xác định
M84.14,Gãy xương không liền [khớp giả]: Bàn tay
M84.83,Rối loạn khác về sự liên tục của xương: Cẳng tay
M84.25,Gãy xương chậm liền: Vùng chậu và đùi
M84.85,Rối loạn khác về sự liên tục của xương: Vùng chậu và đùi
M84.81,Rối loạn khác về sự liên tục của xương: Vùng bả vai
M84.37,"Gãy mỏi, không phân loại nơi khác: Cổ và bàn chân"
M84.92,Rối loạn khác về sự liên tục của xương không đặc hiệu: Cánh tay
M84.97,Rối loạn khác về sự liên tục của xương không đặc hiệu: Cổ và bàn chân
M84.02,Can lệch: Cánh tay
M84.3,"Gãy mỏi, không phân loại nơi khác"
M84.44,"Gãy xương bệnh lý, không phân loại nơi khác: Bàn tay"
M84.39,"Gãy mỏi, không phân loại nơi khác: Vị trí không xác định"
M84.10,Gãy xương không liền [khớp giả]: Nhiều vị trí
M84.93,Rối loạn khác về sự liên tục của xương không đặc hiệu: Cẳng tay
M84.38,"Gãy mỏi, không phân loại nơi khác: Vị trí khác"
M84.27,Gãy xương chậm liền: Cổ và bàn chân
M84.41,"Gãy xương bệnh lý, không phân loại nơi khác: Vùng bả vai"
M84.9,Rối loạn khác về sự liên tục của xương không đặc hiệu
M80.82,Các loãng xương khác có kèm gãy xương bệnh lý: Cánh tay
M80.10,Loãng xương sau cắt buồng trứng có kèm gãy xương bệnh lý: Nhiều vị trí
M80.92,Loãng xương không đặc hiệu có kèm gãy xương bệnh lý: Cánh tay
M80.01,Loãng xương sau mãn kinh có kèm gãy xương bệnh lý: Vùng bả vai
M80.45,Loãng xương do thuốc có kèm gãy xương bệnh lý: Vùng chậu và đùi
M80.89,Các loãng xương khác có kèm gãy xương bệnh lý: Vị trí không xác định
M80.16,Loãng xương sau cắt buồng trứng có kèm gãy xương bệnh lý: Cẳng chân
M80.4,Loãng xương do thuốc có kèm gãy xương bệnh lý
M80.36,Loãng xương do kém hấp thu sau phẫu thuật có kèm gãy xương bệnh lý: Cẳng chân
M80.80,Các loãng xương khác có kèm gãy xương bệnh lý: Nhiều vị trí
M80.93,Loãng xương không đặc hiệu có kèm gãy xương bệnh lý: Cẳng tay
M80.17,Loãng xương sau cắt buồng trứng có kèm gãy xương bệnh lý: Cổ và bàn chân
M80.58,Loãng xương tự phát có kèm gãy xương bệnh lý: Vị trí khác
M80.88,Các loãng xương khác có kèm gãy xương bệnh lý: Vị trí khác
M80.08,Loãng xương sau mãn kinh có kèm gãy xương bệnh lý: Vị trí khác
M80.57,Loãng xương tự phát có kèm gãy xương bệnh lý: Cổ và bàn chân
M80.53,Loãng xương tự phát có kèm gãy xương bệnh lý: Cẳng tay
M80.3,Loãng xương do kém hấp thu sau phẫu thuật có kèm gãy xương bệnh lý
M80.59,Loãng xương tự phát có kèm gãy xương bệnh lý: Vị trí không xác định
M80.23,Loãng xương do bất động có kèm gãy xương bệnh lý: Cẳng tay
M80.30,Loãng xương do kém hấp thu sau phẫu thuật có kèm gãy xương bệnh lý: Nhiều vị trí
M80.5,Loãng xương tự phát có kèm gãy xương bệnh lý
M80.43,Loãng xương do thuốc có kèm gãy xương bệnh lý: Cẳng tay
M80.37,Loãng xương do kém hấp thu sau phẫu thuật có kèm gãy xương bệnh lý: Cổ và bàn chân
M80.84,Các loãng xương khác có kèm gãy xương bệnh lý: Bàn tay
M80.26,Loãng xương do bất động có kèm gãy xương bệnh lý: Cẳng chân
M80.28,Loãng xương do bất động có kèm gãy xương bệnh lý: Vị trí khác
M80.83,Các loãng xương khác có kèm gãy xương bệnh lý: Cẳng tay
M80.20,Loãng xương do bất động có kèm gãy xương bệnh lý: Nhiều vị trí
M80.50,Loãng xương tự phát có kèm gãy xương bệnh lý: Nhiều vị trí
M80.97,Loãng xương không đặc hiệu có kèm gãy xương bệnh lý: Cổ và bàn chân
M80.35,Loãng xương do kém hấp thu sau phẫu thuật có kèm gãy xương bệnh lý: Vùng chậu và đùi
M80.24,Loãng xương do bất động có kèm gãy xương bệnh lý: Bàn tay
M80.09,Loãng xương sau mãn kinh có kèm gãy xương bệnh lý: Vị trí không xác định
M80.54,Loãng xương tự phát có kèm gãy xương bệnh lý: Bàn tay
M80.52,Loãng xương tự phát có kèm gãy xương bệnh lý: Cánh tay
M80.15,Loãng xương sau cắt buồng trứng có kèm gãy xương bệnh lý: Vùng chậu và đùi
M80.12,Loãng xương sau cắt buồng trứng có kèm gãy xương bệnh lý: Cánh tay
M80.8,Các loãng xương khác có kèm gãy xương bệnh lý
M80.06,Loãng xương sau mãn kinh có kèm gãy xương bệnh lý: Cẳng chân
M80.95,Loãng xương không đặc hiệu có kèm gãy xương bệnh lý: Vùng chậu và đùi
M80.0,Loãng xương sau mãn kinh có kèm gãy xương bệnh lý
M80.19,Loãng xương sau cắt buồng trứng có kèm gãy xương bệnh lý: Vị trí không xác định
M80.25,Loãng xương do bất động có kèm gãy xương bệnh lý: Vùng chậu và đùi
M80.46,Loãng xương do thuốc có kèm gãy xương bệnh lý: Cẳng chân
M80.38,Loãng xương do kém hấp thu sau phẫu thuật có kèm gãy xương bệnh lý: Vị trí khác
M80.90,Loãng xương không đặc hiệu có kèm gãy xương bệnh lý: Nhiều vị trí
M80.56,Loãng xương tự phát có kèm gãy xương bệnh lý: Cẳng chân
M80.55,Loãng xương tự phát có kèm gãy xương bệnh lý: Vùng chậu và đùi
M80.81,Các loãng xương khác có kèm gãy xương bệnh lý: Vùng bả vai
M80.99,Loãng xương không đặc hiệu có kèm gãy xương bệnh lý: Vị trí không xác định
M80.41,Loãng xương do thuốc có kèm gãy xương bệnh lý: Vùng bả vai
M80.86,Các loãng xương khác có kèm gãy xương bệnh lý: Cẳng chân
M80.02,Loãng xương sau mãn kinh có kèm gãy xương bệnh lý: Cánh tay
M80.9,Loãng xương không đặc hiệu có kèm gãy xương bệnh lý
M80.48,Loãng xương do thuốc có kèm gãy xương bệnh lý: Vị trí khác
M80.31,Loãng xương do kém hấp thu sau phẫu thuật có kèm gãy xương bệnh lý: Vùng bả vai
M80.22,Loãng xương do bất động có kèm gãy xương bệnh lý: Cánh tay
M80.29,Loãng xương do bất động có kèm gãy xương bệnh lý: Vị trí không xác định
M80.13,Loãng xương sau cắt buồng trứng có kèm gãy xương bệnh lý: Cẳng tay
M80.2,Loãng xương do bất động có kèm gãy xương bệnh lý
M80.85,Các loãng xương khác có kèm gãy xương bệnh lý: Vùng chậu và đùi
M80.05,Loãng xương sau mãn kinh có kèm gãy xương bệnh lý: Vùng chậu và đùi
M80.44,Loãng xương do thuốc có kèm gãy xương bệnh lý: Bàn tay
M80.21,Loãng xương do bất động có kèm gãy xương bệnh lý: Vùng bả vai
M80.11,Loãng xương sau cắt buồng trứng có kèm gãy xương bệnh lý: Vùng bả vai
M80.1,Loãng xương sau cắt buồng trứng có kèm gãy xương bệnh lý
M80.39,Loãng xương do kém hấp thu sau phẫu thuật có kèm gãy xương bệnh lý: Vị trí không xác định
M80.14,Loãng xương sau cắt buồng trứng có kèm gãy xương bệnh lý: Bàn tay
M80.07,Loãng xương sau mãn kinh có kèm gãy xương bệnh lý: Cổ và bàn chân
M80.91,Loãng xương không đặc hiệu có kèm gãy xương bệnh lý: Vùng bả vai
M80.94,Loãng xương không đặc hiệu có kèm gãy xương bệnh lý: Bàn tay
M80.40,Loãng xương do thuốc có kèm gãy xương bệnh lý: Nhiều vị trí
M80.32,Loãng xương do kém hấp thu sau phẫu thuật có kèm gãy xương bệnh lý: Cánh tay
M80.98,Loãng xương không đặc hiệu có kèm gãy xương bệnh lý: Vị trí khác
M80.03,Loãng xương sau mãn kinh có kèm gãy xương bệnh lý: Cẳng tay
M80.33,Loãng xương do kém hấp thu sau phẫu thuật có kèm gãy xương bệnh lý: Cẳng tay
M80.42,Loãng xương do thuốc có kèm gãy xương bệnh lý: Cánh tay
M80.51,Loãng xương tự phát có kèm gãy xương bệnh lý: Vùng bả vai
M80.96,Loãng xương không đặc hiệu có kèm gãy xương bệnh lý: Cẳng chân
M80.18,Loãng xương sau cắt buồng trứng có kèm gãy xương bệnh lý: Vị trí khác
M80.00,Loãng xương sau mãn kinh có kèm gãy xương bệnh lý: Nhiều vị trí
M80.49,Loãng xương do thuốc có kèm gãy xương bệnh lý: Vị trí không xác định
M80.04,Loãng xương sau mãn kinh có kèm gãy xương bệnh lý: Bàn tay
M80.27,Loãng xương do bất động có kèm gãy xương bệnh lý: Cổ và bàn chân
M80.34,Loãng xương do kém hấp thu sau phẫu thuật có kèm gãy xương bệnh lý: Bàn tay
M80.47,Loãng xương do thuốc có kèm gãy xương bệnh lý: Cổ và bàn chân
M80.87,Các loãng xương khác có kèm gãy xương bệnh lý: Cổ và bàn chân
M89.95,Rối loạn xương không đặc hiệu: Vùng chậu và đùi
M89.80,Rối loạn đặc hiệu khác của xương: Nhiều vị trí
M89.64,Bệnh xương sau viêm tuỷ xám (bại liệt): Bàn tay
M89.28,Rối loạn khác về sự phát triển và tăng trưởng của xương: Vị trí khác
M89.08,Hội chứng Loạn dưỡng- thần kinh- đau: Vị trí khác
M89.07,Hội chứng Loạn dưỡng- thần kinh- đau: Cổ và bàn chân
M89.0,Hội chứng loạn dưỡng đau thần kinh
M89.11,Không phát triển đầu xương: Vùng bả vai
M89.06,Hội chứng Loạn dưỡng- thần kinh- đau: Cẳng chân
M89.17,Không phát triển đầu xương: Cổ và bàn chân
M89.41,Các bệnh phì đại xương khớp khác: Vùng bả vai
M89.57,Tiêu xương: Cổ và bàn chân
M89.85,Rối loạn đặc hiệu khác của xương: Vùng chậu và đùi
M89.45,Các bệnh phì đại xương khớp khác: Vùng chậu và đùi
M89.30,Phì đại xương: Nhiều vị trí
M89.84,Rối loạn đặc hiệu khác của xương: Bàn tay
M89.89,Rối loạn đặc hiệu khác của xương: Vị trí không xác định
M89.38,Phì đại xương: Vị trí khác
M89.04,Hội chứng Loạn dưỡng- thần kinh- đau: Bàn tay
M89.81,Rối loạn đặc hiệu khác của xương: Vùng bả vai
M89.01,Hội chứng Loạn dưỡng- thần kinh- đau: Vùng bả vai
M89.4,Các bệnh phì đại xương khớp khác
M89.94,Rối loạn xương không đặc hiệu: Bàn tay
M89.3,Phì đại xương
M89.40,Các bệnh phì đại xương khớp khác: Nhiều vị trí
M89.36,Phì đại xương: Cẳng chân
M89.42,Các bệnh phì đại xương khớp khác: Cánh tay
M89.37,Phì đại xương: Cổ và bàn chân
M89.22,Rối loạn khác về sự phát triển và tăng trưởng của xương: Cánh tay
M89.92,Rối loạn xương không đặc hiệu: Cánh tay
M89.61,Bệnh xương sau viêm tuỷ xám (bại liệt): Vùng bả vai
M89.5,Tiêu xương
M89.44,Các bệnh phì đại xương khớp khác: Bàn tay
M89.56,Tiêu xương: Cẳng chân
M89.09,Hội chứng Loạn dưỡng- thần kinh- đau: Vị trí không xác định
M89.6,Bệnh xương sau viêm tuỷ xám (bại liệt)
M89.55,Tiêu xương: Vùng chậu và đùi
M89.86,Rối loạn đặc hiệu khác của xương: Cẳng chân
M89.68,Bệnh xương sau viêm tuỷ xám (bại liệt): Vị trí khác
M89.18,Không phát triển đầu xương: Vị trí khác
M89.26,Rối loạn khác về sự phát triển và tăng trưởng của xương: Cẳng chân
M89.88,Rối loạn đặc hiệu khác của xương: Vị trí khác
M89.90,Rối loạn xương không đặc hiệu: Nhiều vị trí
M89.54,Tiêu xương: Bàn tay
M89.25,Rối loạn khác về sự phát triển và tăng trưởng của xương: Vùng chậu và đùi
M89.69,Bệnh xương sau viêm tuỷ xám (bại liệt): Vị trí không xác định
M89.8,Rối loạn đặc hiệu khác của xương
M89.51,Tiêu xương: Vùng bả vai
M89.82,Rối loạn đặc hiệu khác của xương: Cánh tay
M89.47,Các bệnh phì đại xương khớp khác: Cổ và bàn chân
M89.46,Các bệnh phì đại xương khớp khác: Cẳng chân
M89.00,Hội chứng Loạn dưỡng- thần kinh- đau: Nhiều vị trí
M89.32,Phì đại xương: Cánh tay
M89.93,Rối loạn xương không đặc hiệu: Cẳng tay
M89.99,Rối loạn xương không đặc hiệu: Vị trí không xác định
M89.67,Bệnh xương sau viêm tuỷ xám (bại liệt): Cổ và bàn chân
M89.24,Rối loạn khác về sự phát triển và tăng trưởng của xương: Bàn tay
M89.23,Rối loạn khác về sự phát triển và tăng trưởng của xương: Cẳng tay
M89.39,Phì đại xương: Vị trí không xác định
M89.35,Phì đại xương: Vùng chậu và đùi
M89.65,Bệnh xương sau viêm tuỷ xám (bại liệt): Vùng chậu và đùi
M89.62,Bệnh xương sau viêm tuỷ xám (bại liệt): Cánh tay
M89.87,Rối loạn đặc hiệu khác của xương: Cổ và bàn chân
M89.59,Tiêu xương: Vị trí không xác định
M89.20,Rối loạn khác về sự phát triển và tăng trưởng của xương: Nhiều vị trí
M89.66,Bệnh xương sau viêm tuỷ xám (bại liệt): Cẳng chân
M89.2,Rối loạn khác về sự phát triển và tăng trưởng của xương
M89.34,Phì đại xương: Bàn tay
M89.19,Không phát triển đầu xương: Vị trí không xác định
M89.05,Hội chứng Loạn dưỡng- thần kinh- đau: Vùng chậu và đùi
M89.12,Không phát triển đầu xương: Cánh tay
M89.83,Rối loạn đặc hiệu khác của xương: Cẳng tay
M89.43,Các bệnh phì đại xương khớp khác: Cẳng tay
M89.96,Rối loạn xương không đặc hiệu: Cẳng chân
M89.31,Phì đại xương: Vùng bả vai
M89.52,Tiêu xương: Cánh tay
M89.10,Không phát triển đầu xương: Nhiều vị trí
M89.97,Rối loạn xương không đặc hiệu: Cổ và bàn chân
M89.29,Rối loạn khác về sự phát triển và tăng trưởng của xương: Vị trí không xác định
M89.02,Hội chứng Loạn dưỡng- thần kinh- đau: Cánh tay
M89.27,Rối loạn khác về sự phát triển và tăng trưởng của xương: Cổ và bàn chân
M89.15,Không phát triển đầu xương: Vùng chậu và đùi
M89.58,Tiêu xương: Vị trí khác
M89.60,Bệnh xương sau viêm tuỷ xám (bại liệt): Nhiều vị trí
M89.91,Rối loạn xương không đặc hiệu: Vùng bả vai
M89.98,Rối loạn xương không đặc hiệu: Vị trí khác
M89.14,Không phát triển đầu xương: Bàn tay
M89.03,Hội chứng Loạn dưỡng- thần kinh- đau: Cẳng tay
M89.50,Tiêu xương: Nhiều vị trí
M89.53,Tiêu xương: Cẳng tay
M89.48,Các bệnh phì đại xương khớp khác: Vị trí khác
M89.13,Không phát triển đầu xương: Cẳng tay
M89.21,Rối loạn khác về sự phát triển và tăng trưởng của xương: Vùng bả vai
M89.49,Các bệnh phì đại xương khớp khác: Vị trí không xác định
M89.1,Không phát triển đầu xương
M89.16,Không phát triển đầu xương: Cẳng chân
M89.33,Phì đại xương: Cẳng tay
M89.9,Rối loạn xương không đặc hiệu
M89.63,Bệnh xương sau viêm tuỷ xám (bại liệt): Cẳng tay
M87.21,Hoại tử xương do chấn thương từ trước: Vùng bả vai
M87.13,Hoại tử xương do thuốc: Cẳng tay
M87.22,Hoại tử xương do chấn thương từ trước: Cánh tay
M87.18,Hoại tử xương do thuốc: Vị trí khác
M87.91,Hoại tử xương không đặc hiệu: Vùng bả vai
M87.26,Hoại tử xương do chấn thương từ trước: Cẳng chân
M87.36,Hoại tử xương thứ phát khác: Cẳng chân
M87.39,Hoại tử xương thứ phát khác: Vị trí không xác định
M87.3,Hoại tử xương thứ phát khác
M87.38,Hoại tử xương thứ phát khác: Vị trí khác
M87.34,Hoại tử xương thứ phát khác: Bàn tay
M87.84,Hoại tử xương khác: Bàn tay
M87.94,Hoại tử xương không đặc hiệu: Bàn tay
M87.0,Bệnh hoại tử vô mạch tự phát của xương
M87.33,Hoại tử xương thứ phát khác: Cẳng tay
M87.83,Hoại tử xương khác: Cẳng tay
M87.96,Hoại tử xương không đặc hiệu: Cẳng chân
M87.12,Hoại tử xương do thuốc: Cánh tay
M87.27,Hoại tử xương do chấn thương từ trước: Cổ và bàn chân
M87.24,Hoại tử xương do chấn thương từ trước: Bàn tay
M87.11,Hoại tử xương do thuốc: Vùng bả vai
M87.17,Hoại tử xương do thuốc: Cổ và bàn chân
M87.23,Hoại tử xương do chấn thương từ trước: Cẳng tay
M87.05,Bệnh hoại tử vô mạch tự phát của xương: Vùng chậu và đùi
M87.28,Hoại tử xương do chấn thương từ trước: Vị trí khác
M87.31,Hoại tử xương thứ phát khác: Vùng bả vai
M87.32,Hoại tử xương thứ phát khác: Cánh tay
M87.2,Hoại tử xương do chấn thương từ trước
M87.20,Hoại tử xương do chấn thương từ trước: Nhiều vị trí
M87.86,Hoại tử xương khác: Cẳng chân
M87.37,Hoại tử xương thứ phát khác: Cổ và bàn chân
M87.1,Hoại tử xương do thuốc
M87.99,Hoại tử xương không đặc hiệu: Vị trí không xác định
M87.19,Hoại tử xương do thuốc: Vị trí không xác định
M87.16,Hoại tử xương do thuốc: Cẳng chân
M87.92,Hoại tử xương không đặc hiệu: Cánh tay
M87.02,Bệnh hoại tử vô mạch tự phát của xương: Cánh tay
M87.90,Hoại tử xương không đặc hiệu: Nhiều vị trí
M87.10,Hoại tử xương do thuốc: Nhiều vị trí
M87.8,Hoại tử xương khác
M87.89,Hoại tử xương khác: Vị trí không xác định
M87.01,Bệnh hoại tử vô mạch tự phát của xương: Vùng bả vai
M87.85,Hoại tử xương khác: Vùng chậu và đùi
M87.35,Hoại tử xương thứ phát khác: Vùng chậu và đùi
M87.93,Hoại tử xương không đặc hiệu: Cẳng tay
M87.80,Hoại tử xương khác: Nhiều vị trí
M87.87,Hoại tử xương khác: Cổ và bàn chân
M87.03,Bệnh hoại tử vô mạch tự phát của xương: Cẳng tay
M87.29,Hoại tử xương do chấn thương từ trước: Vị trí không xác định
M87.95,Hoại tử xương không đặc hiệu: Vùng chậu và đùi
M87.06,Bệnh hoại tử vô mạch tự phát của xương: Cẳng chân
M87.09,Bệnh hoại tử vô mạch tự phát của xương: Vị trí không xác định
M87.88,Hoại tử xương khác: Vị trí khác
M87.07,Bệnh hoại tử vô mạch tự phát của xương: Cổ và bàn chân
M87.30,Hoại tử xương thứ phát khác: Nhiều vị trí
M87.97,Hoại tử xương không đặc hiệu: Cổ và bàn chân
M87.82,Hoại tử xương khác: Cánh tay
M87.9,Hoại tử xương không đặc hiệu
M87.08,Bệnh hoại tử vô mạch tự phát của xương: Vị trí khác
M87.15,Hoại tử xương do thuốc: Vùng chậu và đùi
M87.00,Bệnh hoại tử vô mạch tự phát của xương: Nhiều vị trí
M87.81,Hoại tử xương khác: Vùng bả vai
M87.14,Hoại tử xương do thuốc: Bàn tay
M87.04,Bệnh hoại tử vô mạch tự phát của xương: Bàn tay
M87.25,Hoại tử xương do chấn thương từ trước: Vùng chậu và đùi
M87.98,Hoại tử xương không đặc hiệu: Vị trí khác
M90.49*,"Hoại tử xương do bệnh huyết cầu tố (D50- D64†), vị trí không xác định"
M90.48*,Hoại tử xương do bệnh huyết cầu tố (D50- D64†): vị trí khác
M90.1*,Viêm màng xương trong các bệnh nhiễm khuẩn phân loại nơi khác
M90.61*,Viêm xương biến dạng trong các bệnh khối u (C00- D48†): vùng bả vai
M90.17*,Viêm màng xương trong các bệnh nhiễm khuẩn phân loại nơi khác: cổ và bàn chân
M90.18*,Viêm màng xương trong các bệnh nhiễm khuẩn phân loại nơi khác: vị trí khác
M90.28*,Bệnh xương trong các bệnh nhiễm khuẩn phân loại nơi khác: vị trí khác
M90.72*,Gãy xương trong các bệnh khối u (C00- D48†): cánh tay
M90.52*,Hoại tử xương trong các bệnh phân loại nơi khác: cánh tay
M90.46*,Hoại tử xương do bệnh huyết cầu tố (D50- D64†): cẳng chân
M90.00*,Lao xương (A18.0†): nhiều vị trí
M90.44*,Hoại tử xương do bệnh huyết cầu tố (D50- D64†): bàn tay
M90.47*,Hoại tử xương do bệnh huyết cầu tố (D50- D64†): cổ và bàn chân
M90.75*,Gãy xương trong các bệnh khối u (C00- D48†): vùng chậu và đùi
M90.19*,"Viêm màng xương trong các bệnh nhiễm khuẩn phân loại nơi khác, vị trí không xác định"
M90.10*,Viêm màng xương trong các bệnh nhiễm khuẩn phân loại nơi khác: nhiều vị trí
M90.42*,Hoại tử xương do bệnh huyết cầu tố (D50- D64†): cánh tay
M90.78*,Gãy xương trong các bệnh khối u (C00- D48†): vị trí khác
M90.8*,Bệnh lý xương trong các bệnh phân loại nơi khác
M90.82*,Bệnh lý xương trong các bệnh phân loại nơi khác: cánh tay
M90.33*,Hoại tử xương trong bệnh khí nén (thùng thợ lặn) (T70.3†): cẳng tay
M90.66*,Viêm xương biến dạng trong các bệnh khối u (C00- D48†): cẳng chân
M90.55*,Hoại tử xương trong các bệnh phân loại nơi khác: vùng chậu và đùi
M90.08*,Lao xương (A18.0†): vị trí khác
M90.76*,Gãy xương trong các bệnh khối u (C00- D48†): cẳng chân
M90.89*,"Bệnh lý xương trong các bệnh phân loại nơi khác, vị trí không xác định"
M90.58*,Hoại tử xương trong các bệnh phân loại nơi khác: vị trí khác
M90.56*,Hoại tử xương trong các bệnh phân loại nơi khác: cẳng chân
M90.07*,Lao xương (A18.0†): cổ và bàn chân
M90.77*,Gãy xương trong các bệnh khối u (C00- D48†): cổ và bàn chân
M90.24*,Bệnh xương trong các bệnh nhiễm khuẩn phân loại nơi khác: bàn tay
M90.65*,Viêm xương biến dạng trong các bệnh khối u (C00- D48†): vùng chậu và đùi
M90.45*,Hoại tử xương do bệnh huyết cầu tố (D50- D64†): vùng chậu và đùi
M90.41*,Hoại tử xương do bệnh huyết cầu tố (D50- D64†): vùng bả vai
M90.27*,Bệnh xương trong các bệnh nhiễm khuẩn phân loại nơi khác: cổ và bàn chân
M90.32*,Hoại tử xương trong bệnh khí nén (thùng thợ lặn) (T70.3†): cánh tay
M90.12*,Viêm màng xương trong các bệnh nhiễm khuẩn phân loại nơi khác: cánh tay
M90.2*,Bệnh xương trong các bệnh nhiễm khuẩn phân loại nơi khác
M90.16*,Viêm màng xương trong các bệnh nhiễm khuẩn phân loại nơi khác: cẳng chân
M90.74*,Gãy xương trong các bệnh khối u (C00- D48†): bàn tay
M90.51*,Hoại tử xương trong các bệnh phân loại nơi khác: vùng bả vai
M90.88*,Bệnh lý xương trong các bệnh phân loại nơi khác: vị trí khác
M90.01*,Lao xương (A18.0†): vùng bả vai
M90.7*,Gãy xương trong các bệnh khối u (C00- D48†)
M90.71*,Gãy xương trong các bệnh khối u (C00- D48†): vùng bả vai
M90.83*,Bệnh lý xương trong các bệnh phân loại nơi khác: cẳng tay
M90.84*,Bệnh lý xương trong các bệnh phân loại nơi khác: bàn tay
M90.73*,Gãy xương trong các bệnh khối u (C00- D48†): cẳng tay
M90.53*,Hoại tử xương trong các bệnh phân loại nơi khác: cẳng tay
M90.20*,Bệnh xương trong các bệnh nhiễm khuẩn phân loại nơi khác: nhiều vị trí
M90.4*,Hoại tử xương do bệnh huyết cầu tố (D50- D64†)
M90.13*,Viêm màng xương trong các bệnh nhiễm khuẩn phân loại nơi khác: cẳng tay
M90.5*,Hoại tử xương trong các bệnh phân loại nơi khác
M90.34*,Hoại tử xương trong bệnh khí nén (thùng thợ lặn) (T70.3†): bàn tay
M90.35*,Hoại tử xương trong bệnh khí nén (thùng thợ lặn) (T70.3†): vùng chậu và đùi
M90.15*,Viêm màng xương trong các bệnh nhiễm khuẩn phân loại nơi khác: vùng chậu và đùi
M90.70*,Gãy xương trong các bệnh khối u (C00- D48†): nhiều vị trí
M90.30*,Hoại tử xương trong bệnh khí nén (thùng thợ lặn) (T70.3†): nhiều vị trí
M90.37*,Hoại tử xương trong bệnh khí nén (thùng thợ lặn) (T70.3†): cổ và bàn chân
M90.0*,Lao xương (A18.0†)
M90.26*,Bệnh xương trong các bệnh nhiễm khuẩn phân loại nơi khác: cẳng chân
M90.43*,Hoại tử xương do bệnh huyết cầu tố (D50- D64†): cẳng tay
M90.22*,Bệnh xương trong các bệnh nhiễm khuẩn phân loại nơi khác: cánh tay
M90.40*,Hoại tử xương do bệnh huyết cầu tố (D50- D64†): nhiều vị trí
M90.02*,Lao xương (A18.0†): cánh tay
M90.29*,"Bệnh xương trong các bệnh nhiễm khuẩn phân loại nơi khác, vị trí không xác định"
M90.64*,Viêm xương biến dạng trong các bệnh khối u (C00- D48†): bàn tay
M90.31*,Hoại tử xương trong bệnh khí nén (thùng thợ lặn) (T70.3†): vùng bả vai
M90.36*,Hoại tử xương trong bệnh khí nén (thùng thợ lặn) (T70.3†): cẳng chân
M90.68*,Viêm xương biến dạng trong các bệnh khối u (C00- D48†): vị trí khác
M90.6*,Viêm xương biến dạng trong các bệnh khối u (C00- D48†)
M90.06*,Lao xương (A18.0†): cẳng chân
M90.11*,Viêm màng xương trong các bệnh nhiễm khuẩn phân loại nơi khác: vùng bả vai
M90.14*,Viêm màng xương trong các bệnh nhiễm khuẩn phân loại nơi khác: bàn tay
M90.59*,"Hoại tử xương trong các bệnh phân loại nơi khác, vị trí không xác định"
M90.81*,Bệnh lý xương trong các bệnh phân loại nơi khác: vùng bả vai
M90.80*,Bệnh lý xương trong các bệnh phân loại nơi khác: nhiều vị trí
M90.05*,Lao xương (A18.0†): vùng chậu và đùi
M90.09*,"Lao xương (A18.0†), vị trí không xác định"
M90.87*,Bệnh lý xương trong các bệnh phân loại nơi khác: cổ và bàn chân
M90.03*,Lao xương (A18.0†): cẳng tay
M90.63*,Viêm xương biến dạng trong các bệnh khối u (C00- D48†): cẳng tay
M90.39*,"Hoại tử xương trong bệnh khí nén (thùng thợ lặn) (T70.3†), vị trí không xác định"
M90.60*,Viêm xương biến dạng trong các bệnh khối u (C00- D48†): nhiều vị trí
M90.25*,Bệnh xương trong các bệnh nhiễm khuẩn phân loại nơi khác: vùng chậu và đùi
M90.62*,Viêm xương biến dạng trong các bệnh khối u (C00- D48†): cánh tay
M90.85*,Bệnh lý xương trong các bệnh phân loại nơi khác: vùng chậu và đùi
M90.23*,Bệnh xương trong các bệnh nhiễm khuẩn phân loại nơi khác: cẳng tay
M90.04*,Lao xương (A18.0†): bàn tay
M90.57*,Hoại tử xương trong các bệnh phân loại nơi khác: cổ và bàn chân
M90.69*,"Viêm xương biến dạng trong các bệnh khối u (C00- D48†), vị trí không xác định"
M90.86*,Bệnh lý xương trong các bệnh phân loại nơi khác: cẳng chân
M90.54*,Hoại tử xương trong các bệnh phân loại nơi khác: bàn tay
M90.79*,"Gãy xương trong các bệnh khối u (C00- D48†), vị trí không xác định"
M90.67*,Viêm xương biến dạng trong các bệnh khối u (C00- D48†): cổ và bàn chân
M90.50*,Hoại tử xương trong các bệnh phân loại nơi khác: nhiều vị trí
M90.38*,Hoại tử xương trong bệnh khí nén (thùng thợ lặn) (T70.3†): vị trí khác
M90.21*,Bệnh xương trong các bệnh nhiễm khuẩn phân loại nơi khác: vùng bả vai
M90.3*,Hoại tử xương trong bệnh khí nén (thùng thợ lặn) (T70.3†)
M88.0,Bệnh Paget xương sọ
M88.87,Bệnh Paget của các xương khác: Cổ và bàn chân
M88.82,Bệnh Paget của các xương khác: Cánh tay
M88.88,Bệnh Paget của các xương khác: Vị trí khác
M88.85,Bệnh Paget của các xương khác: Vùng chậu và đùi
M88.9,"Bệnh Paget của xương, không đặc hiệu"
M88.81,Bệnh Paget của các xương khác: Vùng bả vai
M88.83,Bệnh Paget của các xương khác: Cẳng tay
M88.86,Bệnh Paget của các xương khác: Cẳng chân
M88.8,Bệnh Paget của các xương khác
M88.80,Bệnh Paget của các xương khác: Nhiều vị trí
M88.84,Bệnh Paget của các xương khác: Bàn tay
M86.84,Các viêm xương tuỷ khác: Bàn tay
M86.82,Các viêm xương tuỷ khác: Cánh tay
M86.38,Viêm xương tuỷ xương mạn tính nhiều ổ: Vị trí khác
M86.30,Viêm xương tuỷ xương mạn tính nhiều ổ: Nhiều vị trí
M86.98,Viêm xương tuỷ xương không đặc hiệu: Vị trí khác
M86.94,Viêm xương tuỷ xương không đặc hiệu: Bàn tay
M86.07,Viêm xương tuỷ xương theo đường máu cấp tính: Cổ và bàn chân
M86.68,Viêm xương tuỷ xương mạn tính khác: Vị trí khác
M86.6,Viêm xương tuỷ xương mạn tính khác
M86.66,Viêm xương tuỷ xương mạn tính khác: Cẳng chân
M86.03,Viêm xương tuỷ xương theo đường máu cấp tính: Cẳng tay
M86.63,Viêm xương tuỷ xương mạn tính khác: Cẳng tay
M86.22,Viêm xương tuỷ xương bán cấp: Cánh tay
M86.27,Viêm xương tuỷ xương bán cấp: Cổ và bàn chân
M86.24,Viêm xương tuỷ xương bán cấp: Bàn tay
M86.85,Các viêm xương tuỷ khác: Vùng chậu và đùi
M86.33,Viêm xương tuỷ xương mạn tính nhiều ổ: Cẳng tay
M86.55,Viêm xương tuỷ xương do bệnh máu mạn tính khác: Vùng chậu và đùi
M86.02,Viêm xương tuỷ xương theo đường máu cấp tính: Cánh tay
M86.40,Viêm xương tuỷ xương mạn tính có đường rò: Nhiều vị trí
M86.96,Viêm xương tuỷ xương không đặc hiệu: Cẳng chân
M86.88,Các viêm xương tuỷ khác: Vị trí khác
M86.21,Viêm xương tuỷ xương bán cấp: Vùng bả vai
M86.00,Viêm xương tuỷ xương theo đường máu cấp tính: Nhiều vị trí
M86.10,Các bệnh viêm xương tuỷ cấp khác: Nhiều vị trí
M86.61,Viêm xương tuỷ xương mạn tính khác: Vùng bả vai
M86.05,Viêm xương tuỷ xương theo đường máu cấp tính: Vùng chậu và đùi
M86.15,Các bệnh viêm xương tuỷ cấp khác: Vùng chậu và đùi
M86.06,Viêm xương tuỷ xương theo đường máu cấp tính: Cẳng chân
M86.9,Viêm xương tuỷ xương không đặc hiệu
M86.87,Các viêm xương tuỷ khác: Cổ và bàn chân
M86.43,Viêm xương tuỷ xương mạn tính có đường rò: Cẳng tay
M86.54,Viêm xương tuỷ xương do bệnh máu mạn tính khác: Bàn tay
M86.11,Các bệnh viêm xương tuỷ cấp khác: Vùng bả vai
M86.13,Các bệnh viêm xương tuỷ cấp khác: Cẳng tay
M86.81,Các viêm xương tuỷ khác: Vùng bả vai
M86.42,Viêm xương tuỷ xương mạn tính có đường rò: Cánh tay
M86.51,Viêm xương tuỷ xương do bệnh máu mạn tính khác: Vùng bả vai
M86.31,Viêm xương tuỷ xương mạn tính nhiều ổ: Vùng bả vai
M86.34,Viêm xương tuỷ xương mạn tính nhiều ổ: Bàn tay
M86.25,Viêm xương tuỷ xương bán cấp: Vùng chậu và đùi
M86.44,Viêm xương tuỷ xương mạn tính có đường rò: Bàn tay
M86.56,Viêm xương tuỷ xương do bệnh máu mạn tính khác: Cẳng chân
M86.52,Viêm xương tuỷ xương do bệnh máu mạn tính khác: Cánh tay
M86.14,Các bệnh viêm xương tuỷ cấp khác: Bàn tay
M86.36,Viêm xương tuỷ xương mạn tính nhiều ổ: Cẳng chân
M86.99,Viêm xương tuỷ xương không đặc hiệu: Vị trí không xác định
M86.09,Viêm xương tuỷ xương theo đường máu cấp tính: Vị trí không xác định
M86.86,Các viêm xương tuỷ khác: Cẳng chân
M86.65,Viêm xương tuỷ xương mạn tính khác: Vùng chậu và đùi
M86.39,Viêm xương tuỷ xương mạn tính nhiều ổ: Vị trí không xác định
M86.64,Viêm xương tuỷ xương mạn tính khác: Bàn tay
M86.4,Viêm xương tuỷ xương mạn tính có đường rò
M86.67,Viêm xương tuỷ xương mạn tính khác: Cổ và bàn chân
M86.2,Viêm xương tuỷ xương bán cấp
M86.26,Viêm xương tuỷ xương bán cấp: Cẳng chân
M86.41,Viêm xương tuỷ xương mạn tính có đường rò: Vùng bả vai
M86.89,Các viêm xương tuỷ khác: Vị trí không xác định
M86.01,Viêm xương tuỷ xương theo đường máu cấp tính: Vùng bả vai
M86.93,Viêm xương tuỷ xương không đặc hiệu: Cẳng tay
M86.1,Các bệnh viêm xương tuỷ cấp khác
M86.5,Viêm xương tuỷ xương do bệnh máu mạn tính khác
M86.0,Viêm xương tuỷ xương theo đường máu cấp tính
M86.60,Viêm xương tuỷ xương mạn tính khác: Nhiều vị trí
M86.8,Các viêm xương tuỷ khác
M86.92,Viêm xương tuỷ xương không đặc hiệu: Cánh tay
M86.47,Viêm xương tuỷ xương mạn tính có đường rò: Cổ và bàn chân
M86.20,Viêm xương tuỷ xương bán cấp: Nhiều vị trí
M86.83,Các viêm xương tuỷ khác: Cẳng tay
M86.48,Viêm xương tuỷ xương mạn tính có đường rò: Vị trí khác
M86.95,Viêm xương tuỷ xương không đặc hiệu: Vùng chậu và đùi
M86.35,Viêm xương tuỷ xương mạn tính nhiều ổ: Vùng chậu và đùi
M86.08,Viêm xương tuỷ xương theo đường máu cấp tính: Vị trí khác
M86.97,Viêm xương tuỷ xương không đặc hiệu: Cổ và bàn chân
M86.45,Viêm xương tuỷ xương mạn tính có đường rò: Vùng chậu và đùi
M86.69,Viêm xương tuỷ xương mạn tính khác: Vị trí không xác định
M86.29,Viêm xương tuỷ xương bán cấp: Vị trí không xác định
M86.53,Viêm xương tuỷ xương do bệnh máu mạn tính khác: Cẳng tay
M86.32,Viêm xương tuỷ xương mạn tính nhiều ổ: Cánh tay
M86.37,Viêm xương tuỷ xương mạn tính nhiều ổ: Cổ và bàn chân
M86.50,Viêm xương tuỷ xương do bệnh máu mạn tính khác: Nhiều vị trí
M86.17,Các bệnh viêm xương tuỷ cấp khác: Cổ và bàn chân
M86.28,Viêm xương tuỷ xương bán cấp: Vị trí khác
M86.91,Viêm xương tuỷ xương không đặc hiệu: Vùng bả vai
M86.62,Viêm xương tuỷ xương mạn tính khác: Cánh tay
M86.04,Viêm xương tuỷ xương theo đường máu cấp tính: Bàn tay
M86.46,Viêm xương tuỷ xương mạn tính có đường rò: Cẳng chân
M86.49,Viêm xương tuỷ xương mạn tính có đường rò: Vị trí không xác định
M86.3,Viêm xương tuỷ xương mạn tính nhiều ổ
M86.18,Các bệnh viêm xương tuỷ cấp khác: Vị trí khác
M86.59,Viêm xương tuỷ xương do bệnh máu mạn tính khác: Vị trí không xác định
M86.58,Viêm xương tuỷ xương do bệnh máu mạn tính khác: Vị trí khác
M86.12,Các bệnh viêm xương tuỷ cấp khác: Cánh tay
M86.19,Các bệnh viêm xương tuỷ cấp khác: Vị trí không xác định
M86.90,Viêm xương tuỷ xương không đặc hiệu: Nhiều vị trí
M86.80,Các viêm xương tuỷ khác: Nhiều vị trí
M86.16,Các bệnh viêm xương tuỷ cấp khác: Cẳng chân
M86.23,Viêm xương tuỷ xương bán cấp: Cẳng tay
M86.57,Viêm xương tuỷ xương do bệnh máu mạn tính khác: Cổ và bàn chân
M94.82,Các bệnh lý sụn đặc hiệu khác: Cánh tay
M94.8,Các bệnh lý sụn đặc hiệu khác
M94.83,Các bệnh lý sụn đặc hiệu khác: Cẳng tay
M94.90,Các bệnh sụn không đặc hiệu: Nhiều vị trí
M94.93,Các bệnh sụn không đặc hiệu: Cẳng tay
M94.85,Các bệnh lý sụn đặc hiệu khác: Vùng chậu và đùi
M94.96,Các bệnh sụn không đặc hiệu: Cẳng chân
M94.36,Tiêu sụn: Cẳng chân
M94.33,Tiêu sụn: Cẳng tay
M94.81,Các bệnh lý sụn đặc hiệu khác: Vùng bả vai
M94.21,Nhuyễn sụn: Vùng bả vai
M94.94,Các bệnh sụn không đặc hiệu: Bàn tay
M94.32,Tiêu sụn: Cánh tay
M94.31,Tiêu sụn: Vùng bả vai
M94.34,Tiêu sụn: Bàn tay
M94.89,Các bệnh lý sụn đặc hiệu khác: Vị trí không xác định
M94.2,Nhuyễn sụn
M94.37,Tiêu sụn: Cổ và bàn chân
M94.23,Nhuyễn sụn: Cẳng tay
M94.25,Nhuyễn sụn: Vùng chậu và đùi
M94.9,Các bệnh sụn không đặc hiệu
M94.95,Các bệnh sụn không đặc hiệu: Vùng chậu và đùi
M94.26,Nhuyễn sụn: Cẳng chân
M94.86,Các bệnh lý sụn đặc hiệu khác: Cẳng chân
M94.39,Tiêu sụn: Vị trí không xác định
M94.0,Hội chứng khớp sụn sườn (Tietze)
M94.97,Các bệnh sụn không đặc hiệu: Cổ và bàn chân
M94.98,Các bệnh sụn không đặc hiệu: Vị trí khác
M94.35,Tiêu sụn: Vùng chậu và đùi
M94.29,Nhuyễn sụn: Vị trí không xác định
M94.1,Viêm đa sụn hay tái phát
M94.30,Tiêu sụn: Nhiều vị trí
M94.84,Các bệnh lý sụn đặc hiệu khác: Bàn tay
M94.22,Nhuyễn sụn: Cánh tay
M94.91,Các bệnh sụn không đặc hiệu: Vùng bả vai
M94.88,Các bệnh lý sụn đặc hiệu khác: Vị trí khác
M94.20,Nhuyễn sụn: Nhiều vị trí
M94.27,Nhuyễn sụn: Cổ và bàn chân
M94.92,Các bệnh sụn không đặc hiệu: Cánh tay
M94.38,Tiêu sụn: Vị trí khác
M94.3,Tiêu sụn
M94.28,Nhuyễn sụn: Vị trí khác
M94.80,Các bệnh lý sụn đặc hiệu khác: Nhiều vị trí
M94.99,Các bệnh sụn không đặc hiệu: Vị trí không xác định
M94.87,Các bệnh lý sụn đặc hiệu khác: Cổ và bàn chân
M94.24,Nhuyễn sụn: Bàn tay
M92.2,Hư điểm cốt hoá ở trẻ em ở tay
M92.4,Hư điểm cốt hoá ở trẻ em ở xương bánh chè
M92.5,Hư điểm cốt hoá ở trẻ em ở xương chày và xương mác
M92.3,Hư điểm cốt hoá khác ở trẻ em ở chi trên
M92.7,Hư điểm cốt hoá ở trẻ em ở xương bàn chân
M92.9,"Hư điểm cốt hoá ở trẻ em khác, không đặc hiệu"
M92.1,Hư điểm cốt hoá ở trẻ em ở xương quay và xương trụ
M92.8,Hư điểm cốt hoá ở trẻ em đặc hiệu khác
M92.6,Hư điểm cốt hoá ở trẻ em ở các xương cổ chân
M92.0,Hư điểm cốt hoá ở trẻ em ở xương cánh tay
M93.9,Các bệnh xương sụn không đặc hiệu
M93.0,Trượt đầu trên xương đùi (không do chấn thương)
M93.1,Bệnh Kienbock ở người lớn
M93.8,Các bệnh xương sụn đặc hiệu khác
M93.2,Viêm xương sụn bóc tách
M91.8,Hư điểm cốt hoá tại khớp háng và khung chậu khác ở trẻ em
M91.0,Hư điểm cốt hoá tại khung chậu ở trẻ em
M91.2,Khớp háng dẹt
M91.9,Hư điểm cốt hoá tại khớp háng và khung chậu ở trẻ em không đặc hiệu
M91.1,Hư điểm cốt hoá chỏm xương đùi ở trẻ em [Legg- Calve- Pèthes]
M91.3,Giả lao khớp háng
M95.5,Biến dạng mắc phải của khung chậu
M95.4,Biến dạng mắc phải của lồng ngực và sườn
M95.3,Biến dạng mắc phải của cổ
M95.0,Biến dạng mắc phải của mũi
M95.9,Các biến dạng mắc phải không đặc hiệu của hệ cơ- xương- khớp
M95.1,Vành tai sùi
M95.8,Các biến dạng mắc phải đặc hiệu khác của hệ cơ- xương- khớp
M95.2,Biến dạng mắc phải khác của đầu
M96.8,"Các bệnh lý khác của hệ cơ- xương- khớp sau phẫu thuật, thủ thuật"
M96.1,"Hội chứng sau cắt cung sau, không phân loại nơi khác"
M96.0,"Khớp giả sau phẫu thuật, thủ thuật làm cứng khớp"
M96.5,Vẹo sau chiếu tia xạ
M96.2,Gù sau chiếu tia xạ
M96.6,"Gãy xương sau chỉnh hình thay thế, sau lắp khớp giả hay sau tạo xương nhân tạo"
M96.4,Ưỡn cột sống thắt lưng sau phẫu thuật
M96.3,Gù sau cắt cung sau
M96.9,"Các bệnh lý của hệ cơ- xương- khớp sau phẫu thuật, thủ thuật, không đặc hiệu"
M99.7,Hẹp khoang liên đốt do mô liên kết và đĩa đệm
M99.87,Các tổn thương cơ sinh học khác: Chi trên
M99.62,Hẹp khoang liên đốt do cốt hoá và bán trật khớp: Vùng ngực
M99.64,Hẹp khoang liên đốt do cốt hoá và bán trật khớp: Vùng xương cùng
M99.03,Rối loạn chức năng từng đoạn và phần thân: Vùng thắt lưng
M99.34,Hẹp ống sống do tổn thương xương: Vùng xương cùng
M99.82,Các tổn thương cơ sinh học khác: Vùng ngực
M99.74,Hẹp khoang liên đốt do mô liên kết và đĩa đệm: Vùng xương cùng
M99.3,Hẹp ống sống do tổn thương xương
M99.06,Rối loạn chức năng từng đoạn và phần thân: Chi dưới
M99.43,Hẹp ống sống do tổn thương mô liên kết: Vùng thắt lưng
M99.89,Các tổn thương cơ sinh học khác: Bụng và nơi khác
M99.14,Lệch phức tạp đốt sống: Vùng xương cùng
M99.32,Hẹp ống sống do tổn thương xương: Vùng ngực
M99.85,Các tổn thương cơ sinh học khác: Vùng chậu
M99.88,Các tổn thương cơ sinh học khác: Lồng ngực
M99.1,Lệch phức tạp đốt sống
M99.73,Hẹp khoang liên đốt do mô liên kết và đĩa đệm: Vùng thắt lưng
M99.02,Rối loạn chức năng từng đoạn và phần thân: Vùng ngực
M99.42,Hẹp ống sống do tổn thương mô liên kết: Vùng ngực
M99.2,Hẹp ống sống do bán trật khớp
M99.0,Rối loạn chức năng từng đoạn và phần thân
M99.12,Lệch phức tạp đốt sống: Vùng ngực
M99.86,Các tổn thương cơ sinh học khác: Chi dưới
M99.9,"Tổn thương cơ sinh học, không đặc hiệu"
M99.96,"Tổn thương cơ sinh học, không đặc hiệu: Chi dưới"
M99.00,Rối loạn chức năng từng đoạn và phần thân: Vùng đầu
M99.99,"Tổn thương cơ sinh học, không đặc hiệu: Bụng và nơi khác"
M99.71,Hẹp khoang liên đốt do mô liên kết và đĩa đệm: Vùng cổ
M99.52,Hẹp ống sống do tổn thương đĩa gian đốt: Vùng ngực
M99.11,Lệch phức tạp đốt sống: Vùng cổ
M99.41,Hẹp ống sống do tổn thương mô liên kết: Vùng cổ
M99.53,Hẹp ống sống do tổn thương đĩa gian đốt: Vùng thắt lưng
M99.51,Hẹp ống sống do tổn thương đĩa gian đốt: Vùng cổ
M99.04,Rối loạn chức năng từng đoạn và phần thân: Vùng xương cùng
M99.97,"Tổn thương cơ sinh học, không đặc hiệu: Chi trên"
M99.54,Hẹp ống sống do tổn thương đĩa gian đốt: Vùng xương cùng
M99.20,Hẹp ống sống do bán trật khớp: Vùng đầu
M99.22,Hẹp ống sống do bán trật khớp: Vùng ngực
M99.30,Hẹp ống sống do tổn thương xương: Vùng đầu
M99.31,Hẹp ống sống do tổn thương xương: Vùng cổ
M99.07,Rối loạn chức năng từng đoạn và phần thân: Chi trên
M99.91,"Tổn thương cơ sinh học, không đặc hiệu: Vùng cổ"
M99.95,"Tổn thương cơ sinh học, không đặc hiệu: Vùng chậu"
M99.84,Các tổn thương cơ sinh học khác: Vùng xương cùng
M99.10,Lệch phức tạp đốt sống: Vùng đầu
M99.05,Rối loạn chức năng từng đoạn và phần thân: Vùng chậu
M99.61,Hẹp khoang liên đốt do cốt hoá và bán trật khớp: Vùng cổ
M99.72,Hẹp khoang liên đốt do mô liên kết và đĩa đệm: Vùng ngực
M99.80,Các tổn thương cơ sinh học khác: Vùng đầu
M99.13,Lệch phức tạp đốt sống: Vùng thắt lưng
M99.40,Hẹp ống sống do tổn thương mô liên kết: Vùng đầu
M99.01,Rối loạn chức năng từng đoạn và phần thân: Vùng cổ
M99.4,Hẹp ống sống do tổn thương mô liên kết
M99.23,Hẹp ống sống do bán trật khớp: Vùng thắt lưng
M99.83,Các tổn thương cơ sinh học khác: Vùng thắt lưng
M99.81,Các tổn thương cơ sinh học khác: Vùng cổ
M99.44,Hẹp ống sống do tổn thương mô liên kết: Vùng xương cùng
M99.21,Hẹp ống sống do bán trật khớp: Vùng cổ
M99.24,Hẹp ống sống do bán trật khớp: Vùng xương cùng
M99.90,"Tổn thương cơ sinh học, không đặc hiệu: Vùng đầu"
M99.8,Các tổn thương cơ sinh học khác
M99.5,Hẹp ống sống do tổn thương đĩa gian đốt
M99.09,Rối loạn chức năng từng đoạn và phần thân: Bụng và nơi khác
M99.98,"Tổn thương cơ sinh học, không đặc hiệu: Lồng ngực"
M99.94,"Tổn thương cơ sinh học, không đặc hiệu: Vùng xương cùng"
M99.92,"Tổn thương cơ sinh học, không đặc hiệu: Vùng ngực"
M99.93,"Tổn thương cơ sinh học, không đặc hiệu: Vùng thắt lưng"
M99.63,Hẹp khoang liên đốt do cốt hoá và bán trật khớp: Vùng thắt lưng
M99.6,Hẹp khoang liên đốt do cốt hoá và bán trật khớp
M99.33,Hẹp ống sống do tổn thương xương: Vùng thắt lưng
M33.2,Viêm đa cơ
M33.9,Viêm da cơ- viêm đa cơ không đặc hiệu
M33.1,Các bệnh viêm da cơ khác
M33.0,Viêm da cơ trẻ em
M35.2,Bệnh Behcet
M35.9,"Các tổn thương hệ thống của mô liên kết, không đặc hiệu"
M35.8,Các tổn thương hệ thống đặc hiệu khác của mô liên kết
M35.5,Xơ cứng nhiều ổ
M35.7,Hội chứng tăng vận động
M35.6,Viêm mô mỡ dưới da hay tái phát (Weber- Christian)
M35.1,Các hội chứng trùng lắp khác
M35.3,Bệnh đau cơ dạng thấp
M35.4,Viêm cân mạc lan toả (tăng bạch cầu ái toan)
M35.0,Hội chứng khô miệng (Hội chứng Sjogren)
M34.8,Các dạng khác của xơ cứng bì toàn thể
M34.1,Hội chứng xơ cứng bì hạn chế (CREST)
M34.9,"Xơ cứng bì toàn thể, không đặc hiệu"
M34.2,Xơ cứng bì do thuốc và hoá chất
M34.0,Xơ cứng bì toàn thể tiến triển
M31.5,Bệnh viêm động mạch tế bào khổng lồ với đau cơ dạng thấp
M31.4,Hội chứng quai động mạch chủ [Takayasu]
M31.3,Bệnh u hạt Wegener
M31.9,Viêm mạch hoại tử không đặc hiệu
M31.0,Viêm đa mạch quá mẫn
M31.1,Bệnh lý huyết khối vi mạch
M31.8,Các bệnh viêm mạch đặc hiệu hoại tử khác
M31.6,Bệnh viêm động mạch có tế bào khổng lồ khác
M31.7,Viêm đa động mạch vi thể
M30.0,Viêm đa động mạch hình nút
M30.8,Các bệnh khác liên quan đến viêm nút quanh động mạch
M30.3,Hội chứng hạch- da- niêm mạc [Kawasaki]
M30.2,Viêm đa động mạch trẻ em
M30.1,Viêm đa động mạch có tổn thương phổi [Churg- Strauss]
M32.0,Bệnh Lupus ban đỏ hệ thống do thuốc
M32.9,Lupus ban đỏ hệ thống không đặc hiệu
M32.8,Các dạng khác của Lupus ban đỏ hệ thống
M32.1†,Bệnh Lupus ban đỏ hệ thống có tổn thương phủ tạng
M36.0*,Viêm da cơ và viêm đa cơ tự miễn trong các bệnh lý khối u (C00- D48†)
M36.3*,Bệnh khớp trong các bệnh về máu khác (D50- D76†)
M36.4*,Bệnh khớp trong phản ứng quá mẫn phân loại nơi khác
M36.1*,Bệnh khớp trong các bệnh ung thư phân loại nơi khác (C00- D48†)
M36.8*,Tổn thương hệ thống mô liên kết trong các bệnh phân loại nơi khác
M36.2*,Tổn thương khớp trong bệnh ưa chảy máu (D66- D68†)
L11.1,Bệnh da do tiêu lớp gai thoáng qua [Grover]
L11.0,Dày sừng nang lông mắc phải
L11.9,"Các bệnh ly gai, không đặc hiệu"
L11.8,Các bệnh ly gai đặc hiệu khác
L12.8,Pemphigoid khác
L12.0,Pemphigoid bọng nước
L12.2,Bệnh bọng nước mạn tính ở trẻ em
L12.9,Pemphigoid không đặc hiệu
L12.3,Ly thượng bì bọng nước mắc phải
L12.1,Pemphigoid sẹo
L10.3,Pemphigus Brazil
L10.2,Pemphigus vảy lá
L10.1,Pemphigus sùi
L10.4,Pemphigus đỏ da
L10.0,Pemphigus thông thường
L10.5,Pemphigus do thuốc
L10.8,Các Pemphigus khác
L10.9,Pemphigus không đặc hiệu
L13.8,Các bệnh lý bọng nước đặc hiệu khác
L13.9,Các bệnh da bọng nước không đặc hiệu
L13.1,Viêm da mụn mủ dưới lớp sừng
L13.0,Viêm da dạng herpes
L56.8,Biến đổi da cấp tính đặc hiệu khác do tia cực tím
L56.1,Phản ứng quá mẫn với ánh sáng do thuốc
L56.9,"Biến đổi da cấp tính do tia cực tím, không đặc hiệu"
L56.4,Phát ban đa dạng do ánh sáng
L56.3,Mày đay do ánh nắng
L56.0,Nhiễm độc ánh sáng do thuốc
L56.2,Viêm da tiếp xúc ánh sáng [viêm da Berloque]
L57.2,Bệnh dày da gáy
L57.5,U hạt do ánh sáng
L57.3,Bệnh teo da hình mạng lưới của Civatt
L57.0,Dày sừng ánh sáng
L57.8,Biển đổi khác ở da do tiếp xúc lâu dài với bức xạ không ion hoá
L57.4,Bệnh nhão da người già
L57.1,Ban dạng lưới do ánh sáng
L57.9,"Biến đổi khác ở da do tiếp xúc lâu dài với bức xạ không ion hoá, không đặc hiệu"
L55.8,Bỏng nắng khác
L55.0,Bỏng nắng độ một
L55.2,Bỏng nắng độ ba
L55.1,Bỏng nắng độ hai
L55.9,"Bỏng nắng, không đặc hiệu"
L59.0,Hồng ban nhiệt [viêm da do nhiệt]
L59.8,Các bệnh đặc hiệu khác ở da và tổ chức dưới da liên quan đến bức xạ
L59.9,"Bệnh ở da và tổ chức dưới da liên quan đến bức xạ, không đặc hiệu"
L58.9,"Viêm da do quang tuyến, không đặc hiệu"
L58.0,Viêm da do quang tuyến cấp tính
L58.1,Viêm da do quang tuyến mạn tính
L41.2,Bệnh sẩn dạng lympho
L41.5,Á sừng vảy nến dạng lưới
L41.4,Á sừng vảy nến thể mảng lớn
L41.1,Vảy phấn dạng lichen mạn tính
L41.9,"Á sừng vảy nến, không đặc hiệu"
L41.0,Vảy phấn dạng lichen và đậu mùa cấp tính
L41.3,Á sừng vảy nến thể mảng nhỏ
L41.8,Á sừng vảy nến khác
L44.8,Các bệnh sẩn có vảy đặc hiệu khác
L44.4,Viêm da đầu chi dạng sẩn ở trẻ em [Glannotti- Crosti]
L44.0,Vảy phấn đỏ nang lông
L44.9,"Các bệnh sẩn có vảy, không đặc hiệu"
L44.1,Lichen hình chuỗi hạt
L44.3,Lichen dạng vằn
L44.2,Lichen thành dải
L40.5†,"Vảy nến thể khớp (M07.0*- M07.3*, M09.0*)"
L40.1,Vảy nến thể mủ toàn thân
L40.2,Viêm da đầu chi liên tục
L40.4,Vảy nến thể giọt
L40.9,"Vảy nến, không đặc hiệu"
L40.3,Vảy nến thể mủ ở gan bàn tay- bàn chân
L40.8,Vảy nến khác
L40.0,Vảy nến thông thường
L43.3,Lichen phẳng bán cấp (hoạt tính)
L43.2,Phản ứng thuốc dạng lichen
L43.9,"Lichen phẳng, không đặc hiệu"
L43.1,Lichen phẳng bọng nước
L43.8,Lichen phẳng khác
L43.0,Lichen phẳng phì đại
L50.0,Mày đay dị ứng
L50.1,Mày đay tự phát
L50.3,Da vẽ nổi
L50.9,"Mày đay, không đặc hiệu"
L50.6,Mày đay tiếp xúc
L50.5,Mày đay do Cholin
L50.8,Mày đay khác
L50.2,Mày đay do lạnh và nóng
L50.4,Mày đay do rung động
L53.3,Hồng ban mạn tính khác
L53.0,Hồng ban do nhiễm độc
L53.8,Các tình trạng hồng ban đặc hiệu khác
L53.9,"Các tình trạng hồng ban, không đặc hiệu"
L53.2,Hồng ban hình bản đồ
L53.1,Hồng ban hình nhẫn
L54.8*,Hồng ban trong các bệnh phân loại nơi khác
L54.0*,Hồng ban hình bản đồ trong thấp khớp cấp có sốt I00
L51.0,Hồng ban đa dạng không có bọng nước
L51.8,Hồng ban đa dạng khác
L51.1,Hồng ban đa dạng có bọng nước
L51.9,"Hồng ban đa dạng, không đặc hiệu"
L51.2,Hoại tử thượng bì nhiễm độc [Lyell]
L28.0,Lichen đơn dạng mạn tính
L28.1,Sẩn cục
L28.2,Sẩn ngứa khác
L30.9,"Viêm da, không đặc hiệu"
L30.1,Tổ đỉa [Chàm dạng trứng sam]
L30.3,Viêm da nhiễm trùng
L30.2,Tự mẫn cảm da
L30.4,Viêm kẽ
L30.8,Viêm da đặc hiệu khác
L30.0,Chàm đồng tiền
L30.5,Vảy phấn trắng
L27.9,Viêm da do các chất không đặc hiệu đưa vào trong cơ thể
L27.2,Viêm da do thức ăn
L27.1,Phát ban khu trú do dược chất và thuốc
L27.0,Phát ban toàn thân do dược chất và thuốc
L27.8,Viêm da do các chất khác đưa vào trong cơ thể
L20.8,Viêm da cơ địa khác
L20.9,"Viêm da cơ địa, không đặc hiệu"
L20.0,Sẩn ngứa Besnier
L23.9,"Viêm da tiếp xúc dị ứng, nguyên nhân không đặc hiệu"
L23.0,Viêm da tiếp xúc dị ứng do kim loại
L23.2,Viêm da tiếp xúc dị ứng do mỹ phẩm
L23.6,Viêm da tiếp xúc dị ứng do thực phẩm
L23.4,Viêm da tiếp xúc dị ứng do thuốc nhuộm
L23.8,Viêm da tiếp xúc dị ứng do tác nhân khác
L23.1,Viêm da tiếp xúc dị ứng do keo dính
L23.3,Viêm da tiếp xúc dị ứng do thuốc
L23.5,Viêm da tiếp xúc dị ứng do hoá chất khác
L23.7,"Viêm da tiếp xúc dị ứng do thực vật, ngoại trừ thực phẩm"
L25.9,"Viêm da tiếp xúc không đặc hiệu, không xác định nguyên nhân"
L25.2,Viêm da tiếp xúc không đặc hiệu do thuốc nhuộm
L25.8,"Viêm da tiếp xúc không đặc hiệu, do tác nhân khác"
L25.1,"Viêm da tiếp xúc không đặc hiệu, do thuốc"
L25.4,Viêm da tiếp xúc không đặc hiệu do thực phẩm
L25.3,Viêm da tiếp xúc không đặc hiệu do hoá chất khác
L25.0,"Viêm da tiếp xúc không đặc hiệu, do mỹ phẩm"
L25.5,"Viêm da tiếp xúc không đặc hiệu, do thực vật, trừ thực phẩm"
L24.8,Viêm da tiếp xúc kích ứng do tác nhân khác
L24.3,Viêm da tiếp xúc kích ứng do mỹ phẩm
L24.0,Viêm da tiếp xúc kích ứng do chất tẩy rửa
L24.5,Viêm da tiếp xúc kích ứng do các hoá chất khác
L24.6,Viêm da tiếp xúc kích ứng do thực phẩm
L24.9,"Viêm da tiếp xúc kích ứng, nguyên nhân không đặc hiệu"
L24.1,Viêm da tiếp xúc kích ứng do dầu mỡ
L24.4,Viêm da tiếp xúc kích ứng do thuốc tại chỗ
L24.2,Viêm da tiếp xúc kích ứng do dung môi
L24.7,"Viêm da tiếp xúc kích ứng do thực vật, ngoại trừ thực phẩm"
L29.8,Ngứa khác
L29.3,"Ngứa hậu môn- sinh dục, không đặc hiệu"
L29.9,Ngứa không đặc hiệu
L29.0,Ngứa hậu môn
L29.2,Ngứa âm hộ
L29.1,Ngứa bìu
L21.8,Viêm da dầu khác
L21.0,Viêm da dầu ở đầu
L21.1,Viêm da dầu ở trẻ em
L21.9,Viêm da dầu không đặc hiệu
L02.2,"Áp xe da, nhọt, nhọt cụm ở thân"
L02.4,"Áp xe da, nhọt, nhọt cụm ở chi"
L02.3,"Áp xe da, nhọt, nhọt cụm ở mông"
L02.9,"Áp xe da, nhọt, nhọt cụm không đặc hiệu"
L02.0,"Áp xe da, nhọt và nhọt cụm ở mặt"
L02.1,"Áp xe da, nhọt, nhọt cụm ở cổ"
L02.8,"Áp xe da, nhọt, nhọt cụm ở vị trí khác"
L05.0,Kén nang lông áp xe hoá
L05.9,Kén nang lông không áp xe hoá
L01.0,Chốc [bất kỳ sinh vật nào] [cơ quan nào] [bất kỳ vị trí nào]
L01.1,Chốc hoá của các bệnh da khác
L08.0,Viêm da mủ
L08.8,Các nhiễm trùng khu trú ở da và tổ chức dưới da đặc hiệu khác
L08.9,Các nhiễm trùng khu trú ở da và tổ chức dưới da không đặc hiệu
L08.1,Bệnh Erythrasma
L03.3,Viêm mô bào ở thân
L03.2,Viêm mô bào ở mặt
L03.1,Viêm mô tế bào ở các phần khác của chi
L03.8,Viêm mô bào ở vị trí khác
L03.0,Viêm mô bào ở ngón tay và ngón chân
L03.9,Viêm mô bào không đặc hiệu
L04.3,Viêm bạch mạch huyết cấp ở chi dưới
L04.8,Viêm hạch bạch huyết cấp ở các vị trí khác
L04.0,"Viêm hạch bạch huyết cấp ở mặt, đầu và cổ"
L04.2,Viêm bạch mạch huyết cấp ở chi trên
L04.1,Viêm bạch mạch huyết cấp ở thân
L04.9,"Viêm bạch mạch huyết cấp, không đặc hiệu"
L89.0,Loét tì đè giai đoạn I
L89.2,Loét tì đè giai đoạn III
L89.1,Loét tì đè giai đoạn II
L89.3,Loét tì đè giai đoạn IV
L89.9,"Loét tì đè, không đặc hiệu"
L99.8*,Bệnh ở da và tổ chức dưới da đặc hiệu khác trong các bệnh phân loại nơi khác
L99.0*,Thoái hoá dạng bột ở da (E85.-†)
L92.9,"Các bệnh u hạt ở da và tổ chức dưới da, không đặc hiệu"
L92.8,Các bệnh u hạt ở da và tổ chức dưới da khác
L92.0,U hạt hình nhẫn
L92.3,U hạt ở da và tổ chức dưới da do dị vật
L92.1,"Hoại tử mỡ, không phân loại nơi khác"
L92.2,U hạt ở mặt [u hạt tăng bạch ái toan của da]
L93.1,Lupus ban đỏ bán cấp
L93.2,Lupus ban đỏ khu trú khác
L93.0,Lupus ban đỏ dạng đĩa
L95.0,Viêm mạch mạng lưới
L95.1,Ban đỏ nổi cục rắn
L95.9,"Viêm mao mạch ở da, không đặc hiệu"
L95.8,Viêm mao mạch ở da
L94.2,Lắng đọng Calci ở da
L94.1,Xơ cứng bì dạng dải
L94.9,"Các bệnh tổ chức liên kết khu trú, không đặc hiệu"
L94.8,Các bệnh tổ chức liên kết khu trú đặc hiệu khác
L94.6,Bệnh Ainhum
L94.0,Xơ cứng bì khu trú [dạng mảng]
L94.5,Bệnh teo da dạng mạng lưới giãn mạch
L94.3,Xơ cứng ngón
L94.4,Sẩn Gottron
L85.8,Dày thượng bì đặc hiệu khác
L85.1,Bệnh dày sừng mắc phải [da dày] ở lòng bàn tay và bàn chân
L85.9,"Dày thượng bì, không đặc hiệu"
L85.0,Bệnh da vảy cá mắc phải
L85.2,Dày sừng chấm (lòng bàn tay- bàn chân)
L85.3,Khô da
L91.8,Các bệnh quá sản khác của da
L91.0,Sẹo lồi
L91.9,"Các bệnh quá sản của da, không đặc hiệu"
L87.1,Bệnh tạo keo đục lỗ phản ứng
L87.8,Các bệnh loại bỏ dị vật qua thượng bì khác
L87.0,Dày sừng nang lông và quanh nang lông [Bệnh Kyrle]
L87.2,Bệnh sợi chun đục lỗ ngoằn ngoèo
L87.9,"Các bệnh loại bỏ dị vật qua thượng bì, không đặc hiệu"
L81.4,Bệnh tăng sắc tố do melanin khác
L81.5,Bệnh da mất sắc tố không phân loại nơi khác
L81.0,Tăng sắc tố sau viêm
L81.3,Dát cà phê sữa
L81.2,Tàn nhang
L81.8,Bệnh sắc tố đặc hiệu khác
L81.6,Các bệnh khác do giảm sản xuất melanin
L81.9,Bệnh sắc tố không đặc hiệu
L81.7,Bệnh da xuất huyết tăng sắc tố
L81.1,Rám má
L90.2,Bệnh teo da Jadassohn- Pellizzari
L90.4,Viêm da đầu chi teo mạn tính
L90.5,Các bệnh sẹo và xơ hoá của da
L90.0,Lichen xơ teo
L90.1,Bệnh teo da Schweninger- Buzzi
L90.8,Các bệnh teo da khác
L90.6,Rạn da teo
L90.3,Bệnh teo nhão da Pàsiniva Pierini
L90.9,"Teo da, không đặc hiệu"
L98.3,Viêm mô bào tăng bạch cầu ái toan [Hội chứng Wells]
L98.0,U hạt sinh mủ
L98.2,Bệnh da tăng bạch cầu trung tính có sốt [Hội chứng Sweet]
L98.9,"Bệnh ở da và tổ chức dưới da, không đặc hiệu"
L98.8,Bệnh đặc hiệu khác ở da và tổ chức dưới da
L98.5,Bệnh thoái hoá nhày ở da
L98.4,"Loét da mạn tính, không phân loại nơi khác"
L98.7,Tình trạng thừa da và thừa mô dưới da
L98.1,Viêm da tự tạo
L98.6,Các bệnh có thâm nhiễm khác ở da và tổ chức dưới da
L74.2,Rôm sâu
L74.0,Rôm đỏ
L74.3,"Rôm, không đặc hiệu"
L74.8,Các bệnh khác của tuyến mồ hôi
L74.1,Rôm mụn nước
L74.9,"Các bệnh tuyến mồ hôi, không đặc hiệu"
L74.4,Không tiết mồ hôi
L72.0,Kén thượng bì
L72.2,Đa u tuyến bã
L72.8,Các u nang khác ở da và tổ chức dưới da
L72.1,Kén nang tóc
L72.9,"U nang lông ở da và tổ chức dưới da, không đặc hiệu"
L63.0,Rụng tóc toàn thể
L63.2,Rụng tóc dạng dải
L63.8,Rụng tóc từng mảng khác
L63.9,"Rụng tóc từng mảng, không đặc hiệu"
L63.1,Rụng lông tóc toàn bộ
L64.8,Rụng tóc do nội tiết tố nam khác
L64.0,Rụng tóc do thuốc nội tiết tố nam
L64.9,"Rụng tóc do nội tiết tố nam, không đặc hiệu"
L68.9,"Rậm lông tóc, không đặc hiệu"
L68.1,Rậm lông tơ mắc phải
L68.0,Rậm lông
L68.8,Rậm lông tóc khác
L68.3,Đa nang tóc
L68.2,Rậm lông khu trú
L73.9,"Bệnh nang lông, không đặc hiệu"
L73.2,Viêm tuyến mồ hôi mủ (nhọt ổ gà)
L73.8,Các bệnh nang lông đặc hiệu khác
L73.0,Sẹo lồi do trứng cá
L73.1,Giả viêm nang lông ở cằm
L60.3,Loạn dưỡng móng
L60.9,"Bệnh móng khác, không đặc hiệu"
L60.2,Móng quặp
L60.8,Các bệnh khác của móng
L60.0,Móng chọc thịt
L60.1,Móng tách
L60.4,Móng rãnh Beau
L60.5,Hội chứng vàng móng
L65.1,Rụng tóc ở giai đoạn đầu của sự phát triển tóc
L65.9,"Rụng tóc không sẹo, không đặc hiệu"
L65.2,Rụng tóc do lắng đọng chất nhầy
L65.8,Rụng tóc không do sẹo đặc hiệu khác
L65.0,Rụng tóc ở giai đoạn ngừng phát triển của tóc
L70.8,Trứng cá khác
L70.1,Trứng cá mạch lươn
L70.2,Trứng cá dạng thuỷ đậu
L70.3,Trứng cá nhiệt đới
L70.9,"Trứng cá, không đặc hiệu"
L70.5,Mụn trứng cá xước
L70.0,Trứng cá thông thường
L70.4,Trứng cá trẻ em
L75.2,Rôm tuyến mồ hôi bán huỷ
L75.1,Mồ hôi có màu
L75.0,Mồ hôi có mùi
L75.9,"Các bệnh tuyến mồ hôi bán huỷ, không đặc hiệu"
L75.8,Các bệnh tuyến mồ hôi bán huỷ khác
L67.9,"Các bất thường về màu tóc và sợi tóc, không đặc hiệu"
L67.8,Các bất thường khác về màu tóc sợi tóc
L67.1,Thay đổi màu tóc
L67.0,Tóc giòn có nốt
L62.8*,Các bệnh của móng trong các bệnh phân loại nơi khác
L62.0*,Móng tay dùi trống do tăng sinh màng xương M89.4
L71.0,Viêm da quanh miệng
L71.9,"Trứng cá đỏ, không đặc hiệu"
L71.1,Mũi sư tử
L71.8,Trứng cá đỏ khác
L66.1,Lichen phẳng nang lông
L66.8,Rụng tóc có sẹo khác
L66.4,Viêm nang lông hồng ban hình mạng lưới
L66.2,Viêm nang lông gây rụng tóc toàn thể
L66.3,Viêm nang lông da đầu
L66.9,"Rụng tóc có sẹo, không đặc hiệu"
L66.0,Giả rụng tóc pelade
I60.5,Xuất huyết dưới nhện từ động mạch đốt sống
I60.6,Xuất huyết dưới nhện từ động mạch nội sọ khác
I60.4,Xuất huyết dưới nhện từ động mạch nền
I60.2,Xuất huyết dưới nhện từ động mạch thông trước
I60.3,Xuất huyết dưới nhện từ động mạch thông sau
I60.8,Xuất huyết dưới nhện khác
I60.0,Xuất huyết dưới nhện từ hành cảnh và chỗ chia nhánh động mạch cảnh
I60.7,"Xuất huyết dưới nhện từ động mạch nội sọ, không đặc hiệu"
I60.9,"Xuất huyết dưới nhện, không đặc hiệu"
I60.1,Xuất huyết dưới nhện từ động mạch não giữa
I65.0,Nghẽn tắc và hẹp động mạch đốt sống
I65.1,Nghẽn tắc và hẹp động mạch nền
I65.2,Nghẽn tắc và hẹp động mạch cảnh
I65.9,Nghẽn tắc và hẹp của động mạch não trước không xác định
I65.8,Nghẽn tắc và hẹp của động mạch não trước khác
I65.3,Nghẽn tắc và hẹp nhiều động mạch và động mạch não trước hai bên
I66.8,Nghẽn tắc và hẹp động mạch não khác
I66.4,Nghẽn tắc và hẹp nhiều động mạch não hai bên
I66.2,Nghẽn tắc và hẹp động mạch não sau
I66.9,"Nghẽn tắc và hẹp động mạch não, không xác định"
I66.0,Nghẽn tắc và hẹp động mạch não giữa
I66.3,Nghẽn tắc và hẹp động mạch tiểu não
I66.1,Nghẽn tắc và hẹp động mạch não trước
I61.3,Xuất huyết nội sọ tại thân não
I61.4,Xuất huyết nội sọ tại tiểu não
I61.2,"Xuất huyết nội sọ tại bán cầu, không đặc hiệu"
I61.5,"Xuất huyết nội sọ, tại não thất"
I61.9,"Xuất huyết nội sọ, không đặc hiệu"
I61.8,Xuất huyết nội sọ khác
I61.0,"Xuất huyết nội sọ tại bán cầu, vùng dưới vỏ"
I61.6,"Xuất huyết nội sọ, tại nhiều nơi"
I61.1,"Xuất huyết nội sọ tại bán cầu, vùng vỏ"
I69.3,Di chứng nhồi máu não
I69.2,Di chứng xuất huyết nội sọ không do chấn thương khác
I69.0,Di chứng xuất huyết dưới nhện
I69.8,Di chứng bệnh mạch máu não khác và không xác định
I69.1,Di chứng xuất huyết nội sọ
I69.4,"Di chứng đột quỵ, không xác định là xuất huyết hay nhồi máu"
I63.0,Nhồi máu não do huyết khối động mạch não trước
I63.9,"Nhồi máu não, không đặc hiệu"
I63.1,Nhồi máu não do thuyên tắc động mạch não trước
I63.5,Nhồi máu não không xác định do tắc hay hẹp ở động mạch não
I63.3,Nhồi máu não do huyết khối động mạch não
I63.2,Nhồi máu não không đặc hiệu do tắc hay hẹp ở động mạch não trước
I63.4,Nhồi máu não do thuyên tắc động mạch não
I63.6,"Nhồi máu não do huyết khối tĩnh mạch não, không sinh mủ"
I63.8,Nhồi máu não khác
I62.9,"Xuất huyết nội sọ không do chấn thương, không đặc hiệu"
I62.1,"Xuất huyết ngoài màng cứng, không do chấn thương"
I62.0,Xuất huyết dưới màng cứng không do chấn thương
I68.0*,Bệnh mạch máu não do thoái hoá dạng bột E85.-
I68.1*,Viêm động mạch não trong bệnh nhiễm trùng và ký sinh trùng phân loại nơi khác
I68.8*,Rối loạn mạch máu não khác trong các bệnh phân loại nơi khác
I68.2*,Viêm động mạch não trong bệnh khác phân loại nơi khác
I67.5,Bệnh Moyamoya
I67.3,Bệnh lý chất trắng não do nguyên nhân mạch máu
I67.2,Xơ vữa động mạch não
I67.1,"Phình động mạch não, không vỡ"
I67.9,Bệnh mạch máu não không đặc hiệu
I67.6,Huyết khối không sinh mủ của hệ tĩnh mạch nội sọ
I67.7,"Viêm động mạch não, không phân loại nơi khác"
I67.4,Bệnh lý não do tăng huyết áp
I67.0,"Tách thành động mạch não, không vỡ"
I67.8,Bệnh mạch máu não đặc hiệu khác
I05.9,"Bệnh lý van hai lá, không đặc hiệu"
I05.1,Hở van hai lá do thấp
I05.2,Hẹp hở van hai lá
I05.0,Hẹp van hai lá
I05.8,Bệnh lý van hai lá khác
I07.1,Hở van ba lá
I07.9,Bệnh lý van ba lá khác không đặc hiệu
I07.8,Bệnh lý khác của van ba lá
I07.2,Hẹp hở van ba lá
I07.0,Hẹp van ba lá
I08.1,Bệnh lý cả van hai lá và van ba lá
I08.2,Bệnh lý cả van động mạch chủ và van ba lá
I08.0,Bệnh lý cả van hai lá và van động mạch chủ
I08.3,"Bệnh lý phối hợp van hai lá, van động mạch chủ và van ba lá"
I08.9,"Bệnh lý nhiều van khác, không đặc hiệu"
I08.8,Bệnh lý nhiều van khác
I06.8,Bệnh van động mạch chủ do thấp khác
I06.0,Hẹp van động mạch chủ do thấp
I06.9,Bệnh van động mạch chủ do thấp không đặc hiệu
I06.1,Hở van động mạch chủ do thấp
I06.2,Hẹp hở van động mạch chủ do thấp
I09.1,"Bệnh nội tâm mạc do thấp, có tổn thương van không đặc hiệu"
I09.9,"Bệnh tim do thấp, không đặc hiệu"
I09.2,Viêm màng ngoài tim do thấp mạn tính
I09.0,Viêm cơ tim do thấp
I09.8,Các bệnh tim do thấp khác
I13.2,"Bệnh tim và thận do tăng huyết áp, có suy tim (sung huyết) và suy thận"
I13.1,"Bệnh tim và thận do tăng huyết áp, có suy thận"
I13.9,"Bệnh tim và thận do tăng huyết áp, không đặc hiệu"
I13.0,"Bệnh tim và thận do tăng huyết áp, có suy tim (sung huyết)"
I12.9,"Bệnh thận do tăng huyết áp, không suy thận"
I12.0,"Bệnh thận do tăng huyết áp, có suy thận"
I11.9,"Bệnh tim do tăng huyết áp, không suy tim (sung huyết)"
I11.0,"Bệnh tim do tăng huyết áp, có suy tim (sung huyết)"
I15.0,Tăng huyết áp do nguyên nhân mạch thận
I15.2,Tăng huyết áp thứ phát do rối loạn nội tiết
I15.8,Tăng huyết áp thứ phát khác
I15.1,Tăng huyết áp thứ phát do bệnh thận khác
I15.9,Tăng huyết áp thứ phát không đặc hiệu
I02.0,Múa giật do thấp có ảnh hưởng đến tim
I02.9,Múa giật do thấp không ảnh hưởng đến tim
I01.8,Bệnh tim cấp khác do thấp
I01.1,Viêm nội tâm mạc cấp do thấp
I01.9,"Bệnh tim do thấp cấp, không đặc hiệu"
I01.0,Viêm màng ngoài tim do thấp cấp
I01.2,Viêm cơ tim do thấp cấp
I28.0,Rò động- tĩnh mạch phổi
I28.8,Bệnh mạch máu phổi xác định khác
I28.1,Phình động mạch phổi
I28.9,"Bệnh mạch máu phổi, không đặc hiệu"
I27.0,Tăng áp động mạch phổi nguyên phát
I27.8,Bệnh tim do phổi xác định khác
I27.2,Tăng áp động mạch phổi thứ phát khác
I27.9,"Bệnh tim do phổi, không đặc hiệu"
I27.1,Bệnh tim do gù vẹo cột sống
I26.0,Thuyên tắc mạch phổi có tâm phế cấp
I26.9,Thuyên tắc mạch phổi không có tâm phế cấp
I52.8*,"Bệnh tim khác trong bệnh khác, phân loại nơi khác"
I52.0*,Bệnh tim khác trong bệnh nhiễm khuẩn phân loại nơi khác
I52.1*,Bệnh tim khác trong bệnh nhiễm trùng và ký sinh trùng khác phân loại nơi khác
I42.2,Bệnh cơ tim phì đại khác
I42.0,Bệnh cơ tim giãn
I42.7,Bệnh cơ tim do thuốc và nguyên nhân ngoại sinh
I42.1,Bệnh cơ tim phì đại có tắc nghẽn
I42.8,Bệnh cơ tim khác
I42.3,Bệnh xơ hoá nội mạc cơ tim (tăng bạch cầu ái toan)
I42.6,Bệnh cơ tim do rượu
I42.4,Xơ chun nội tâm mạc
I42.5,Bệnh lý cơ tim hạn chế
I42.9,Bệnh cơ tim không đặc hiệu
I45.5,Blốc tim xác định khác
I45.6,Hội chứng kích thích sớm (hội chứng tiền kích thích)
I45.4,Blốc trong thất không đặc hiệu
I45.9,Rối loạn dẫn truyền không đặc hiệu
I45.3,Blốc ba nhánh
I45.8,"Rối loạn dẫn truyền, xác định khác"
I45.1,Blốc nhánh phải khác và không xác định
I45.0,Blốc nhánh phải
I45.2,Blốc hai nhánh
I50.9,"Suy tim, không đặc hiệu"
I50.0,Suy tim sung huyết
I50.1,Suy thất trái
I49.5,Hội chứng suy nút xoang
I49.8,Loạn nhịp tim xác định khác
I49.3,Ngoại tâm thu thất
I49.4,Khử cực sớm khác và không xác định
I49.0,Rung thất và cuồng thất
I49.2,Khử cực sớm vùng bộ nối
I49.1,Ngoại tâm thu nhĩ
I49.9,"Rối loạn nhịp tim, không đặc hiệu"
I36.0,Hẹp (van) ba lá không do thấp
I36.1,Hở (van) ba lá không do thấp
I36.8,Bệnh lý van ba lá không do thấp khác
I36.2,Hẹp hở van ba lá không do thấp
I36.9,"Bệnh lý van ba lá không do thấp, không đặc hiệu"
I44.2,"Blốc nhĩ thất, hoàn toàn"
I44.6,Blốc nhánh khác và không xác định
I44.0,Blốc nhĩ thất độ I
I44.3,Blốc nhĩ thất khác và không xác định
I44.7,Blốc nhánh trái không đặc hiệu
I44.5,Blốc nhánh sau trái
I44.4,Blốc nhánh trước trái
I44.1,Blốc nhĩ thất độ II
I39.8*,"Viêm nội tâm mạc, không xác định van, trong bệnh phân loại nơi khác"
I39.1*,Bệnh van động mạch chủ trong bệnh phân loại nơi khác
I39.2*,Bệnh lý van ba lá trong bệnh phân loại nơi khác
I39.0*,Bệnh lý van hai lá trong bệnh phân loại nơi khác
I39.4*,Bệnh của nhiều van trong bệnh phân loại nơi khác
I39.3*,Bệnh van động mạch phổi trong bệnh phân loại nơi khác
I33.9,"Viêm nội tâm mạc cấp, không đặc hiệu"
I33.0,Viêm nội tâm mạc nhiễm trùng cấp và bán cấp
I47.9,"Nhịp nhanh kịch phát, không đặc hiệu"
I47.2,Nhịp nhanh thất
I47.1,Nhịp nhanh kịch phát trên thất
I47.0,Loạn nhịp thất do cơ chế vòng vào lại
I41.0*,Viêm cơ tim trong bệnh nhiễm trùng phân loại nơi khác
I41.2*,Viêm cơ tim trong bệnh nhiễm trùng và ký sinh trùng khác phân loại nơi khác
I41.8*,Viêm cơ tim trong bệnh khác phân loại nơi khác
I41.1*,Viêm cơ tim trong bệnh do vi rút phân loại nơi khác
I37.9,"Bệnh van động mạch phổi, không xác định"
I37.0,Hẹp van động mạch phổi
I37.8,Bệnh van động mạch phổi khác
I37.1,Hở van động mạch phổi
I37.2,Hẹp hở van động mạch phổi
I46.0,Ngừng tim với hồi sức thành công
I46.9,"Ngừng tim, không xác định"
I46.1,Đột tử do tim (được mô tả)
I43.0*,Bệnh cơ tim trong bệnh nhiễm trùng và ký sinh trùng
I43.2*,Bệnh cơ tim trong các bệnh về dinh dưỡng
I43.8*,Bệnh cơ tim trong bệnh khác phân loại nơi khác
I43.1*,Bệnh cơ tim trong bệnh chuyển hoá
I51.5,Thoái hoá cơ tim
I51.7,Tim to
I51.8,Bệnh lý tim mạch không rõ ràng khác
I51.0,"Thông vách ngăn tim, mắc phải"
I51.2,"Đứt cơ nhú, không có trong phân loại nơi khác"
I51.4,"Viêm cơ tim, không đặc hiệu"
I51.9,"Bệnh tim, không đặc hiệu"
I51.6,"Bệnh tim mạch, không đặc hiệu"
I51.3,"Huyết khối trong tim, không phân loại nơi khác"
I51.1,"Đứt dây chằng van tim, không có trong phân loại nơi khác"
I48.4,Cuồng nhĩ không điển hình
I48.9,"Rung nhĩ và cuồng nhĩ, không đặc hiệu"
I48.0,Rung nhĩ kịch phát
I48.3,Rung nhĩ điển hình
I48.2,Rung nhĩ mạn tính
I48.1,Rung nhĩ dai dẳng
I32.0*,Viêm màng ngoài tim trong bệnh nhiễm khuẩn phân loại nơi khác
I32.1*,Viêm màng ngoài tim trong bệnh nhiễm trùng và ký sinh trùng khác phân loại nơi khác
I32.8*,Viêm màng ngoài tim trong bệnh khác phân loại nơi khác
I30.0,"Viêm màng ngoài tim cấp, không rõ nguyên nhân, không đặc hiệu"
I30.9,"Viêm màng ngoài tim cấp, không đặc hiệu"
I30.8,Các thể khác của viêm màng ngoài tim cấp
I30.1,Viêm màng ngoài tim nhiễm trùng
I31.2,"Tràn máu màng ngoài tim, không phân loại nơi khác"
I31.9,"Bệnh màng ngoài tim, không đặc hiệu"
I31.0,Viêm dày dính màng ngoài tim mạn
I31.3,Tràn dịch màng ngoài tim (không do viêm)
I31.1,Viêm màng ngoài tim co thắt mạn
I31.8,Bệnh màng ngoài tim khác
I35.9,"Bệnh van động mạch chủ, không đặc hiệu"
I35.1,Hở (van) động mạch chủ
I35.2,Hẹp hở (van) động mạch chủ
I35.0,Hẹp (van) động mạch chủ
I35.8,Bệnh van động mạch chủ khác
I34.0,Hở (van) hai lá
I34.8,Hẹp van hai lá không do thấp khác
I34.2,Hẹp (van) hai lá không do thấp
I34.1,Sa (van) hai lá
I34.9,Hẹp van hai lá không do thấp
I40.1,Viêm cơ tim đơn thuần
I40.9,"Viêm cơ tim cấp, không đặc hiệu"
I40.0,Viêm cơ tim nhiễm trùng
I40.8,Viêm cơ tim cấp khác
I20.9,"Cơn đau thắt ngực, không đặc hiệu"
I20.0,Cơn đau thắt ngực không ổn định
I20.8,Dạng khác của cơn đau thắt ngực
I20.1,Cơn đau thắt ngực do co thắt mạch
I25.5,Bệnh cơ tim do thiếu máu cục bộ
I25.2,Nhồi máu cơ tim cũ
I25.8,Dạng khác của bệnh tim thiếu máu cục bộ mạn
I25.6,Thiếu máu cơ tim thầm lặng
I25.1,Bệnh tim mạch do xơ vữa động mạch
I25.0,Bệnh tim mạch do xơ vữa động mạch vành
I25.4,Phình bóc tách động mạch vành
I25.9,"Bệnh tim thiếu máu cục bộ mạn, không đặc hiệu"
I25.3,Phình thành tim
I24.9,"Bệnh tim do thiếu máu cục bộ cấp, không đặc hiệu"
I24.8,Dạng khác của bệnh tim thiếu máu cục bộ cấp
I24.0,Huyết khối mạch vành không gây nhồi máu cơ tim
I24.1,Hội chứng Dressler
I23.5,Biến chứng đứt cơ nhú sau nhồi máu cơ tim cấp
I23.2,Biến chứng thủng vách liên thất sau nhồi máu cơ tim cấp
I23.0,Biến chứng tràn máu màng ngoài tim sau nhồi máu cơ tim cấp
I23.3,Biến chứng nứt thành tim không có tràn máu màng ngoài tim sau nhồi máu cơ tim cấp
I23.1,Biến chứng thủng vách liên nhĩ xảy ra sau nhồi máu cơ tim cấp
I23.4,Biến chứng đứt dây chằng van hai lá sau nhồi máu cơ tim cấp
I23.6,"Biến chứng huyết khối trong buồng tim tâm nhĩ, tiểu nhĩ và tâm thất sau nhồi máu cơ tim cấp"
I23.8,Biến chứng khác xảy ra sau nhồi máu cơ tim cấp
I22.1,Nhồi máu cơ tim tiến triển của thành dưới
I22.0,Nhồi máu cơ tim tiến triển của thành trước
I22.9,Nhồi máu cơ tim tiến triển ở vị trí không xác định
I22.8,Nhồi máu cơ tim tiến triển ở vị trí khác
I21.2,Nhồi máu xuyên thành cấp ở vị trí khác
I21.9,"Nhồi máu cơ tim cấp, không đặc hiệu"
I21.0,Nhồi máu cơ tim xuyên thành cấp của thành trước
I21.3,Nhồi máu cơ tim xuyên thành cấp ở vị trí không xác định
I21.4,Nhồi máu cơ tim dưới nội tâm mạc cấp
I21.1,Nhồi máu cơ tim xuyên thành cấp của thành dưới
I95.1,Hạ huyết áp thế đứng
I95.2,Hạ huyết áp do thuốc
I95.0,Hạ huyết áp không rõ nguyên nhân
I95.8,Hạ huyết áp khác
I95.9,"Hạ huyết áp, không đặc hiệu"
I97.8,"Rối loạn hệ tuần hoàn khác sau phẫu thuật, không phân loại nơi khác"
I97.2,Hội chứng phù mạch bạch huyết sau cắt bỏ tuyến vú
I97.9,"Rối loạn hệ tuần hoàn sau phẫu thuật, không đặc hiệu"
I97.0,Hội chứng sau mổ tim
I97.1,Rối loạn chức năng khác sau phẫu thuật tim
I98.3*,Giãn tĩnh mạch thực quản chảy máu trong bệnh phân loại nơi khác
I98.1*,Rối loạn tim mạch trong bệnh nhiễm trùng và ký sinh trùng khác phân loại nơi khác
I98.0*,Giang mai tim mạch
I98.8*,Rối loạn hệ tuần hoàn xác định khác trong bệnh phân loại nơi khác
I98.2*,Giãn tĩnh mạch thực quản không chảy máu trong bệnh phân loại nơi khác
I87.8,Rối loạn khác tĩnh mạch xác định khác
I87.2,Suy tĩnh mạch (mạn) (ngoại biên)
I87.1,Chèn ép tĩnh mạch
I87.9,"Rối loạn khác tĩnh mạch, không đặc hiệu"
I87.0,Hội chứng sau huyết khối
I88.1,"Viêm hạch bạch huyết mạn, ngoại trừ mạc treo"
I88.0,Viêm hạch mạc treo không đặc hiệu
I88.9,"Viêm hạch bạch huyết không đặc hiệu, không xác định"
I88.8,Viêm hạch bạch huyết không đặc hiệu khác
I83.1,Giãn tĩnh mạch chi dưới có viêm
I83.9,Giãn tĩnh mạch chi dưới không loét không viêm
I83.2,Giãn tĩnh mạch chi dưới có loét và viêm
I83.0,Giãn tĩnh mạch chi dưới có loét
I82.1,Viêm tắc tĩnh mạch tái phát (migrans)
I82.0,Hội chứng Budd- Chiari
I82.3,Thuyên tắc và huyết khối tĩnh mạch thận
I82.2,Thuyên tắc và huyết khối tĩnh mạch chủ
I82.9,Thuyên tắc và huyết khối của tĩnh mạch không xác định
I82.8,Thuyên tắc và huyết khối tĩnh mạch khác
I86.8,Giãn tĩnh mạch ở vị trí xác định khác
I86.3,Giãn tĩnh mạch âm hộ
I86.4,Giãn tĩnh mạch dạ dày
I86.0,Giãn tĩnh mạch dưới lưỡi
I86.1,Túi giãn tĩnh mạch bìu
I86.2,Giãn tĩnh mạch chậu
I80.1,Viêm tĩnh mạch và viêm tắc tĩnh mạch đùi
I79.2*,Bệnh lý mạch máu ngoại biên trong bệnh phân loại nơi khác
I80.9,"Viêm tĩnh mạch và viêm tắc tĩnh mạch, vị trí không xác định"
I80.0,Viêm tĩnh mạch và viêm tắc tĩnh mạch nông ở chi dưới
I80.2,Viêm tĩnh mạch và viêm tắc tĩnh mạch của các tĩnh mạch sâu khác ở chi dưới
I80.8,Viêm tĩnh mạch và viêm tắc tĩnh mạch ở vị trí khác
I80.3,"Viêm tĩnh mạch và viêm tắc tĩnh mạch ở chi dưới, không đặc hiệu"
I89.1,Viêm mạch bạch huyết
I89.8,Rối loạn mạch bạch huyết và hạch bạch huyết xác định khác không do nhiễm trùng
I89.9,"Rối loạn mạch bạch huyết và hạch bạch huyết không do nhiễm trùng, không đặc hiệu"
I89.0,"Phù bạch huyết, không phân loại nơi khác"
I85.0,Giãn tĩnh mạch thực quản có chảy máu
I85.9,Giãn tĩnh mạch thực quản không chảy máu
I78.9,"Bệnh khác của mao mạch, không đặc hiệu"
I78.1,"Tổn thương mạch máu trên da (Naevus), không tân sinh"
I78.8,Bệnh khác của mao mạch
I78.0,Giãn mạch di truyền xuất huyết
I70.2,Xơ vữa động mạch ngoại biên
I70.0,Xơ vữa động mạch chủ
I70.8,Xơ vữa động mạch khác
I70.9,"Xơ vữa động mạch, toàn thể và không xác định"
I70.1,Xơ vữa động mạch thận
I79.1*,Viêm động mạch chủ trong bệnh phân loại nơi khác
I79.8*,"Rối loạn khác ở động mạch, tiểu động mạch và mao mạch trong bệnh phân loại nơi khác"
I79.0*,Phình động mạch chủ trong bệnh phân loại nơi khác
I73.8,Bệnh mạch máu ngoại biên xác định khác
I73.9,"Bệnh mạch máu ngoại biên, không đặc hiệu"
I73.0,Hội chứng Raynaud
I73.1,Viêm tắc mạch huyết khối [Buerger]
I77.1,Co hẹp động mạch
I77.8,Bệnh xác định khác của động mạch và tiểu động mạch
I77.4,Hội chứng chèn ép động mạch tạng
I77.5,Hoại tử động mạch
I77.2,Vỡ động mạch
I77.9,"Bệnh động mạch và tiểu động mạch, không đặc hiệu"
I77.6,"Viêm động mạch, không đặc hiệu"
I77.3,Loạn sản chun xơ cơ của động mạch
I77.0,Rò động- tĩnh mạch mắc phải
I71.2,"Phình động mạch chủ ngực, không vỡ"
I71.5,"Phình động mạch chủ ngực- bụng, vỡ"
I71.8,"Phình động mạch chủ, vị trí không xác định, vỡ"
I71.0,Tách thành động mạch chủ (bất kỳ đoạn nào)
I71.3,"Phình động mạch chủ bụng, vỡ"
I71.9,"Phình động mạch chủ, vị trí không xác định, không vỡ"
I71.6,"Phình động mạch chủ ngực- bụng, không vỡ"
I71.4,"Phình động mạch chủ bụng, không vỡ"
I71.1,"Phình động mạch chủ ngực, vỡ"
I72.3,Phình và tách động mạch chậu
I72.2,Phình và tách động mạch thận
I72.4,Phình và tách động mạch chi dưới
I72.9,"Phình và tách động mạch, vị trí không xác định"
I72.0,Phình và tách động mạch cảnh
I72.5,Phình và tách động mạch nền (thân nền)
I72.1,Phình và tách động mạch chi trên
I72.8,Phình và tách động mạch xác định khác
I72.6,Phình và tách động mạch đốt sống
I74.3,Thuyên tắc và huyết khối động mạch chi dưới
I74.0,Thuyên tắc và huyết khối động mạch chủ bụng
I74.9,"Thuyên tắc và huyết khối động mạch, không xác định"
I74.4,Thuyên tắc và huyết khối động mạch chi không đặc hiệu
I74.1,"Thuyên tắc và huyết khối, đoạn động mạch chủ khác và không xác định"
I74.2,Thuyên tắc và huyết khối động mạch chi trên
I74.5,Thuyên tắc và huyết khối động mạch chậu
I74.8,Thuyên tắc và huyết khối động mạch khác
P39.4,Nhiễm khuẩn da trẻ sơ sinh
P39.8,Nhiễm trùng đặc hiệu khác trong thời kỳ chu sinh
P39.9,Nhiễm khuẩn không xác định khác đặc hiệu cho giai đoạn chu sinh
P39.0,Viêm vú nhiễm khuẩn trẻ sơ sinh
P39.2,"Nhiễm khuẩn thai trong buồng ối, không phân loại nơi khác"
P39.3,Nhiễm khuẩn đường tiết niệu trẻ sơ sinh
P39.1,Viêm kết mạc và ống dẫn lệ của trẻ sơ sinh
P36.0,Nhiễm khuẩn huyết sơ sinh do liên cầu nhóm B
P36.3,Nhiễm khuẩn huyết sơ sinh do các tụ cầu khác và không xác định
P36.8,Nhiễm khuẩn huyết khác của trẻ sơ sinh
P36.2,Nhiễm khuẩn huyết sơ sinh do tụ cầu vàng
P36.1,Nhiễm khuẩn huyết sơ sinh do các liên cầu khác và không xác định
P36.5,Nhiễm khuẩn huyết sơ sinh do vi khuẩn kỵ khí
P36.9,"Nhiễm khuẩn huyết của trẻ sơ sinh, không đặc hiệu"
P36.4,Nhiễm khuẩn huyết sơ sinh do E. Coli
P37.1,Toxoplasma bẩm sinh
P37.9,Bệnh nhiễm khuẩn và ký sinh trùng không xác định
P37.0,Lao bẩm sinh
P37.2,Listeria bẩm sinh (rải rác)
P37.5,Nấm Candida bẩm sinh
P37.3,Sốt rét falciparum bẩm sinh
P37.4,Sốt rét bẩm sinh khác
P37.8,Bệnh nhiễm khuẩn và ký sinh trùng được định rõ khác
P35.2,Nhiễm vi rút Herpes bẩm sinh
P35.1,Nhiễm vi rút Cytomegalo bẩm sinh
P35.9,"Bệnh do vi rút bẩm sinh, không xác định"
P35.8,Các bệnh vi rút bẩm sinh khác
P35.0,Hội chứng rubêon bẩm sinh
P35.4,Bệnh do vi rút Zika bẩm sinh
P35.3,Viêm gan vi rút bẩm sinh
P54.1,Đi ngoài ra máu
P54.2,Chảy máu trực tràng của trẻ sơ sinh
P54.4,Chảy máu thượng thận trẻ sơ sinh
P54.5,Xuất huyết dưới da của trẻ sơ sinh
P54.0,Nôn ra máu sơ sinh
P54.3,Chảy máu dạ dày ruột khác của trẻ sơ sinh
P54.8,Chảy máu sơ sinh được định rõ khác
P54.9,Chảy máu sơ sinh không xác định
P54.6,Chảy máu âm đạo của trẻ sơ sinh
P51.8,Chảy máu rốn khác của trẻ sơ sinh
P51.0,Chảy máu rốn nặng của trẻ sơ sinh
P51.9,Chảy máu rốn không xác định của trẻ sơ sinh
P59.3,Vàng da sơ sinh vì yếu tố ức chế của sữa mẹ
P59.8,Vàng da sơ sinh vì những nguyên nhân đặc hiệu khác
P59.0,Vàng da sơ sinh phối hợp với đẻ non
P59.1,Hội chứng mật đặc
P59.9,"Vàng da sơ sinh, không đặc hiệu"
P59.2,Vàng da sơ sinh vì các tổn thương tế bào gan khác và không xác định
P52.2,"Chảy máu trong não thất (không chấn thương), độ 3, và độ 4 ở thai nhi và trẻ sơ sinh"
P52.1,"Chảy máu trong não thất (không chấn thương), độ 2, ở thai nhi và trẻ sơ sinh"
P52.6,Chảy máu tiểu não (không chấn thương) và hố sau của thai nhi và trẻ sơ sinh
P52.5,Xuất huyết dưới nhện (không chấn thương) của thai nhi và trẻ sơ sinh
P52.0,"Chảy máu trong não thất (không chấn thương), độ 1, ở thai nhi và trẻ sơ sinh"
P52.4,Chảy máu trong não (không chấn thương) của thai nhi và trẻ sơ sinh
P52.8,Chảy máu nội sọ khác (không chấn thương) của thai nhi và trẻ sơ sinh
P52.9,Chảy máu nội sọ (không chấn thương) không xác định của thai nhi và trẻ sơ sinh
P52.3,Chảy máu trong não thất (không chấn thương) không xác định của thai nhi và trẻ sơ sinh
P55.0,Huyết tán do bất đồng nhóm máu Rh của mẹ và thai nhi/ trẻ sơ sinh
P55.1,Huyết tán do bất đồng nhóm máu ABO của mẹ và thai nhi/ trẻ sơ sinh
P55.8,Bệnh huyết tán khác của thai và trẻ sơ sinh
P55.9,"Bệnh huyết tán của thai và trẻ sơ sinh, không xác định"
P58.9,Vàng da sơ sinh do huyết tán quá mức không xác định
P58.2,Vàng da sơ sinh do nhiễm khuẩn
P58.5,Vàng da sơ sinh do nuốt phải máu mẹ
P58.8,Vàng da sơ sinh do huyết tán quá mức được định rõ khác
P58.1,Vàng da sơ sinh do chảy máu
P58.0,Vàng da sơ sinh do bầm tím
P58.4,"Vàng da sơ sinh do thuốc, độc tố truyền từ mẹ sang hay dùng cho trẻ sơ sinh"
P58.3,Vàng da sơ sinh do đa hồng cầu
P57.0,Vàng da nhân xám do bất đồng miễn dịch
P57.8,Vàng da nhân xám được định rõ khác
P57.9,"Vàng da nhân xám, không xác định"
P50.4,Chảy máu vào tuần hoàn người mẹ
P50.8,Mất máu thai khác
P50.9,Mất máu thai không xác định
P50.2,Mất máu thai từ rau
P50.0,Mất máu thai vì mạch máu tiền đạo
P50.1,Mất máu thai vì vỡ dây rốn
P50.3,Chảy máu giữa hai thai sinh đôi (truyền máu thai sang thai)
P50.5,Mất máu thai do cắt vào dây rốn chung của thai sinh đôi
P56.9,Phù thai do bệnh lý huyết tán khác và không xác định
P56.0,Phù thai do miễn dịch đồng loại
P61.8,Rối loạn huyết học sơ sinh xác định khác
P61.0,Giảm tiểu cầu sơ sinh tạm thời
P61.2,Thiếu máu của trẻ non tháng
P61.3,Thiếu máu bẩm sinh vì mất máu thai
P61.6,Rối loạn đông máu khác thoáng qua của sơ sinh
P61.9,Rối loạn huyết học sơ sinh không xác định
P61.4,"Các thiếu máu bẩm sinh khác, không phân loại nơi khác"
P61.1,Đa hồng cầu sơ sinh
P61.5,Giảm bạch cầu đa nhân trung tính thoáng qua của sơ sinh
P76.8,Tắc ruột non được định rõ khác của trẻ sơ sinh
P76.0,Hội chứng nút phân su
P76.2,Tắc ruột non do sữa đặc
P76.1,Tắc ruột tạm thời của trẻ sơ sinh
P76.9,Tắc ruột non không xác định của trẻ sơ sinh
P78.3,Tiêu chảy sơ sinh không do nhiễm trùng
P78.0,Thủng ruột non chu sinh
P78.9,Rối loạn tiêu hoá không xác định của giai đoạn sơ sinh
P78.8,Rối loạn của hệ tiêu hoá đặc hiệu khác ở giai đoạn chu sinh
P78.2,"Nôn ra máu, đi ngoài ra máu do nuốt phải máu mẹ của trẻ sơ sinh"
P78.1,Các viêm phúc mạc sơ sinh khác
P07.1,Trẻ nhẹ cân khác (1000g- 2499g)
P07.0,Trẻ có cân nặng cực thấp (< 1000g)
P07.3,Trẻ đẻ non khác (28- dưới 37 tuần hoặc 196- dưới 259 ngày)
P07.2,Trẻ cực non (dưới 28 tuần hoặc dưới 196 ngày)
P05.2,Thai suy dinh dưỡng mà không đề cập đến nhỏ hay nhẹ cân so với tuổi thai
P05.1,Nhỏ so với tuổi thai
P05.0,Nhẹ cân so với tuổi thai
P05.9,"Thai chậm phát triển, không xác định"
P08.2,Trẻ già tháng nhưng không nặng so với tuổi thai
P08.1,Trẻ nặng cân khác so với tuổi thai
P08.0,Trẻ nặng cân
P96.1,Hội chứng cai thuốc của trẻ sơ sinh vì mẹ nghiện dùng thuốc
P96.5,Biến chứng của thủ thuật trong tử cung không phân loại nơi khác
P96.0,Suy thận bẩm sinh
P96.9,"Bệnh lý khởi phát trong giai đoạn chu sinh, không đặc hiệu"
P96.8,Các bệnh lý được định khác khởi phát trong thời kỳ chu sinh
P96.4,"Đình chỉ thai kỳ, ảnh hưởng thai và trẻ sơ sinh"
P96.3,Giãn khớp sọ của trẻ sơ sinh
P96.2,Hội chứng cai thuốc vì dùng thuốc để điều trị cho trẻ sơ sinh
P92.8,Vấn đề khác của nuôi dưỡng trẻ sơ sinh
P92.0,Nôn ở trẻ sơ sinh
P92.9,Vấn đề nuôi dưỡng không xác định của trẻ sơ sinh
P92.4,Nuôi dưỡng quá mức của trẻ sơ sinh
P92.3,Nuôi dưỡng dưới mức của trẻ sơ sinh
P92.1,Nôn vọt và nhai lại của trẻ sơ sinh
P92.5,Trẻ bú sữa mẹ khó khăn
P92.2,Nuôi dưỡng chậm của trẻ sơ sinh
P94.2,Giảm trương lực cơ bẩm sinh
P94.8,Rối loạn trương lực cơ khác của trẻ sơ sinh
P94.1,Tăng trương lực cơ bẩm sinh
P94.0,Nhược cơ nặng thoáng qua của trẻ sơ sinh
P94.9,Rối loạn trương lực cơ không xác định của trẻ sơ sinh
P91.8,Rối loạn đặc hiệu khác của não trẻ sơ sinh
P91.0,Thiếu máu cục bộ sơ sinh
P91.1,Nang quanh não thất mắc phải của trẻ sơ sinh
P91.5,Hôn mê sơ sinh
P91.4,Lõm não sơ sinh
P91.7,Não úng thuỷ mắc phải ở trẻ sơ sinh
P91.6,Bệnh não thiếu máu cục bộ do giảm oxy ở trẻ sơ sinh
P91.9,"Rối loạn tình trạng não của sơ sinh, không đặc hiệu"
P91.2,Nhũn chất trắng não sơ sinh
P91.3,Não dễ kích thích của trẻ sơ sinh
P00.9,Thai nhi và trẻ sơ sinh bị ảnh hưởng do các tình trạng bệnh lý không xác định của mẹ
P00.0,Thai nhi và trẻ sơ sinh ảnh hưởng do các rối loạn tăng huyết áp của mẹ
P00.2,Thai nhi và trẻ sơ sinh bị ảnh hưởng do các bệnh nhiễm khuẩn và nhiễm ký sinh trùng của mẹ
P00.6,Thai nhi và trẻ sơ sinh bị ảnh hưởng do các phẫu thuật của mẹ
P00.1,Thai nhi và trẻ sơ sinh bị ảnh hưởng do bệnh thận và bệnh đường tiết niệu của mẹ
P00.3,Thai nhi và trẻ sơ sinh bị ảnh hưởng do các bệnh lý khác về tuần hoàn và hô hấp của mẹ
P00.7,"Thai nhi và trẻ sơ sinh bị ảnh hưởng do các thủ thuật nội khoa khác của mẹ, không phân loại nơi khác"
P00.5,Thai nhi và trẻ sơ sinh bị ảnh hưởng do mẹ bị chấn thương
P00.4,Thai nhi và trẻ sơ sinh bị ảnh hưởng do các rối loạn dinh dưỡng của mẹ
P00.8,Thai nhi và trẻ sơ sinh bị ảnh hưởng do các bệnh lý khác của mẹ
P03.2,Thai nhi và trẻ sơ sinh bị ảnh hưởng do đẻ fooc xep (Forceps)
P03.3,Thai nhi và trẻ sơ sinh bị ảnh hưởng do đẻ bằng giác hút
P03.0,Thai nhi và trẻ sơ sinh bị ảnh hưởng do đẻ và kéo thai trong ngôi mông
P03.1,"Thai nhi và trẻ sơ sinh bị ảnh hưởng do ngôi, thế bất thường, bất tương xứng trong chuyển dạ và trong đẻ"
P03.5,Thai nhi và trẻ sơ sinh bị ảnh hưởng do đẻ quá nhanh
P03.9,Thai nhi và trẻ sơ sinh bị ảnh hưởng do các biến chứng không xác định của chuyển dạ và cuộc đẻ
P03.8,Thai nhi và trẻ sơ sinh bị ảnh hưởng do các biến chứng khác được xác định của chuyển dạ và cuộc đẻ
P03.4,Thai nhi và trẻ sơ sinh bị ảnh hưởng do mổ lấy thai
P03.6,Thai nhi và trẻ sơ sinh bị ảnh hưởng do cơn co tử cung bất thường
P01.1,Thai nhi và trẻ sơ sinh bị ảnh hưởng do ối vỡ non
P01.4,Thai nhi và trẻ sơ sinh bị ảnh hưởng do thai ngoài tử cung
P01.8,Thai nhi và trẻ sơ sinh bị ảnh hưởng do các biến chứng thai kỳ khác của mẹ
P01.5,Thai nhi và trẻ sơ sinh bị ảnh hưởng do đa thai
P01.3,Thai nhi và trẻ sơ sinh bị ảnh hưởng do đa ối
P01.9,"Thai nhi và trẻ sơ sinh bị ảnh hưởng do các biến chứng thai kỳ của mẹ, không xác định"
P01.0,Thai nhi và trẻ sơ sinh bị ảnh hưởng do hở eo cổ tử cung
P01.6,Thai nhi và trẻ sơ sinh bị ảnh hưởng do tử vong mẹ
P01.2,Thai nhi và trẻ sơ sinh bị ảnh hưởng do thiểu ối
P01.7,Thai nhi và trẻ sơ sinh bị ảnh hưởng do ngôi bất thường trước khi chuyển dạ
P02.9,"Thai nhi và trẻ sơ sinh bị ảnh hưởng do các bất thường của màng rau, không xác định"
P02.7,Thai nhi và trẻ sơ sinh bị ảnh hưởng do nhiễm khuẩn ối
P02.5,Thai nhi và trẻ sơ sinh bị ảnh hưởng do các chèn ép khác của dây rốn
P02.3,Thai nhi và trẻ sơ sinh bị ảnh hưởng do hội chứng truyền máu trong bánh rau
P02.6,Thai nhi và trẻ sơ sinh bị ảnh hưởng do các tình trạng bệnh lý khác không xác định của dây rốn
P02.1,Thai nhi và trẻ sơ sinh bị ảnh hưởng do các hình thái bong rau và chảy máu khác
P02.2,Thai nhi và trẻ sơ sinh bị ảnh hưởng do các bất thường về hình thái và chức năng khác và không xác định của bánh rau
P02.8,Thai nhi và trẻ sơ sinh bị ảnh hưởng do các bất thường khác của màng rau
P02.0,Thai nhi và trẻ sơ sinh bị ảnh hưởng do rau tiền đạo
P02.4,Thai nhi và trẻ sơ sinh bị ảnh hưởng do sa dây rốn
P04.5,Thai nhi và trẻ sơ sinh bị ảnh hưởng do người mẹ sử dụng các hoá chất trong thực phẩm
P04.9,"Thai nhi và trẻ sơ sinh bị ảnh hưởng do các độc tố khác từ mẹ, không xác định"
P04.1,Thai nhi và trẻ sơ sinh bị ảnh hưởng do người mẹ dùng các thuốc khác
P04.0,"Thai nhi và trẻ sơ sinh bị ảnh hưởng do thuốc gây mê, gây tê trong khi có thai, trong lúc chuyển dạ và trong khi đẻ"
P04.8,Thai nhi và trẻ sơ sinh bị ảnh hưởng do các độc tố khác từ mẹ
P04.2,Thai nhi và trẻ sơ sinh bị ảnh hưởng do người mẹ hút thuốc lá
P04.6,Thai nhi và trẻ sơ sinh bị ảnh hưởng do người mẹ có tiếp xúc với các hoá chất trong môi trường
P04.3,Thai nhi và trẻ sơ sinh bị ảnh hưởng do người mẹ dùng rượu
P04.4,Thai nhi và trẻ sơ sinh bị ảnh hưởng do người mẹ nghiện thuốc
P81.9,Rối loạn điều nhiệt không xác định của trẻ sơ sinh
P81.0,Tăng thân nhiệt do môi trường của trẻ sơ sinh
P81.8,Rối loạn điều nhiệt xác định khác của trẻ sơ sinh
P83.4,Cương tức vú của trẻ sơ sinh
P83.2,Phù thai không do bệnh huyết tán
P83.6,Polyp rốn của trẻ sơ sinh
P83.9,Bệnh lý không xác định của da đặc hiệu cho thai và trẻ sơ sinh
P83.1,Đỏ da nhiễm độc của trẻ sơ sinh
P83.5,Ứ nước màng tinh hoàn bẩm sinh
P83.8,Các bệnh lý được định rõ khác của da đặc hiệu cho thai và trẻ sơ sinh
P83.3,Phù da khác và không xác định đặc hiệu cho thai và trẻ sơ sinh
P83.0,Cứng bì của trẻ sơ sinh
P80.0,Hội chứng tổn thương do lạnh
P80.9,Hạ thân nhiệt không xác định của trẻ sơ sinh
P80.8,Hạ thân nhiệt khác của trẻ sơ sinh
P23.0,Viêm phổi bẩm sinh do vi rút
P23.3,Viêm phổi bẩm sinh do liên cầu nhóm B
P23.5,Viêm phổi bẩm sinh do Pseudomonas
P23.4,Viêm phổi bẩm sinh do E Coli
P23.2,Viêm phổi bẩm sinh do tụ cầu
P23.1,Viêm phổi bẩm sinh do chlamydia
P23.6,Viêm phổi bẩm sinh do các vi khuẩn khác
P23.9,"Viêm phổi bẩm sinh, không xác định"
P23.8,Viêm phổi bẩm sinh do các mầm bệnh khác
P26.8,Các chảy máu phổi khác chu sinh
P26.9,Các chảy máu phổi chu sinh không xác định
P26.1,Chảy máu phổi nặng chu sinh
P26.0,Chảy máu khí phế quản chu sinh
P20.9,Giảm oxy máu của thai nhi trong tử cung không xác định
P20.0,Giảm oxy máu của thai nhi trong tử cung từ trước khi bắt đầu chuyển dạ
P20.1,Giảm oxy máu của thai nhi trong tử cung trong chuyển dạ và trong đẻ
P24.9,"Hội chứng hít của trẻ sơ sinh, không xác định"
P24.8,Các hội chứng hít khác của trẻ sơ sinh
P24.0,Sơ sinh hít phân su
P24.1,Sơ sinh hít nước ối và niêm dịch
P24.3,Sơ sinh hít (sặc) phải sữa và thức ăn trào lên
P24.2,Sơ sinh hít phải máu
P22.9,"Suy hô hấp của trẻ sơ sinh, không xác định"
P22.8,Suy hô hấp khác của trẻ sơ sinh
P22.0,Hội chứng suy hô hấp tiến triển ở trẻ sơ sinh
P22.1,Thở nhanh thoáng qua của trẻ sơ sinh
P25.0,Ứ khí tổ chức kẽ phổi khởi phát trong thời kỳ chu sinh
P25.3,Tràn khí màng tim chu sinh
P25.1,Tràn khí màng phổi chu sinh
P25.2,Tràn khí trung thất chu sinh
P25.8,Các bệnh lý khác liên quan đến ứ khí tổ chức kẽ phổi chu sinh
P27.0,Hội chứng Wilson- Mikity
P27.9,Các bệnh phổi mạn tính không xác định khởi phát trong thời kỳ chu sinh
P27.8,Các bệnh phổi mạn tính khác khởi phát trong thời kỳ chu sinh
P27.1,Loạn sản phế quản phổi khởi phát trong thời kỳ chu sinh
P28.9,"Bệnh lý hô hấp của trẻ sơ sinh, không xác định"
P28.8,Các bệnh lý hô hấp xác định khác của trẻ sơ sinh
P28.0,Xẹp phổi nguyên phát của trẻ sơ sinh
P28.5,Suy hô hấp ở trẻ sơ sinh
P28.3,Ngừng thở khi ngủ nguyên phát của trẻ sơ sinh
P28.4,Ngừng thở khác của trẻ sơ sinh
P28.2,Cơn tím tái của trẻ sơ sinh
P28.1,Xẹp phổi khác và không xác định của trẻ sơ sinh
P21.9,"Ngạt khi đẻ, không xác định"
P21.0,Ngạt nặng khi sinh
P21.1,Ngạt nhẹ và trung bình khi sinh
P29.9,Rối loạn tim mạch không xác định khởi phát trong thời kỳ chu sinh
P29.3,Tồn tại tuần hoàn thai nhi
P29.0,Suy tim sơ sinh
P29.2,Tăng huyết áp sơ sinh
P29.1,Loạn nhịp tim sơ sinh
P29.4,Thiếu máu cơ tim thoáng qua của trẻ sơ sinh
P29.8,Rối loạn tim mạch khác khởi phát trong thời kỳ chu sinh
P74.2,Rối loạn cân bằng natri của trẻ sơ sinh
P74.1,Mất nước của trẻ sơ sinh
P74.3,Rối loạn cân bằng kali của trẻ sơ sinh
P74.4,Rối loạn điện giải tạm thời khác của trẻ sơ sinh
P74.0,Toan chuyển hoá muộn của trẻ sơ sinh
P74.9,"Rối loạn chuyển hoá tạm thời của trẻ sơ sinh, không xác định"
P74.5,Tăng tyrosin máu tạm thời của trẻ sơ sinh
P74.8,Rối loạn chuyển hoá tạm thời khác của trẻ sơ sinh
P71.1,Hạ calci máu khác của sơ sinh
P71.2,Hạ magnesi máu của trẻ sơ sinh
P71.4,Suy tuyến cận giáp tạm thời ở trẻ sơ sinh
P71.0,Hạ calci máu khi dùng sữa bò của trẻ sơ sinh
P71.3,Tetany sơ sinh không do thiếu calci và magie
P71.8,Rối loạn tạm thời khác của chuyển hoá calci và magnesi ở trẻ sơ sinh
P71.9,Rối loạn tạm thời không đặc hiệu của chuyển hoá calci và magie ở trẻ sơ sinh
P70.3,Hạ đường huyết sơ sinh do thầy thuốc
P70.8,Rối loạn tạm thời khác của chuyển hoá hydrat cacbon ở thai và trẻ sơ sinh
P70.0,Hội chứng trẻ sơ sinh của bà mẹ bị đái tháo đường thai kỳ
P70.4,Hạ đường huyết sơ sinh khác
P70.9,Rối loạn tạm thời không đặc hiệu của chuyển hoá cacbon hydrat ở thai và trẻ sơ sinh
P70.2,Đái tháo đường sơ sinh
P70.1,Hội chứng trẻ sơ sinh của bà mẹ bị đái tháo đường
P72.8,Rối loạn nội tiết tạm thời đặc hiệu khác của trẻ sơ sinh
P72.9,"Rối loạn nội tiết tạm thời ở trẻ sơ sinh, không xác định"
P72.2,Rối loạn chức năng tuyến giáp tạm thời của trẻ sơ sinh không phân loại nơi khác
P72.1,Cường giáp sơ sinh tạm thời
P72.0,"Bướu giáp sơ sinh, không phân loại nơi khác"
P11.4,Tổn thương các dây thần kinh sọ khác do chấn thương khi sinh
P11.1,Tổn thương não khác được xác định do chấn thương khi sinh
P11.0,Phù não do chấn thương khi sinh
P11.5,Tổn thương cột sống và tuỷ sống do chấn thương khi sinh
P11.3,Tổn thương thần kinh mặt do chấn thương khi sinh
P11.9,"Tổn thương hệ thần kinh trung ương do chấn thương khi sinh, không xác định"
P11.2,Tổn thương não không xác định do chấn thương khi sinh
P14.3,Chấn thương khác của đám rối cánh tay khi sinh
P14.9,"Chấn thương hệ thần kinh ngoại vi khi sinh, không xác định"
P14.0,Liệt Erb do chấn thương khi sinh
P14.2,Liệt dây thần kinh hoành do chấn thương khi sinh
P14.8,Chấn thương các phần khác của hệ thần kinh ngoại vi khi sinh
P14.1,Liệt Klumpke do chấn thương khi sinh
P15.6,Hoại tử tổ chức mỡ dưới da do chấn thương khi sinh
P15.2,Chấn thương ức chũm khi sinh
P15.0,Chấn thương gan khi sinh
P15.9,Chấn thương khi sinh không xác định
P15.1,Chấn thương lách khi sinh
P15.8,Chấn thương khi sinh xác định khác
P15.4,Chấn thương mặt khi sinh
P15.3,Chấn thương mắt khi sinh
P15.5,Chấn thương bộ phận sinh dục ngoài khi sinh
P10.3,Xuất huyết dưới nhện do chấn thương khi sinh
P10.9,"Rách, vỡ và chảy máu nội sọ do chấn thương khi sinh không xác định"
P10.8,"Rách, vỡ và chảy máu nội sọ khác do chấn thương trong khi sinh"
P10.4,Rách lều não do chấn thương khi sinh
P10.2,Chảy máu trong não thất do chấn thương khi sinh
P10.1,Chảy máu não do chấn thương khi sinh
P10.0,Xuất huyết dưới màng cứng do chấn thương khi sinh
P13.8,Các chấn thương xương khác khi sinh
P13.0,Gãy [vỡ] xương sọ do chấn thương khi sinh
P13.2,Chấn thương xương đùi khi sinh
P13.9,"Chấn thương xương khi sinh, không xác định"
P13.1,Chấn thương khi sinh khác lên vòm sọ
P13.3,Chấn thương các xương dài khác khi sinh
P13.4,Gãy xương đòn do chấn thương khi sinh
P12.8,Chấn thương da đầu khác khi sinh
P12.4,Chấn thương da đầu trẻ sơ sinh do máy monitor
P12.0,Máu tụ dưới da đầu do chấn thương khi sinh
P12.9,"Chấn thương da đầu khi sinh, không xác định"
P12.3,Bầm tím da đầu do chấn thương khi sinh
P12.2,Chảy máu dưới cân ngoài sọ do chấn thương khi sinh
P12.1,Bong da đầu do chấn thương khi sinh
E13.7,Bệnh đái tháo đường xác định khác: có đa biến chứng
E13.5,Bệnh đái tháo đường xác định khác: có biến chứng mạch máu ngoại biên
E13.2†,Bệnh đái tháo đường xác định khác: có biến chứng thận
E13.6,Bệnh đái tháo đường xác định khác: có biến chứng xác định khác
E13.1,Bệnh đái tháo đường xác định khác: có nhiễm toan ceton
E13.9,Bệnh đái tháo đường xác định khác: chưa có biến chứng
E13.3†,Bệnh đái tháo đường xác định khác: có biến chứng mắt
E13.0,Bệnh đái tháo đường xác định khác: có hôn mê
E13.8,Bệnh đái tháo đường xác định khác: có biến chứng không xác định
E13.4†,Bệnh đái tháo đường xác định khác: có biến chứng thần kinh
E12.0,Bệnh đái tháo đường liên quan đến suy dinh dưỡng: có hôn mê
E12.8,Bệnh đái tháo đường liên quan đến suy dinh dưỡng: có biến chứng không xác định
E12.2†,Bệnh đái tháo đường liên quan đến suy dinh dưỡng: có biến chứng thận
E12.1,Bệnh đái tháo đường liên quan đến suy dinh dưỡng: có nhiễm toan ceton
E12.7,Bệnh đái tháo đường liên quan đến suy dinh dưỡng: có đa biến chứng
E12.6,Bệnh đái tháo đường liên quan đến suy dinh dưỡng: có biến chứng xác định khác
E12.5,Bệnh đái tháo đường liên quan đến suy dinh dưỡng: có biến chứng mạch máu ngoại biên
E12.9,Bệnh đái tháo đường liên quan đến suy dinh dưỡng: chưa có biến chứng
E12.4†,Bệnh đái tháo đường liên quan đến suy dinh dưỡng: có biến chứng thần kinh
E12.3†,Bệnh đái tháo đường liên quan đến suy dinh dưỡng: có biến chứng mắt
E11.9,Bệnh đái tháo đường type 2: chưa có biến chứng
E11.4†,Bệnh đái tháo đường type 2: có biến chứng thần kinh
E11.5,Bệnh đái tháo đường type 2: có biến chứng mạch máu ngoại biên
E11.3†,Bệnh đái tháo đường type 2: có biến chứng mắt
E11.7,Bệnh đái tháo đường type 2: có đa biến chứng
E11.0,Bệnh đái tháo đường type 2: có hôn mê
E11.6,Bệnh đái tháo đường type 2: có biến chứng xác định khác
E11.8,Bệnh đái tháo đường type 2: có biến chứng không xác định
E11.1,Bệnh đái tháo đường type 2: có nhiễm toan ceton
E11.2†,Bệnh đái tháo đường type 2: có biến chứng thận
E10.4†,Bệnh đái tháo đường type 1: có biến chứng thần kinh
E10.3†,Bệnh đái tháo đường type 1: có biến chứng mắt
E10.9,Bệnh đái tháo đường type 1: chưa có biến chứng
E10.8,Bệnh đái tháo đường type 1: có biến chứng không xác định
E10.2†,Bệnh đái tháo đường type 1: có biến chứng thận
E10.1,Bệnh đái tháo đường type 1: có nhiễm toan ceton
E10.5,Bệnh đái tháo đường type 1: có biến chứng mạch máu ngoại biên
E10.6,Bệnh đái tháo đường type 1: có biến chứng xác định khác
E10.0,Bệnh đái tháo đường type 1: có hôn mê
E10.7,Bệnh đái tháo đường type 1 (đa biến chứng)
E14.5,Đái tháo đường không đặc hiệu: có biến chứng mạch máu ngoại biên
E14.2†,Đái tháo đường không đặc hiệu: có biến chứng thận
E14.0,Đái tháo đường không đặc hiệu: có hôn mê
E14.6,Đái tháo đường không đặc hiệu: có biến chứng xác định khác
E14.4†,Đái tháo đường không đặc hiệu: có biến chứng thần kinh
E14.7,Đái tháo đường không đặc hiệu: có đa biến chứng
E14.9,Đái tháo đường không đặc hiệu: chưa có biến chứng
E14.3†,Đái tháo đường không đặc hiệu: có biến chứng mắt
E14.8,Đái tháo đường không đặc hiệu: có biến chứng không xác định
E14.1,Đái tháo đường không đặc hiệu: có nhiễm toan ceton
E66.0,Béo phì do thừa calo
E66.1,Béo phì do thuốc
E66.8,Béo phì khác
E66.2,Béo phì quá mức với giảm thông khí phế nang
E66.9,"Béo phì, không đặc hiệu"
E67.1,Tăng caroten máu
E67.2,Hội chứng Megavitamin- B6
E67.3,Thừa vitamin D
E67.0,Thừa vitamin A
E67.8,Thừa dinh dưỡng xác định khác
E79.1,Hội chứng Lesch- Nyhan
E79.8,Rối loạn khác của chuyển hoá purine and pyrimidine
E79.0,Tăng acid uric máu không có biểu hiện của viêm khớp và bệnh tạo sỏi
E79.9,Rối loạn chuyển hoá purine và pyrimidine không đặc hiệu
E70.1,Tăng phenylalanin máu khác
E70.2,Rối loạn chuyển hoá tyrosine
E70.9,"Rối loạn chuyển hoá acid amin thơm, không xác định."
E70.3,Bạch tạng
E70.8,Rối loạn chuyển hoá khác của acid amin thơm
E70.0,Phenyl- ceton niệu kinh điển
E85.8,Thoái hoá dạng bột khác
E85.9,"Thoái hoá dạng bột, không đặc hiệu"
E85.1,"Thoái hoá dạng bột mang tính di truyền gia đình, có bệnh lý thần kinh"
E85.2,"Thoái hoá dạng bột mang tính di truyền gia đình, không đặc hiệu"
E85.3,Thoái hoá dạng bột toàn thân thứ phát
E85.0,Thoái hoá dạng bột mang tính di truyền gia đình không có bệnh lý thần kinh
E85.4,Thoái hoá dạng bột giới hạn ở cơ quan
E73.9,"Không dung nạp lactose, không đặc hiệu"
E73.1,Thiếu men lactase thứ phát
E73.0,Thiếu men lactase bẩm sinh
E73.8,Không dung nạp lactose khác
E77.8,Rối loạn chuyển hoá glycoprotein khác
E77.0,Khiếm khuyết trong sự biến đổi sau chuyển mã của các men tiêu bào
E77.9,"Rối loạn chuyển hoá glycoprotein, không đặc hiệu"
E77.1,Khiếm khuyết trong quá trình phân huỷ glycoprotein
E80.5,Hội chứng Crigler- Najjar
E80.3,Khiếm khuyết men catalase và peroxidase
E80.7,"Rối loạn chuyển hoá bilirubin, không đặc hiệu"
E80.4,Hội chứng Glibert
E80.6,Rối loạn chuyển hoá bilirubin khác
E80.0,Rối loạn chuyển hoá porphyrin sinh hồng cầu di truyền
E80.1,Rối loạn chuyển hoá porphyrin biểu hiện muộn ở da
E80.2,Rối loạn chuyển hoá porphyrin máu khác
E75.1,Bệnh nhiễm gangliosid khác
E75.2,Rối loạn chuyển hoá sphingolipid khác
E75.0,Bệnh nhiễm gangliosid GM2
E75.5,Rối loạn tích luỹ lipid khác
E75.3,"Bệnh nhiễm sphingolipid, không đặc hiệu"
E75.6,"Rối loạn tích luỹ lipid, không đặc hiệu"
E75.4,Bệnh lý tích tụ lipofuscin ở neuron (NCL)
E89.6,Thiểu năng vỏ (- tuỷ) thượng thận sau phẫu thuật
E89.8,Rối loạn nội tiết và chuyển hoá sau phẫu thuật hoặc sau can thiệp khác
E89.9,"Rối loạn nội tiết và chuyển hoá sau phẫu thuật hoặc sau can thiệp, không đặc hiệu"
E89.4,Suy buồng trứng sau phẫu thuật hoặc sau can thiệp
E89.3,Suy tuyến yên sau phẫu thuật hoặc sau can thiệp
E89.0,Suy giáp sau phẫu thuật hoặc sau can thiệp
E89.2,Suy tuyến cận giáp sau phẫu thuật hoặc sau can thiệp
E89.5,Suy tinh hoàn sau phẫu thuật hoặc sau can thiệp
E89.1,Hạ Insulin máu sau phẫu thuật hoặc sau can thiệp
E78.0,Tăng cholesterol máu đơn thuần
E78.4,Tăng lipid máu khác
E78.3,Tăng chylomicron máu
E78.6,Thiếu Lipoprotein
E78.5,"Tăng lipid máu, không đặc hiệu"
E78.9,Rối loạn chuyển hoá lipoprotein không đặc hiệu
E78.8,Rối loạn chuyển hoá lipoprotein khác
E78.2,Tăng lipid máu hỗn hợp
E78.1,Tăng triglycerid máu đơn thuần
E74.0,Rối loạn dự trữ Glycogen
E74.1,Rối loạn chuyển hoá fructose
E74.9,"Rối loạn chuyển hoá carbohydrat, không đặc hiệu"
E74.4,Rối loạn chuyển hoá pyruvat và tân tạo glucose
E74.2,Rối loạn chuyển hoá galactose
E74.8,Rối loạn xác định khác của chuyển hoá carbohydrat
E74.3,Rối loạn khác của hấp thu carbohydrat ở ruột non
E76.8,Rối loạn chuyển hoá glucosaminoglycan khác
E76.9,Rối loạn chuyển hoá glucosaminoglycan không đặc hiệu
E76.3,"Bệnh rối loạn chuyển hoá dự trữ thể tiêu bào (mucopolysaccharidosis), không đặc hiệu"
E76.0,"Bệnh rối loạn chuyển hoá dự trữ thể tiêu bào (mucopolysaccharidosis), type I"
E76.1,"Bệnh rối loạn chuyển hoá dự trữ thể tiêu bào (mucopolysaccharidosis), type II"
E76.2,Bệnh rối loạn chuyển hoá dự trữ thể tiêu bào (mucopolysaccharidosis) khác
E83.0,Rối loạn chuyển hoá đồng (bao gồm cả bệnh Wilson)
E83.9,"Rối loạn chuyển hoá chất khoáng, không đặc hiệu"
E83.3,Rối loạn chuyển hoá phospho và phosphatase
E83.1,Rối loạn chuyển hoá sắt
E83.5,Rối loạn chuyển hoá calci
E83.8,Rối loạn chuyển hoá chất khoáng khác
E83.4,Rối loạn chuyển hoá magnie
E83.2,Rối loạn chuyển hoá kẽm
E87.3,Nhiễm kiềm
E87.5,Tăng kali máu
E87.4,Rối loạn cân bằng kiềm toan phối hợp
E87.2,Nhiễm toan
E87.1,Giảm áp suất thẩm thấu và giảm Na máu
E87.6,Hạ kali máu
E87.8,"Rối loạn khác về cân bằng điện giải và nước, không phân loại nơi khác"
E87.7,Quá tải dịch
E87.0,Tăng áp suất thẩm thấu và tăng natri máu
E84.9,"Xơ nang, không đặc hiệu"
E84.1,Xơ nang với biểu hiện tại ruột
E84.8,Xơ nang với các biểu hiện khác
E84.0,Xơ nang với biểu hiện tại phổi
E71.3,Các rối loạn chuyển hoá acid béo
E71.2,"Rối loạn chuyển hoá acid amin chuỗi phân nhánh, không đặc hiệu"
E71.1,Rối loạn khác của chuyển hoá acid amin chuỗi nhánh
E71.0,Bệnh nước tiểu mùi sirô phong (Maple- syrup)
E88.3,Hội chứng ly giải khối u
E88.0,"Rối loạn chuyển hoá protein huyết tương, không phân loại nơi khác"
E88.2,"Bệnh u mỡ, không phân loại nơi khác"
E88.9,"Rối loạn chuyển hoá, không đặc hiệu"
E88.1,"Loạn dưỡng mỡ, không phân loại nơi khác"
E88.8,Rối loạn chuyển hoá xác định khác
E72.0,Rối loạn vận chuyển acid amin
E72.4,Rối loạn chuyển hoá ornithine
E72.1,Rối loạn chuyển hoá acid amin chứa sulfur
E72.3,Rối loạn chuyển hoá lysine và hydroxylysine
E72.5,Rối loạn chuyển hoá glycine
E72.8,Rối loạn xác định khác của chuyển hoá acid amin
E72.2,Rối loạn chuyển hoá chu trình urê
E72.9,"Rối loạn chuyển hoá acid amin, không đặc hiệu"
E35.8*,Rối loạn của các tuyến nội tiết khác trong các bệnh phân loại nơi khác
E35.0*,Rối loạn tuyến giáp trong các bệnh không phân loại nơi khác
E35.1*,Rối loạn tuyến thượng thận trong các bệnh phân loại nơi khác
E27.4,Thiểu năng vỏ thượng thận khác và không đặc hiệu
E27.9,"Rối loạn tuyến thượng thận, không đặc hiệu"
E27.0,Tăng hoạt động vỏ thượng thận khác
E27.3,Thiểu năng vỏ thượng thận do thuốc
E27.8,Rối loạn xác định khác của tuyến thượng thận
E27.5,Cường năng tuỷ thượng thận
E27.1,Thiểu năng vỏ thượng thận nguyên phát
E27.2,Cơn Addison
E22.2,Hội chứng tiết hormon kháng bài niệu (ADH) không thích hợp
E22.8,Cường năng khác của tuyến yên
E22.1,Tăng prolactin máu
E22.0,Bệnh to đầu chi và chứng khổng lồ do tuyến yên (M14.5*)
E22.9,"Cường năng tuyến yên, không đặc hiệu"
E20.8,Suy tuyến cận giáp khác
E20.0,Suy tuyến cận giáp không rõ nguyên nhân
E20.1,Giả suy tuyến cận giáp
E20.9,"Suy tuyến cận giáp, không đặc hiệu"
E24.2,Hội chứng Cushing do thuốc
E24.1,Hội chứng Nelson
E24.0,Bệnh Cushing phụ thuộc tuyến yên
E24.8,Hội chứng Cushing khác
E24.9,"Hội chứng Cushing, không đặc hiệu"
E24.4,Hội chứng Cushing giả do rượu
E24.3,Hội chứng ACTH lạc chỗ
E25.9,"Rối loạn thượng thận- sinh dục, không đặc hiệu"
E25.0,Rối loạn thượng thận- sinh dục bẩm sinh kết hợp với thiếu enzym
E25.8,Rối loạn khác của thượng thận- sinh dục
E29.0,Cường năng tinh hoàn
E29.8,Rối loạn chức năng tinh hoàn khác
E29.1,Thiểu năng tinh hoàn
E29.9,"Rối loạn chức năng tinh hoàn, không đặc hiệu"
E21.3,"Cường cận giáp, không đặc hiệu"
E21.2,Cường cận giáp cấp 3
E21.4,Rối loạn xác định khác của tuyến cận giáp
E21.5,"Rối loạn tuyến cận giáp, không đặc hiệu"
E21.0,Cường cận giáp nguyên phát
E21.1,Cường cận giáp thứ phát không phân loại nơi khác
E34.3,"Vóc dáng lùn, không phân loại nơi khác"
E34.8,Rối loạn nội tiết xác định khác
E34.9,"Rối loạn nội tiết, không đặc hiệu"
E34.1,Tăng tiết khác của hormon ruột
E34.5,Hội chứng không nhạy cảm Androgen
E34.4,Thể tạng cao
E34.0,Hội chứng carcinoid
E34.2,"Tiết hormon lạc chỗ, không phân loại nơi khác"
E26.8,Cường aldosterone khác
E26.0,Cường aldosterone nguyên phát
E26.9,"Cường aldosterone, không đặc hiệu"
E26.1,Cường aldosterone thứ phát
E31.8,Rối loạn chức năng đa tuyến khác
E31.1,Bệnh đa u tuyến nội tiết
E31.9,"Rối loạn chức năng đa tuyến, không đặc hiệu"
E31.0,Suy đa tuyến tự miễn
E28.3,Suy buồng trứng nguyên phát
E28.9,"Rối loạn chức năng buồng trứng, không đặc hiệu"
E28.0,Thừa estrogen
E28.8,Rối loạn chức năng buồng trứng khác
E28.1,Thừa androgen
E28.2,Hội chứng buồng trứng đa nang
E30.0,Phát triển đặc tính sinh dục muộn
E30.9,"Rối loạn dậy thì, không đặc hiệu"
E30.8,Rối loạn dậy thì khác
E30.1,Dậy thì sớm
E23.3,"Rối loạn chức năng vùng dưới đồi, không phân loại nơi khác"
E23.0,Suy tuyến yên
E23.7,"Rối loạn tuyến yên, không đặc hiệu"
E23.6,Rối loạn khác của tuyến yên
E23.1,Suy tuyến yên do thuốc
E23.2,Đái tháo nhạt
E32.1,Áp xe tuyến ức
E32.8,Bệnh tuyến ức khác
E32.9,Bệnh tuyến ức không đặc hiệu
E32.0,Tăng sản tuyến ức kéo dài
E53.9,"Thiếu vitamin B, không đặc hiệu"
E53.0,Thiếu riboflavin
E53.8,Thiếu các vitamin nhóm B đặc hiệu khác
E53.1,Thiếu pyridoxine
E55.0,"Còi xương, tiến triển"
E55.9,"Thiếu vitamin D, không xác định"
E63.9,"Thiếu dinh dưỡng, không đặc hiệu"
E63.8,Thiếu dinh dưỡng đặc hiệu khác
E63.1,Mất cân đối trong thành phần thức ăn
E63.0,Thiếu acid béo cần thiết [EFA)
E50.9,"Thiếu vitamin A, không đặc hiệu"
E50.1,Vết Bitot và khô kết mạc do thiếu vitamin A
E50.7,Biểu hiện khác ở mắt do thiếu vitamin A
E50.6,Khô giác mạc có sẹo do thiếu vitamin A
E50.2,Khô giác mạc do thiếu vitamin A
E50.5,Quáng gà do thiếu Vitamin A
E50.3,Loét và khô giác mạc do thiếu vitamin A
E50.4,Nhuyễn giác mạc do thiếu vitamin A
E50.0,Khô kết mạc do thiếu vitamin A
E50.8,Biểu hiện khác của thiếu vitamin A
E56.1,Thiếu vitamin K
E56.8,Thiếu các vitamin khác
E56.0,Thiếu vitamin E
E56.9,"Thiếu vitamin, không đặc hiệu"
E61.7,Thiếu nhiều yếu tố dinh dưỡng
E61.4,Thiếu crôm
E61.2,Thiếu magie
E61.1,Thiếu sắt
E61.0,Thiếu đồng
E61.5,Thiếu molypđen
E61.6,Thiếu vanadin
E61.8,Thiếu các yếu tố dinh dưỡng xác định khác
E61.3,Thiếu mangan
E61.9,Thiếu các yếu tố dinh dưỡng không đặc hiệu
E51.9,"Thiếu thiamine, không đặc hiệu"
E51.8,Biểu hiện khác của thiếu thiamine
E51.1,Bệnh tê phù do thiếu thiamine
E51.2,Bệnh lý não Wernicke
E64.3,Di chứng của bệnh còi xương
E64.9,Di chứng của thiếu dinh dưỡng không đặc hiệu
E64.2,Di chứng của thiếu vitamin C
E64.1,Di chứng của thiếu vitamin A
E64.8,Di chứng của bệnh thiếu dinh dưỡng khác
E64.0,Di chứng của suy dinh dưỡng do thiếu protein- năng lượng
E16.3,Tăng tiết glucagon
E16.0,"Hạ đường máu do thuốc, không hôn mê"
E16.9,"Rối loạn bài tiết của tuyến tuỵ nội tiết, không xác định"
E16.4,Tiết gastrin bất thường
E16.8,Rối loạn xác định khác của- bài tiết của tuyến tuỵ nội tiết
E16.2,Hạ đường máu không đặc hiệu
E16.1,Hạ đường máu khác
E01.0,Bướu giáp lan toả (địa phương)- liên quan đến thiếu iod
E01.1,Bướu giáp đa nhân (địa phương) do thiếu iod
E01.2,"Bướu giáp (địa phương) do thiếu iod, không đặc hiệu"
E01.8,Suy giáp mắc phải do thiếu iod không xác định
E07.1,Bướu giáp do rối loạn sinh hormon
E07.8,Rối loạn được xác định khác của tuyến giáp
E07.0,Tăng tiết calcitonin
E07.9,"Rối loạn tuyến giáp, không đặc hiệu"
E04.0,Bướu giáp lan toả không độc
E04.1,Bướu giáp đơn nhân không độc
E04.2,Bướu giáp đa nhân không độc
E04.8,Bướu giáp không độc đặc hiệu khác
E04.9,"bướu giáp không độc, không đặc hiệu"
E03.0,Suy giáp bẩm sinh với bướu lan toả
E03.9,"Suy giáp, không đặc hiệu"
E03.1,Suy giáp bẩm sinh không có bướu
E03.8,Suy giáp xác định khác
E03.4,Teo tuyến giáp (mắc phải)
E03.5,Hôn mê phù niêm
E03.3,Suy giáp sau nhiễm trùng
E03.2,Suy giáp do thuốc và chất ngoại sinh khác
E05.2,Nhiễm độc giáp với bướu giáp đa nhân độc
E05.3,Nhiễm độc giáp từ mô giáp lạc chỗ
E05.0,Nhiễm độc giáp với bướu lan toả
E05.4,Nhiễm độc giáp do thuốc
E05.1,Nhiễm độc giáp với bướu giáp đơn nhân độc
E05.8,Nhiễm độc giáp khác
E05.5,Cơn cường giáp cấp hay cơn bão giáp
E05.9,"Nhiễm độc giáp, không đặc hiệu"
E00.9,"Hội chứng thiếu iod bẩm sinh, không đặc hiệu"
E00.1,"Hội chứng thiếu iod bẩm sinh, thể phù niêm"
E00.2,"Hội chứng thiếu iod bẩm sinh, thể phối hợp"
E00.0,"Hội chứng thiếu iod bẩm sinh, thể thần kinh"
E06.2,Viêm giáp mạn với nhiễm độc giáp thoáng qua
E06.5,Viêm giáp mạn tính khác
E06.0,Viêm giáp cấp
E06.1,Viêm giáp bán cấp
E06.3,Viêm giáp tự miễn
E06.4,Viêm giáp do thuốc
E06.9,Viêm giáp không đặc hiệu
E44.0,Suy dinh dưỡng vừa do thiếu protein năng lượng
E44.1,Suy dinh dưỡng nhẹ do thiếu protein năng lượng
U08.9,"Tiền sử bản thân mắc COVID- 19, không xác định"
U04.9,"Hội chứng suy hô hấp cấp tính nặng [SARS], không xác định"
U09.9,"Bệnh lý sau khỏi COVID- 19, không xác định"
U10.9,"Hội chứng viêm đa cơ quan liên quan đến COVID- 19, không xác định"
U11.9,"Tiêm phòng COVID- 19, không xác định"
U07.2,"COVID- 19, chưa xác định vi rút"
U07.1,"COVID- 19, xác định có vi rút"
U07.0,Rối loạn liên quan sử dụng thuốc lá điện tử
U12.9,"Vắc xin COVID- 19 gây tác dụng phụ [ADR] trong điều trị, không xác định"
U84.9,Kháng các thuốc kháng vi sinh vật không xác định
U84.1,Kháng (các) thuốc chống nấm
U84.7,Kháng đa thuốc kháng vi sinh vật
U84.2,Kháng (các) thuốc kháng vi rút
U84.3,Kháng (các) thuốc chống lao
U84.0,Kháng (các) thuốc diệt ký sinh trùng
U84.8,Kháng thuốc kháng vi sinh vật xác định khác
U83.2,Kháng nhóm quinolon
U83.7,Kháng đa kháng sinh
U83.9,Kháng kháng sinh không xác định
U83.0,Kháng vancomycin
U83.1,Kháng các kháng sinh thuộc họ vancomycin khác
U83.8,"Kháng một loại kháng sinh xác định, khác"
U82.9,"Kháng kháng sinh họ betalactam, không xác định"
U82.1,Kháng methicillin
U82.0,Kháng penicillin
U82.8,Kháng kháng sinh họ betalactam khác
Q03.8,Não úng thuỷ bẩm sinh khác
Q03.1,Khuyết lỗ Magendie và Luschka
Q03.9,"Não úng thuỷ bẩm sinh, không đặc hiệu"
Q03.0,Dị tật kênh Sylvius
Q01.1,Thoát vị não qua vùng mũi trán
Q01.9,Thoát vị não không đặc hiệu
Q01.8,Thoát vị não ở những vị trí khác
Q01.2,Thoát vị não vùng chẩm
Q01.0,Thoát vị não thuỳ trán
Q00.2,Tật thoát vị não chẩm
Q00.1,Tật nứt sọ- cột sống
Q00.0,Tật không có não
Q06.2,Dị tật bẩm sinh dọc tuỷ sống
Q06.0,Tật không có tuỷ sống
Q06.3,Các dị tật bẩm sinh khác ở vùng đuôi ngựa
Q06.4,Ứ nước ống nội tuỷ
Q06.8,Dị tật bẩm sinh tuỷ sống đặc hiệu khác
Q06.9,"Dị tật bẩm sinh của thừng tuỷ sống, không đặc hiệu"
Q06.1,Thiểu sản và loạn sản thừng cột sống
Q05.8,Nứt đốt cùng cụt không có não úng thuỷ
Q05.0,Nứt đốt sống cổ với não úng thuỷ
Q05.6,Nứt đốt sống ngực không có não úng thuỷ
Q05.9,Nứt đốt sống không đặc hiệu
Q05.7,Nứt đốt sống thắt lưng không có não úng thuỷ
Q05.3,Nứt đốt cùng cụt với não úng thuỷ
Q05.4,Nứt đốt sống không đặc hiệu với não úng thuỷ
Q05.1,Nứt đốt sống ngực với não úng thuỷ
Q05.5,Nứt đốt sống cổ không có não úng thuỷ
Q05.2,Nứt đốt sống thắt lưng với não úng thuỷ
Q07.8,Dị tật bẩm sinh của hệ thần kinh đặc hiệu khác
Q07.0,Hội chứng Arnold Chiari
Q07.9,"Dị tật bẩm sinh hệ thần kinh, không đặc hiệu"
Q04.3,Khuyết tật khác của não
Q04.2,Tật toàn bộ não trước
Q04.0,Các dị tật bẩm sinh thể chai
Q04.5,Tật não to
Q04.9,"Dị tật bẩm sinh não, không đặc hiệu"
Q04.1,Tật không khứu não
Q04.6,Nang nước não bẩm sinh
Q04.4,Loạn sản vách ngăn thần kinh thị giác
Q04.8,Dị tật bẩm sinh đặc hiệu khác của não
Q64.6,Túi thừa bẩm sinh của bàng quang
Q64.4,Dị tật ống niệu rốn
Q64.0,Lỗ tiểu lệch cao
Q64.7,Các dị tật bẩm sinh khác của bàng quang và niệu đạo
Q64.1,Bàng quang lộ ngoài
Q64.9,Dị tật bẩm sinh của hệ tiết niệu không đặc hiệu
Q64.3,Teo và hẹp niệu đạo và cổ bàng quang bẩm sinh khác
Q64.8,Các dị tật bẩm sinh đặc hiệu khác của hệ tiết niệu
Q64.2,Van niệu đạo sau bẩm sinh
Q64.5,Không có bẩm sinh bàng quang và niệu đạo
Q60.6,Hội chứng Potter
Q60.4,Giảm sản thận hai bên
Q60.1,Không có thận cả hai bên
Q60.2,Không có thận không đặc hiệu
Q60.5,Giảm sản thận không đặc hiệu
Q60.0,Không có thận một bên
Q60.3,Giảm sản thận một bên
Q63.0,Thận phụ
Q63.2,Thận lạc chỗ
Q63.3,Thận khổng lồ và tăng sản
Q63.9,Dị tật bẩm sinh của thận không đặc hiệu
Q63.8,Các dị tật bẩm sinh đặc hiệu khác của thận
Q63.1,"Thận móng ngựa, thận dính, thận phân thuỳ"
Q61.1,"Bệnh thận đa nang, di truyền lặn trên nhiễm sắc thể thường"
Q61.0,Nang thận đơn bẩm sinh
Q61.3,Thận đa nang không đặc hiệu
Q61.2,"Bệnh thận đa nang, di truyền trội trên nhiễm sắc thể thường"
Q61.5,Nang ở tuỷ thận
Q61.8,Các loại bệnh nang thận khác
Q61.9,Bệnh nang thận không đặc hiệu
Q61.4,Loạn sản thận
Q62.6,Thay đổi vị trí của niệu quản
Q62.3,Các bệnh lý tắc khác của bể thận và niệu quản
Q62.0,Ứ nước thận bẩm sinh
Q62.8,Các dị tật bẩm sinh khác của niệu quản
Q62.7,Trào ngược bàng quang- niệu quản- thận
Q62.4,Không có niệu quản
Q62.2,Phình to niệu quản bẩm sinh
Q62.1,Teo và hẹp niệu quản
Q62.5,Niệu quản đôi
Q36.1,Khe hở giữa môi
Q36.0,"Khe hở môi, hai bên"
Q36.9,"Khe hở môi, một bên"
Q35.9,"Khe hở vòm miệng, không đặc hiệu, một bên"
Q35.5,Khe hở vòm miệng cứng và mềm
Q35.1,Khe hở vòm miệng cứng
Q35.3,Khe hở vòm miệng mềm
Q35.7,Khe hở lưỡi gà
Q37.0,Khe hở vòm miệng cứng kết hợp với khe hở môi hai bên
Q37.3,Khe hở vòm miệng mềm kết hợp với khe hở môi một bên
Q37.5,"Khe hở vòm miệng cứng và mềm, kết hợp với khe hở môi một bên"
Q37.4,"Khe hở vòm miệng cứng và mềm, kết hợp với khe hở môi hai bên"
Q37.2,Khe hở vòm miệng mềm kết hợp với khe hở môi hai bên
Q37.1,Khe hở vòm miệng cứng kết hợp với khe hở môi một bên
Q37.8,Khe hở vòm miệng không xác định và khe hở môi hai bên
Q37.9,Khe hở vòm miệng không xác định và khe hở môi một bên
Q34.8,Các dị tật đường hô hấp bẩm sinh đặc hiệu khác
Q34.1,Kén trung thất bẩm sinh
Q34.9,Bất thường bẩm sinh bộ máy hô hấp không đặc hiệu
Q34.0,Bất thường ở màng phổi
Q33.1,Phổi có thuỳ phụ
Q33.3,Bất sản phổi
Q33.6,Thiểu sản và loạn sản phổi
Q33.4,Giãn phế quản bẩm sinh
Q33.9,Các dị tật bẩm sinh khác của phổi không đặc hiệu
Q33.0,Nang phổi bẩm sinh
Q33.8,Các dị tật bẩm sinh khác của phổi
Q33.2,Phổi biệt lập
Q33.5,Lạc chỗ của một tổ chức khác tại phổi
Q31.8,Các dị tật bẩm sinh khác của thanh quản
Q31.5,Nhược cơ thanh quản bẩm sinh
Q31.3,Thoát vị thanh quản
Q31.9,"Bất thường thanh quản bẩm sinh, không đặc hiệu"
Q31.1,Hẹp hạ thanh môn bẩm sinh
Q31.2,Thiểu sản thanh quản
Q31.0,Màng thanh quản
Q32.3,Hẹp phế quản bẩm sinh
Q32.4,Các bất thường bẩm sinh khác của phế quản
Q32.2,Nhuyễn phế quản bẩm sinh
Q32.0,Nhuyễn khí quản bẩm sinh
Q32.1,Các bất thường khác của khí quản
Q30.2,"Mũi có rãnh, có lõm hoặc nứt kẽ"
Q30.1,Bất sản và kém phát triển mũi
Q30.9,"Bất thường bẩm sinh ở mũi, không đặc hiệu"
Q30.3,Thủng vách ngăn mũi bẩm sinh
Q30.8,Các dị tật bẩm sinh khác ở mũi
Q30.0,Teo cửa mũi sau
Q41.1,"Không có, teo và hẹp hỗng tràng bẩm sinh"
Q41.0,"Không có, teo và hẹp hành tá tràng bẩm sinh"
Q41.2,"Không có, teo và hẹp hồi tràng bẩm sinh"
Q41.8,"Không có, teo và hẹp mọt phần tiểu tràng xác định khác bẩm sinh"
Q41.9,"Không có, teo và hẹp tiểu tràng phần không xác định"
Q44.1,Các dị tật bẩm sinh khác của túi mật
Q44.6,Các bệnh nang của gan
Q44.0,"Không phát triển, bất sản và giảm sản túi mật"
Q44.2,Teo đường mật
Q44.4,U nang ống mật chủ
Q44.3,Hẹp và hẹp khít bẩm sinh khác của đường mật
Q44.5,Các dị tật bẩm sinh khác của đường mật
Q44.7,Các dị tật bẩm sinh khác của gan
Q42.2,"Không có, teo và hẹp bẩm sinh hậu môn có đường rò"
Q42.0,"Không có, teo và hẹp bẩm sinh trực tràng có đường rò"
Q42.1,"Không có, teo và hẹp bẩm sinh trực tràng không có đường rò"
Q42.9,"Không có, teo và hẹp bẩm sinh đại tràng, phần không xác định"
Q42.3,"Không có, teo và hẹp bẩm sinh hậu môn không có đường rò"
Q42.8,"Không có, teo và hẹp bẩm sinh các phần khác của đại tràng"
Q43.4,Ruột đôi
Q43.7,Tồn tại ổ nhớp
Q43.0,Túi thừa Meckel
Q43.8,Các dị tật bẩm sinh đặc hiệu khác của ruột
Q43.9,"Dị tật bẩm sinh ruột, không đặc hiệu"
Q43.2,Rối loạn chức năng bẩm sinh khác của đại tràng
Q43.5,Hậu môn lạc chỗ
Q43.6,Đường rò bẩm sinh của hậu môn và trực tràng
Q43.3,Các dị tật cố định bẩm sinh ở ruột
Q43.1,Bệnh Hirschsprung
Q39.5,Giãn thực quản bẩm sinh
Q39.2,"Đường rò thực quản- khí quản bẩm sinh, không có, teo thực quản"
Q39.8,Các dị tật bẩm sinh khác của thực quản
Q39.0,Teo thực quản không có đường rò
Q39.6,Túi thừa thực quản
Q39.9,"Dị tật bẩm sinh của thực quản, không đặc hiệu"
Q39.1,Teo thực quản có đường rò thực quản- khí quản
Q39.3,Hẹp và hẹp khít thực quản bẩm sinh
Q39.4,Màng dính thực quản bẩm sinh
Q45.9,"Dị tật bẩm sinh của hệ tiêu hoá, không đặc hiệu"
Q45.1,Tuỵ hình vòng
Q45.2,Nang tuỵ bẩm sinh
Q45.8,Các dị tật bẩm sinh đặc hiệu khác của hệ tiêu hoá
Q45.3,Các dị tật bẩm sinh khác của tuỵ và ống tuỵ
Q45.0,"Không phát triển, bất sản và giảm sản tuỵ"
Q40.9,Dị tật bẩm sinh không đặc hiệu của đường tiêu hoá trên
Q40.2,Các dị tật bẩm sinh đặc hiệu khác của dạ dày
Q40.1,Thoát vị khe thực quản bẩm sinh
Q40.8,Các dị tật bẩm sinh đặc hiệu khác của đường tiêu hoá trên
Q40.3,Dị tật bẩm sinh của dạ dày không đặc hiệu
Q40.0,Hẹp phì đại môn vị bẩm sinh
Q38.7,Túi họng
Q38.4,Các dị tật bẩm sinh của các tuyến và ống dẫn nước bọt
Q38.1,Dính lưỡi
Q38.0,"Các dị tật bẩm sinh của môi, không phân loại nơi khác"
Q38.2,Lưỡi to
Q38.8,Các dị tật bẩm sinh khác của họng
Q38.5,"Các dị tật bẩm sinh của vòm miệng, không phân loại nơi khác"
Q38.3,Các dị tật bẩm sinh khác của lưỡi
Q38.6,Các dị tật bẩm sinh khác của miệng
Q17.3,Dị tật khác của tai
Q17.9,Dị tật bẩm sinh tai không đặc hiệu
Q17.2,Dị tật tai nhỏ
Q17.1,Dị tật tai to
Q17.5,Dị tật tai vểnh [tai dơi]
Q17.4,Dị tật tai ở vị trí bất thường
Q17.8,Những dị tật bẩm sinh đặc hiệu khác của tai
Q17.0,Dị tật tai phụ
Q15.0,Glocom (tăng nhãn áp) bẩm sinh
Q15.9,"Dị tật bẩm sinh mắt, không đặc hiệu"
Q15.8,Các dị tật bẩm sinh mắt đặc hiệu khác
Q16.4,Các dị tật bẩm sinh của tai giữa
Q16.3,Dị dạng xương con bẩm sinh
Q16.9,Dị tật bẩm sinh ở tai gây ảnh hưởng tới thính lực không đặc hiệu
Q16.0,Dị tật thiếu tai ngoài bẩm sinh
Q16.1,"Thiếu, teo hoặc chít hẹp bẩm sinh ống tai ngoài"
Q16.5,Dị dạng tai trong bẩm sinh
Q16.2,Không có vòi Eustache
Q10.3,Các dị tật mi mắt bẩm sinh khác
Q10.7,Dị tật bẩm sinh hố mắt
Q10.6,Các dị tật bẩm sinh khác của ống dẫn lệ
Q10.4,Không có hoặc vô sản bộ phận liên quan đến nước mắt
Q10.2,Quặm bẩm sinh
Q10.0,Sụp mi bẩm sinh
Q10.1,Lật mi bẩm sinh
Q10.5,Hẹp hoặc chít hẹp ống dẫn lệ bẩm sinh
Q12.9,"Các dị tật thể thuỷ tinh bẩm sinh, không đặc hiệu"
Q12.8,Các dị tật bẩm sinh khác của thể thuỷ tinh
Q12.3,Thiếu thể thuỷ tinh bẩm sinh
Q12.1,Lệch thể thuỷ tinh bẩm sinh
Q12.0,Đục thể thuỷ tinh bẩm sinh
Q12.4,Thể thuỷ tinh hình cầu
Q12.2,Khuyết thể thuỷ tinh
Q18.8,Các dị tật bẩm sinh đặc hiệu khác ở mặt và cổ
Q18.3,Màng da cổ
Q18.4,Tật mồm rộng
Q18.9,"Dị tật bẩm sinh ở mặt và cổ, không đặc hiệu"
Q18.6,Phì đại môi bẩm sinh
Q18.7,Thiểu sản môi
Q18.2,Dị tật khe mang khác
Q18.0,"Xoang, rò và nang khe mang"
Q18.1,Rò luân nhĩ
Q18.5,Tật mồm nhỏ
Q11.1,Các tật không có mắt khác
Q11.3,Dị tật mắt to
Q11.2,Dị tật mắt bé
Q11.0,Nhãn cầu dạng túi
Q14.2,Dị tật bẩm sinh đĩa thị giác
Q14.8,Các dị tật bẩm sinh khác ở phần sau của mắt
Q14.1,Dị tật bẩm sinh võng mạc
Q14.0,Dị tật bẩm sinh dịch kính
Q14.9,"Dị tật bẩm sinh ở phần sau của mắt, không đặc hiệu"
Q14.3,Dị tật bẩm sinh màng mạch
Q13.3,Đục giác mạc bẩm sinh
Q13.0,Tật khuyết mống mắt
Q13.1,Tật không có mống mắt
Q13.9,"Dị tật bẩm sinh phần trước nhãn cầu, không đặc hiệu"
Q13.8,Các dị tật bẩm sinh khác ở phần trước nhãn cầu
Q13.4,Các dị tật bẩm sinh khác của giác mạc
Q13.5,Củng mạc xanh
Q13.2,Các dị tật bẩm sinh khác của mống mắt
Q76.0,Đốt sống tách đôi kín đáo
Q76.4,"Các dị tật bẩm sinh khác của xương sống, không liên quan đến vẹo cột sống"
Q76.2,Khuyết eo đốt sống bẩm sinh
Q76.5,Xương sườn cổ
Q76.8,Các dị tật bẩm sinh khác của xương ngực
Q76.1,Hội chứng Klippel- Feil
Q76.6,Các dị tật bẩm sinh khác ở vùng cổ
Q76.7,Dị tật bẩm sinh của xương ức
Q76.9,Các dị tật bẩm sinh của xương ngực không đặc hiệu
Q76.3,Vẹo cột sống bẩm sinh do dị tật xương bẩm sinh
Q67.4,"Các biến dạng bẩm sinh khác của sọ, mặt và xương hàm"
Q67.7,Ngực lồi
Q67.3,Tật sọ nghiêng
Q67.5,Biến dạng cột sống bẩm sinh
Q67.2,Đầu dài
Q67.0,Mất cân đối mặt
Q67.1,Mặt bị ép
Q67.8,Các biến dạng bẩm sinh khác của ngực
Q67.6,Ngực lõm
Q75.2,Chứng quá cách xa
Q75.1,Loạn phát xương sọ mặt
Q75.9,Dị tật bẩm sinh của xương sọ và xương mặt
Q75.3,Tật đầu to
Q75.5,Loạn phát xương mặt- hàm
Q75.4,Loạn phát xương hàm mặt
Q75.8,Các dị tật bẩm sinh đặc hiệu khác của xương sọ và mặt
Q75.0,Liền sớm khớp sọ
Q66.1,Bàn chân gót vẹo vào trong
Q66.7,Bàn chân lõm
Q66.8,Các biến dạng bẩm sinh khác của bàn chân
Q66.4,Bàn chân gót vẹo ra ngoài
Q66.5,Bàn chân bẹt bẩm sinh
Q66.2,Xương đốt bàn chân vẹo vào trong
Q66.3,Các biến dạng vẹo vào trong bẩm sinh khác của bàn chân
Q66.9,"Biến dạng bẩm sinh của bàn chân, không đặc hiệu"
Q66.6,Các biến dạng vẹo ra bẩm sinh khác của bàn chân
Q66.0,Bàn chân khoèo
Q70.0,Các ngón dính nhau
Q70.2,Dính các ngón chân
Q70.4,Dính nhiều ngón
Q70.9,Tật dính ngón không đặc hiệu
Q70.3,Tật dính da ngón đơn thuần không có dính xương
Q70.1,Ngón mảng da
Q78.0,Tạo xương bất toàn
Q78.4,Loạn sản nội sụn
Q78.3,Loạn sản thân xương tiến triển
Q78.9,Loạn sản xương sụn không đặc hiệu
Q78.5,Loạn sản hành xương
Q78.2,Xương hoá đá
Q78.1,Loạn sản sợi- đa xương
Q78.6,Lồi xương bẩm sinh nhiều nơi
Q78.8,Các loạn sản xương sụn đặc hiệu khác
Q73.8,Các Khuyết tật thu nhỏ khác của chi không đặc hiệu
Q73.1,"Khuyết tật giống hải cẩu, các chi không đặc hiệu"
Q73.0,Khuyết chi không đặc hiệu bẩm sinh
Q77.8,Các loạn sản xương sụn khác với các khuyết tật trưởng thành của các xương ống và cột sống
Q77.4,Vô sản sụn
Q77.1,Tầm vóc ngắn
Q77.9,Các loạn sản xương sụn với các khuyết tật trưởng thành của các xương ống và cột sống không đặc hiệu
Q77.2,Hội chứng xương sườn ngắn
Q77.6,Loạn sản sụn ngoại bì
Q77.7,Loạn sản đầu đốt xương cột sống
Q77.0,Bất sản sụn
Q77.5,Loạn sản gây trật khớp
Q77.3,Loạn sản sụn từng đám nhỏ
Q72.7,Bàn chân chẻ
Q72.6,Khuyết tật thiếu hụt theo chiều dài xương mác
Q72.5,Khuyết tật thiếu hụt theo chiều dài xương chầy
Q72.2,Tật thiếu cẳng chân và bàn chân bẩm sinh
Q72.8,Các khuyết tật thiếu hụt khác của chi dưới
Q72.1,Tật thiếu đùi và cẳng chân có bàn chân bẩm sinh
Q72.0,Thiếu hoàn toàn chi dưới bẩm sinh
Q72.4,Khuyết tật thiếu hụt theo chiều dài của xương đùi
Q72.9,Các khuyết tật thiếu hụt khác của chi dưới không đặc hiệu
Q72.3,Tật thiếu bàn chân và ngón chân bẩm sinh
Q68.0,Biến dạng bẩm sinh của cơ ức đòn chũm
Q68.4,Xương chầy và xương mác cong bẩm sinh
Q68.8,Các biến dạng cơ xương bẩm sinh đặc hiệu khác
Q68.1,Biến dạng bẩm sinh của bàn tay
Q68.5,"Cong bẩm sinh các xương dài của chân, không đặc hiệu"
Q68.2,Biến dạng bẩm sinh của đầu gối
Q68.3,Cong xương đùi bẩm sinh
Q71.1,Tật thiếu cánh- cẳng tay bẩm sinh có bàn tay
Q71.8,Các khuyết tật thiếu hụt khác của chi trên
Q71.0,Thiếu toàn bộ chi trên bẩm sinh
Q71.4,Khuyết tật thiếu hụt theo chiều dài xương quay
Q71.6,Bàn tay hình càng cua
Q71.5,Khuyết tật thiếu hụt theo chiều dài xương trụ
Q71.9,"Khuyết tật thiếu hụt của chi trên, không đặc hiệu"
Q71.2,Tật thiếu cả hai bàn tay và cẳng tay bẩm sinh
Q71.3,Tật thiếu bàn tay và ngón tay bẩm sinh
Q79.5,Các dị tật bẩm sinh khác của thành bụng
Q79.3,Khe hở thành bụng
Q79.4,Hội chứng bụng không rõ
Q79.6,Hội chứng Ehiers- Vanlos
Q79.1,Các dị tật bẩm sinh khác của cơ hoành
Q79.0,Thoát vị hoành bẩm sinh
Q79.9,"Dị tật bẩm sinh của hệ cơ xương, không đặc hiệu"
Q79.2,Lồi rốn
Q79.8,Các dị tật bẩm sinh khác của hệ cơ xương
Q74.3,Co cứng đa khớp bẩm sinh
Q74.1,Dị tật bẩm sinh của gối
Q74.9,Dị tật bẩm sinh không đặc hiệu của chi
Q74.8,Các dị tật bẩm sinh đặc hiệu khác của chi
Q74.0,"Các dị tật bẩm sinh khác của chi trên, kể cả vòng ngực"
Q74.2,"Các dị tật bẩm sinh khác của chi dưới, kể cả đai chậu"
Q69.0,Ngón tay phụ
Q69.1,Ngón cái phụ
Q69.2,Các ngón chân phụ
Q69.9,"Tật đa ngón, không đặc hiệu"
Q65.8,Các biến dạng bẩm sinh khác của khớp háng
Q65.6,Khớp háng không ổn định
Q65.9,"Biến dạng bẩm sinh của khớp háng, không đặc hiệu"
Q65.1,"Trật khớp háng bẩm sinh, hai bên"
Q65.2,"Trật khớp háng bẩm sinh, không đặc hiệu"
Q65.4,"Trật khớp háng nhẹ bẩm sinh, hai bên"
Q65.0,"Trật khớp háng bẩm sinh, một bên"
Q65.3,"Trật khớp háng nhẹ bẩm sinh, một bên"
Q65.5,"Trật khớp háng nhẹ bẩm sinh, không đặc hiệu"
Q54.4,Cong dương vật bẩm sinh
Q54.9,Lỗ tiểu lệch thấp không đặc hiệu
Q54.0,Lỗ tiểu lệch thấp thể quy đầu
Q54.2,Lỗ tiểu lệch thấp thể dương vật- bìu
Q54.1,Lỗ tiểu lệch thấp thể dương vật
Q54.3,Lỗ tiểu lệch thấp ở tầng sinh môn
Q54.8,Các thể lỗ tiểu lệch thấp khác
Q53.0,Tinh hoàn ẩn
Q53.2,Tinh hoàn chưa xuống bìu hai bên
Q53.1,Tinh hoàn chưa xuống bìu một bên
Q53.9,"Tinh hoàn chưa xuống bìu, không đặc hiệu"
Q50.3,Những dị tật bẩm sinh khác của buồng trứng
Q50.6,Những dị tật bẩm sinh khác của vòi trứng và dây chằng rộng
Q50.1,Nang buồng trứng bẩm sinh
Q50.5,Nang nguồn gốc bào thai của dây chằng rộng
Q50.2,Xoắn buồng trứng bẩm sinh
Q50.4,Nang bào thai của vòi trứng
Q50.0,Không có buồng trứng bẩm sinh
Q51.2,Các loại tử cung đôi khác
Q51.8,Các dị tật bẩm sinh khác của tử cung và cổ tử cung
Q51.5,Bất sản và ngừng phát triển của cổ tử cung
Q51.4,Tử cung một sừng
Q51.9,Dị tật bẩm sinh của tử cung và cổ tử cung không đặc hiệu
Q51.3,Tử cung hai sừng
Q51.7,Rò bẩm sinh giữa tử cung với ống tiêu hoá và đường tiết niệu
Q51.1,Tử cung đôi với cổ tử cung và âm đạo đôi
Q51.6,Nang nguồn gốc bào thai của cổ tử cung
Q51.0,Bất sản và ngừng phát triển của tử cung
Q56.0,"Hội chứng lưỡng giới, không phân loại nơi khác"
Q56.1,"Hội chứng lưỡng giới giả nam, không phân loại nơi khác"
Q56.4,không đặc hiệu giới tính không đặc hiệu
Q56.2,"Hội chứng lưỡng giới giả nữ, không phân loại nơi khác"
Q56.3,Hội chứng lưỡng giới giả không đặc hiệu
Q52.0,Không có âm đạo bẩm sinh
Q52.9,Dị tật bẩm sinh của cơ quan sinh dục nữ không đặc hiệu
Q52.8,Các dị tật bẩm sinh đặc hiệu khác của cơ quan sinh dục nữ
Q52.2,Rò trực tràng âm đạo bẩm sinh
Q52.3,Màng trinh không thủng
Q52.5,Dính môi lớn
Q52.4,Các dị tật bẩm sinh khác của âm đạo
Q52.7,Các dị tật bẩm sinh khác của âm hộ
Q52.6,Dị tật bẩm sinh của âm vật
Q52.1,Âm đạo đôi
Q55.8,Dị tật bẩm sinh đặc hiệu khác của cơ quan sinh dục nam
Q55.1,Thiểu sản bìu và tinh hoàn
Q55.2,Các dị tật bẩm sinh khác của tinh hoàn và bìu
Q55.3,Teo ống dẫn tinh
Q55.4,"Các dị tật bẩm sinh khác của ống dẫn tinh, mào tinh, túi tinh và tuyến tiền liệt"
Q55.9,Dị tật bẩm sinh của cơ quan sinh dục nam không đặc hiệu
Q55.5,Dương vật nhỏ và bất sản
Q55.6,Dị tật bẩm sinh khác của dương vật
Q55.0,Không có hoặc bất sản tinh hoàn
Q83.8,Dị tật bẩm sinh khác của vú
Q83.1,Vú phụ
Q83.9,Dị tật bẩm sinh của vú không đặc hiệu
Q83.3,Núm vú phụ
Q83.2,Thiếu núm vú
Q83.0,Thiếu vú và núm vú bẩm sinh
Q81.2,Ly thượng bì bọng nước thể loạn dưỡng
Q81.1,Ly thượng bì bọng nước thể nguy kịch
Q81.0,Ly thượng bì bọng nước đơn giản
Q81.8,Ly thượng bì bọng nước khác
Q81.9,"Ly thượng bì bọng nước, không đặc hiệu"
Q89.0,Các dị tật bẩm sinh của lách
Q89.7,"Đa dị tật bẩm sinh khác, không phân loại nơi khác"
Q89.1,Các dị tật bẩm sinh của tuyến thượng thận
Q89.8,Các dị tật bẩm sinh đặc hiệu khác
Q89.4,Sinh đôi dính nhau
Q89.3,Đảo ngược phủ tạng
Q89.9,Dị tật bẩm sinh không đặc hiệu
Q89.2,Các dị tật bẩm sinh của các tuyến nội tiết khác
Q80.0,Bệnh vảy cá thông thường
Q80.8,Bệnh vảy cá bẩm sinh khác
Q80.4,Thai mắc bệnh vảy cá
Q80.9,Bệnh vảy cá bẩm sinh không đặc hiệu
Q80.2,Bệnh vảy cá dạng lá
Q80.1,Bệnh vảy cá liên kết nhiễm sắc thể X
Q80.3,Chứng đỏ da dạng vảy cá bóng bẩm sinh
Q86.0,Rối loạn thai nhi vì ảnh hưởng rượu (dị hình)
Q86.1,Hội chứng hydantoin bào thai
Q86.2,Dị hình do warfarin
Q86.8,Các dị tật bẩm sinh khác do các nguyên nhân ngoại sinh đã biết
Q84.1,"Rối loạn bẩm sinh hình thái của tóc, không phân loại nơi khác"
Q84.4,Móng đốm trắng bẩm sinh
Q84.5,Móng to và phì đại
Q84.0,Rụng lông tóc bẩm sinh
Q84.2,Dị tật bẩm sinh khác của lông tóc
Q84.9,Dị tật bẩm sinh khác của bộ phận bao bọc không đặc hiệu
Q84.8,Dị tật bẩm sinh đặc hiệu khác của bộ phận bao bọc
Q84.3,Tật không móng
Q84.6,Dị tật bẩm sinh khác của móng
Q85.1,Bệnh xơ cứng củ
Q85.9,Hội chứng u thần kinh da ngoại bì không đặc hiệu
Q85.0,U xơ thần kinh (lành tính)
Q85.8,"Hội chứng u thần kinh da ngoại bì khác, không phân loại nơi khác"
Q87.1,Các hội chứng dị tật bẩm sinh liên quan chủ yếu đến thân hình ngắn
Q87.5,Các hội chứng dị tật bẩm sinh khác đi kèm các thay đổi xương khác
Q87.0,Các hội chứng dị tật bẩm sinh gây tổn thương chủ yếu ở hình dạng của mặt
Q87.4,Hội chứng Marfan
Q87.2,Các hội chứng dị tật bẩm sinh liên quan chủ yếu đến các chi
Q87.8,"Các hội chứng dị tật bẩm sinh đặc hiệu khác, không phân loại nơi khác"
Q87.3,Các hội chứng dị tật bẩm sinh có phát triển sớm quá mức
Q82.1,Bệnh khô da nhiễm sắc tố
Q82.8,"Các dị tật về da bẩm sinh, đặc hiệu khác"
Q82.0,Phù bạch huyết di truyền
Q82.2,Bệnh dưỡng bào
Q82.4,Loạn sản ngoại bì (làm giảm tiết mồ hôi)
Q82.3,Bệnh sắc tố dầm dề
Q82.9,Dị tật bẩm sinh về da không đặc hiệu
Q82.5,Nê- vi bẩm sinh không tạo u
Q28.3,Các dị tật khác của các mạch máu não
Q28.0,Dị tật động- tĩnh mạch của các mạch máu não trước
Q28.8,Những dị tật đặc hiệu khác của hệ tuần hoàn
Q28.2,Dị tật động- tĩnh mạch của các mạch máu não
Q28.1,Các dị tật khác của các mạch máu não trước
Q28.9,"Dị tật bẩm sinh hệ tuần hoàn, không đặc hiệu"
Q23.8,Các dị tật bẩm sinh khác của van hai lá và động mạch chủ
Q23.2,Hẹp van hai lá bẩm sinh
Q23.9,"Dị tật bẩm sinh của van hai lá và động mạch chủ, không đặc hiệu"
Q23.4,Hội chứng tim trái thiểu sản
Q23.0,Hẹp van động mạch chủ bẩm sinh
Q23.3,Hở van hai lá bẩm sinh
Q23.1,Hở van động mạch chủ bẩm sinh
Q24.2,Nhĩ ba buồng
Q24.8,Các dị tật bẩm sinh đặc hiệu khác của tim
Q24.0,Tim sang phải
Q24.6,Nghẽn tim bẩm sinh
Q24.4,Hẹp dưới van động mạch chủ bẩm sinh
Q24.3,Hẹp phễu động mạch phổi
Q24.1,Tim bên trái
Q24.9,"Các dị tật bẩm sinh của tim, không đặc hiệu"
Q24.5,Dị tật của mạch vành
Q27.8,Các dị tật bẩm sinh đặc hiệu khác của hệ thống mạch ngoại biên
Q27.9,"Dị tật bẩm sinh của hệ thống mạch ngoại biên, không đặc hiệu"
Q27.4,Giãn tĩnh mạch bẩm sinh
Q27.3,Dị tật động- tĩnh mạch ngoại biên
Q27.1,Hẹp động mạch thận bẩm sinh
Q27.2,Các dị tật bẩm sinh khác của động mạch thận
Q27.0,Không có hoặc thiểu sản động mạch rốn bẩm sinh
Q22.5,Dị tật Ebstein
Q22.8,Các dị tật bẩm sinh khác của van ba lá
Q22.3,Các dị tật bẩm sinh khác của van động mạch phổi
Q22.4,Hẹp van ba lá bẩm sinh
Q22.9,"Dị tật bẩm sinh van ba lá, không đặc hiệu"
Q22.6,Hội chứng tim phải thiểu sản
Q22.0,Teo van động mạch phổi
Q22.1,Hẹp van động mạch phổi bẩm sinh
Q22.2,Hở van động mạch phổi bẩm sinh
Q20.2,Thất trái hai đường ra
Q20.6,Đồng phân của tiểu nhĩ
Q20.0,Thân động mạch chung
Q20.8,Các dị tật bẩm sinh khác của các buồng tim và phần nối
Q20.9,"Dị tật bẩm sinh của các buồng tim và các phần nối, không đặc hiệu"
Q20.4,Thất hai đường vào
Q20.1,Thất phải hai đường ra
Q20.5,Phần nối nhĩ- thất không phù hợp
Q20.3,Phần nối thất- động mạch không phù hợp
Q21.8,Những dị tật bẩm sinh khác của vách tim
Q21.0,Thông liên thất
Q21.4,Thông vách động mạch chủ- phổi
Q21.2,Thông vách nhĩ thất
Q21.9,"Những dị tật bẩm sinh khác của vách tim, không đặc hiệu"
Q21.1,Thông liên nhĩ
Q21.3,Tứ chứng Fallot
Q25.8,Các dị tật bẩm sinh khác của động mạch lớn
Q25.7,Các dị tật bẩm sinh khác của động mạch phổi
Q25.0,Còn ống động mạch
Q25.1,Hẹp eo động mạch chủ
Q25.5,Teo động mạch phổi
Q25.3,Hẹp động mạch chủ
Q25.4,Các dị tật bẩm sinh khác của động mạch chủ
Q25.6,Hẹp động mạch phổi
Q25.9,"Dị tật bẩm sinh của các động mạch lớn, không đặc hiệu"
Q25.2,Teo động mạch chủ
Q26.9,"Dị tật bẩm sinh của các tĩnh mạch lớn, không đặc hiệu"
Q26.3,Hồi lưu tĩnh mạch phổi bất thường một phần
Q26.6,Rò động mạch gan- tĩnh mạch cửa
Q26.4,"Hồi lưu tĩnh mạch phổi bất thường, không đặc hiệu"
Q26.8,Các dị tật bẩm sinh khác của các tĩnh mạch lớn
Q26.1,Còn tĩnh mạch chủ trên trái
Q26.2,Hồi lưu tĩnh mạch phổi bất thường hoàn toàn
Q26.0,Hẹp tĩnh mạch chủ bẩm sinh
Q26.5,Hồi lưu tĩnh mạch cửa bất thường
Q97.8,Kiểu hình nữ có bất thường nhiễm sắc thể giới tính đặc hiệu khác
Q97.9,"Kiểu hình nữ có bất thường nhiễm sắc thể giới tính, không đặc hiệu"
Q97.0,"Kiểu nhiễm sắc thể 47, XXX"
Q97.1,Nữ có hơn 3 nhiễm sắc thể X
Q97.2,"Thể khảm, dòng có nhiễm sắc thể X khác nhau"
Q97.3,"Nữ có kiểu nhiễm sắc thể 46, XY"
Q91.7,"Hội chứng Patau, không đặc hiệu"
Q91.1,"Ba nhiễm sắc thể 18, thể khảm (gián phân không phân ly)"
Q91.3,Hội chứng Edward không đặc hiệu
Q91.2,"Ba nhiễm sắc thể 18, chuyển đoạn"
Q91.6,"Ba nhiễm sắc thể 13, chuyển đoạn"
Q91.0,"Ba nhiễm sắc thể 18, giảm phân không phân ly"
Q91.5,"Ba nhiễm sắc thể 13, thể khảm (không phân ly khi gián phân)"
Q91.4,"Ba nhiễm sắc thể 13, giảm phân không phân ly"
Q93.0,"Đơn nhiễm sắc thể hoàn toàn, giảm phân không phân ly"
Q93.9,"Mất đoạn của nhiễm sắc thể thường, không đặc hiệu"
Q93.2,Nhiễm sắc thể vòng hay hai tâm
Q93.4,Mất đoạn cánh ngắn nhiễm sắc thể số 5
Q93.8,Mất đoạn của nhiễm sắc thể thường khác
Q93.3,Mất đoạn cánh ngắn nhiễm sắc thể số 4
Q93.1,"Đơn nhiễm sắc thể hoàn toàn, thể khảm (không phân ly khi gián phân)"
Q93.7,Mất đoạn với sắp xếp lại các phức hợp khác
Q93.5,Mất đoạn khác của nhiễm sắc thể
Q93.6,Mất đoạn chỉ thấy ở tiền pha giữa (tiền trung kỳ)
Q99.1,"Rối loạn phát triển giới tính 46, XX"
Q99.9,"Bất thường nhiễm sắc thể, không đặc hiệu"
Q99.8,Bất thường nhiễm sắc thể đặc hiệu khác
Q99.0,"Thể khảm 46, XX/ 46, XY"
Q99.2,Nhiễm sắc thể X dễ gãy
Q90.0,"Ba nhiễm sắc thể 21, giảm phân không phân ly"
Q90.1,"Ba nhiễm sắc thể 21, thể khảm (gián phân không phân ly)"
Q90.2,"Ba nhiễm sắc thể 21, chuyển đoạn"
Q90.9,Hội chứng Down không đặc hiệu
Q98.2,"Hội chứng Kilnefeiter, nam có kiểu nhiễm sắc thể 46, XX"
Q98.5,"Kiểu nhiễm sắc thể 47, XYY"
Q98.7,Nam có thể khảm nhiễm sắc thể giới tính
Q98.9,"Bất thường nhiễm sắc thể giới tính, kiểu hiện nam, không đặc hiệu"
Q98.8,"Các bất thường đặc hiệu của nhiễm sắc thể giới tính, kiểu hình nam"
Q98.0,"Hội chứng Kilnefeiter với kiểu nhiễm sắc thể 47, XXY"
Q98.4,Hội chứng Kilnefeiter không đặc hiệu
Q98.6,Nam có cấu trúc nhiễm sắc thể giới tính bất thường
Q98.1,"Hội chứng Kilnefeiter, nam có hơn 2 nhiễm sắc thể X"
Q98.3,"Nam khác với kiểu nhiễm sắc thể 46, XX"
Q96.3,"Thể khảm, 45, X/ 46, XX hay XY"
Q96.9,"Hội chứng Turner, không đặc hiệu"
Q96.1,"Kiểu nhiễm sắc thể 46, X iso (Xq)"
Q96.2,"Kiểu nhiễm sắc thể 46, X với nhiễm sắc thể giới tính bất thường, trừ iso (Xq)"
Q96.4,"Thể khảm, 45, X/ dòng tế bào khác có nhiễm sắc thể giới tính bất thường"
Q96.8,Các dạng khác của hội chứng Turner
Q96.0,"Kiểu nhiễm sắc thể 45, X"
Q92.3,Ba nhiễm sắc thể một phần nhỏ
Q92.8,Ba nhiễm sắc thể đặc hiệu khác và ba nhiễm sắc thể một phần của nhiễm sắc thể thường
Q92.0,"Ba nhiễm sắc thể hoàn toàn, giảm phân không phân ly"
Q92.6,Nhiễm sắc thể có dấu ấn ngoài
Q92.2,Ba nhiễm sắc thể một phần lớn
Q92.1,"Ba nhiễm sắc thể hoàn toàn, thể khảm (gián phân không phân ly)"
Q92.9,"Ba nhiễm sắc thể và một phần ba nhiễm sắc thể của nhiễm sắc thể thường, không đặc hiệu"
Q92.7,Tam bội và đa bội
Q92.4,Sự nhân đôi chỉ thấy ở tiền pha giữa (tiền trung kỳ)
Q92.5,Nhân đôi cùng với sự sắp xếp lại các phức hợp khác
Q95.1,Đảo đoạn nhiễm sắc thể ở cá thể bình thường
Q95.4,Cá thể có dấu ấn chất dị nhiễm sắt
Q95.9,"Sắp xếp lại cân bằng và dấu ấn cấu trúc, không đặc hiệu"
Q95.0,Chuyển và thêm đoạn cân bằng ở cá thể bình thường
Q95.3,Sắp xếp lại cân bằng nhiễm sắc thể thường/ nhiễm sắc thể giới tính ở cá thể không bình thường
Q95.2,Sắp xếp lại cân bằng nhiễm sắc thể thường ở cá thể không bình thường
Q95.8,Sắp xếp lại cân bằng và dấu ấn cấu trúc khác
Q95.5,Cá thể có đoạn nhiễm sắc thể thường dễ gãy
F34.8,Rối loạn khí sắc [cảm xúc] dai dẳng khác
F34.9,Rối loạn khí sắc [cảm xúc] dai dẳng không đặc hiệu
F34.0,Khí sắc chu kỳ
F34.1,Loạn khí sắc
F30.0,Hưng cảm nhẹ
F30.2,Hưng cảm với các triệu chứng loạn thần
F30.1,Hưng cảm không có các triệu chứng loạn thần
F30.9,Giai đoạn hưng cảm không đặc hiệu
F30.8,Giai đoạn hưng cảm khác
F31.9,Rối loạn cảm xúc lưỡng cực không biệt định
F31.8,Rối loạn cảm xúc lưỡng cực khác
F31.2,"Rối loạn cảm xúc lưỡng cực, hiện tại giai đoạn hưng cảm có các triệu chứng loạn thần"
F31.0,"Rối loạn cảm xúc lưỡng cực, hiện tại giai đoạn hưng cảm nhẹ"
F31.5,"Rối loạn cảm xúc lưỡng cực, hiện tại giai đoạn trầm cảm nặng có các triệu chứng loạn thần"
F31.4,"Rối loạn cảm xúc lưỡng cực, hiện tại giai đoạn trầm cảm nặng không có các triệu chứng loạn thần"
F31.7,"Rối loạn cảm xúc lưỡng cực, hiện tại thuyên giảm"
F31.1,"Rối loạn cảm xúc lưỡng cực, hiện tại giai đoạn hưng cảm không có các triệu chứng loạn thần"
F31.3,"Rối loạn cảm xúc lưỡng cực, hiện tại giai đoạn trầm cảm nhẹ hoặc trung bình"
F31.6,"Rối loạn cảm xúc lưỡng cực, hiện tại giai đoạn hỗn hợp"
F32.9,Giai đoạn trầm cảm không đặc hiệu
F32.8,Giai đoạn trầm cảm khác
F32.3,Giai đoạn trầm cảm nặng với các triệu chứng loạn thần
F32.1,Giai đoạn trầm cảm vừa
F32.0,Giai đoạn trầm cảm nhẹ
F32.2,Giai đoạn trầm cảm nặng không có các triệu chứng loạn thần
F33.2,"Rối loạn trầm cảm tái diễn, hiện tại giai đoạn nặng không có các triệu chứng loạn thần"
F33.8,Rối loạn trầm cảm tái diễn khác
F33.0,"Rối loạn trầm cảm tái diễn, hiện tại giai đoạn nhẹ"
F33.3,"Rối loạn trầm cảm tái diễn, hiện tại giai đoạn nặng có các triệu chứng loạn thần"
F33.9,"Rối loạn trầm cảm tái diễn, không biệt định"
F33.4,"Rối loạn trầm cảm tái diễn, hiện tại thuyên giảm"
F33.1,"Rối loạn trầm cảm tái diễn, hiện tại giai đoạn vừa"
F38.1,Rối loạn khí sắc [cảm xúc] tái diễn
F38.0,Rối loạn khí sắc [cảm xúc] đơn độc khác
F38.8,Rối loạn khí sắc [cảm xúc] biệt định khác
F25.2,"Rối loạn phân liệt cảm xúc, loại hỗn hợp"
F25.0,"Rối loạn phân liệt cảm xúc, loại hưng cảm"
F25.9,Rối loạn phân liệt cảm xúc không biệt định
F25.8,Rối loạn phân liệt cảm xúc khác
F25.1,"Rối loạn phân liệt cảm xúc, loại trầm cảm"
F20.0,Tâm thần phân liệt thể paranoid
F20.3,Tâm thần phân liệt thể không phân biệt
F20.9,Tâm thần phân liệt thể không biệt định
F20.1,Tâm thần phân liệt thể thanh xuân
F20.8,Tâm thần phân liệt thể khác
F20.2,Tâm thần phân liệt thể căng trương lực
F20.4,Tâm thần phân liệt thể trầm cảm sau phân liệt
F20.5,Tâm thần phân liệt thể di chứng
F20.6,Tâm thần phân liệt thể đơn thuần
F22.0,Rối loạn hoang tưởng
F22.8,Rối loạn hoang tưởng dai dẳng khác
F22.9,Rối loạn hoang tưởng dai dẳng không biệt định
F23.9,Rối loạn loạn thần cấp và nhất thời không biệt định
F23.0,Rối loạn loạn thần cấp đa dạng không có các triệu chứng của bệnh tâm thần phân liệt
F23.1,Rối loạn loạn thần cấp đa dạng với triệu chứng của bệnh tâm thần phân liệt
F23.3,Rối loạn loạn thần cấp khác chủ yếu hoang tưởng
F23.2,Rối loạn loạn thần cấp giống phân liệt
F23.8,Rối loạn loạn thần cấp và nhất thời khác
F80.8,Rối loạn phát triển về lời nói và ngôn ngữ khác
F80.1,Rối loạn ngôn ngữ diễn đạt
F80.0,Rối loạn đặc hiệu trong sự kết âm
F80.3,Vong ngôn mắc phải với động kinh [Landau- Kleffner]
F80.9,Rối loạn phát triển về lời nói và ngôn ngữ không đặc hiệu
F80.2,Rối loạn ngôn ngữ tiếp nhận
F81.8,Rối loạn khác về sự phát triển các kỹ năng ở trường
F81.0,Rối loạn đặc hiệu về đọc
F81.2,Rối loạn đặc hiệu về kỹ năng tính toán
F81.3,Rối loạn hỗn hợp các kỹ năng ở nhà trường
F81.1,Rối loạn đặc hiệu về chính tả
F81.9,"Rối loạn phát triển của kỹ năng ở trường, không biệt định"
F84.5,Hội chứng Asperger
F84.1,Tự kỷ không điển hình
F84.2,Hội chứng Rett
F84.8,Rối loạn lan toả khác của sự phát triển
F84.3,Rối loạn phân rã khác của trẻ em
F84.0,Tự kỷ tuổi ấu thơ
F84.4,Rối loạn tăng hoạt động kết hợp với chậm phát triển trí tuệ và các động tác định hình
F84.9,Rối loạn phát triển lan toả không biệt định
F68.0,Hình thành các triệu chứng cơ thể vì lý do tâm lý
F68.8,Rối loạn biệt định khác về nhân cách và hành vi ở người trưởng thành
F68.1,Dụng ý đưa ra hay giả tạo các triệu chứng hoặc rối loạn hoạt năng cơ thể hoặc tâm lý [rối loạn giả tạo]
F60.9,"Rối loạn nhân cách, không biệt định"
F60.2,Rối loạn nhân cách chống đối xã hội
F60.0,Rối loạn nhân cách paranoid
F60.8,Rối loạn nhân cách đặc hiệu khác
F60.3,Rối loạn nhân cách cảm xúc không ổn định
F60.7,Rối loạn nhân cách phụ thuộc
F60.5,Rối loạn nhân cách ám ảnh nghi thức
F60.6,Rối loạn nhân cách lo âu [tránh né]
F60.1,Rối loạn nhân cách dạng phân liệt
F60.4,Rối loạn nhân cách kịch tính
F65.1,Loạn dục cải trang đồ vật
F65.4,Loạn dục với trẻ em
F65.8,Rối loạn ưa chuộng tình dục khác
F65.5,Loạn dục gây đau chủ động và bị động
F65.2,Loạn dục phô bày
F65.3,Loạn dục nhìn trộm
F65.0,Loạn dục đồ vật
F65.6,Đa rối loạn ưa chuộng tình dục
F65.9,"Rối loạn ưa chuộng tình dục, không biệt định"
F62.9,Thay đổi nhân cách kéo dài không biệt định
F62.1,Thay đổi nhân cách kéo dài sau bệnh tâm thần
F62.8,Thay đổi nhân cách kéo dài khác
F62.0,Thay đổi nhân cách kéo dài sau một sự kiện thảm hoạ
F66.1,Định hướng tình dục loạn trương lực bản thân
F66.8,Những rối loạn phát triển tâm lý tình dục khác
F66.9,"Rối loạn phát triển tâm lý tình dục, không biệt định"
F66.2,Rối loạn quan hệ tình dục
F66.0,Rối loạn về sự trưởng thành tình dục
F63.3,Tật nhổ tóc
F63.9,Rối loạn thói quen và xung động không biệt định
F63.8,Rối loạn thói quen và xung động khác
F63.2,Trộm cắp bệnh lý
F63.0,Đánh bạc bệnh lý
F63.1,Gây cháy bệnh lý
F64.9,Rối loạn phân định giới tính không biệt định
F64.1,"Loạn dục cải trang, vai trò kép"
F64.0,Loạn dục chuyển giới
F64.8,Rối loạn xác định giới tính khác
F64.2,Rối loạn xác định giới tính ở trẻ em
F78.8,Chậm phát triển trí tuệ khác: Có khiếm khuyết hành vi khác
F78.0,"Chậm phát triển trí tuệ khác: Không có biểu hiện, hoặc biểu hiện tối thiểu suy giảm hành vi"
F78.1,Chậm phát triển trí tuệ khác: Suy giảm đáng kể hành vi cần theo dõi hoặc điều trị
F78.9,Chậm phát triển trí tuệ khác: Không đề cập đến biểu hiện suy giảm hành vi
F79.0,"Chậm phát triển trí tuệ không biệt định: Không có biểu hiện, hoặc biểu hiện tối thiểu suy giảm hành vi"
F79.9,Chậm phát triển trí tuệ không biệt định: Không đề cập đến biểu hiện suy giảm hành vi
F79.8,Chậm phát triển trí tuệ không biệt định: Có khiếm khuyết hành vi khác
F79.1,Chậm phát triển trí tuệ không biệt định: Suy giảm hành vi đáng kể cần theo dõi hoặc điều trị
F72.8,Chậm phát triển trí tuệ nặng: Có khiếm khuyết hành vi khác
F72.9,Chậm phát triển trí tuệ nặng: Không đề cập đến biểu hiện suy giảm hành vi
F72.1,Chậm phát triển trí tuệ nặng: Suy giảm đáng kể hành vi cần theo dõi hoặc điều trị
F72.0,"Chậm phát triển trí tuệ nặng: Không có biểu hiện, hoặc biểu hiện tối thiểu suy giảm hành vi"
F70.8,Chậm phát triển trí tuệ nhẹ: Có khiếm khuyết hành vi khác
F70.9,Chậm phát triển trí tuệ nhẹ: Không đề cập đến biểu hiện suy giảm hành vi
F70.0,"Chậm phát triển trí tuệ nhẹ: Không có biểu hiện, hoặc biểu hiện tối thiểu suy giảm hành vi"
F70.1,Chậm phát triển trí tuệ nhẹ: Suy giảm đáng kể hành vi cần theo dõi hoặc điều trị
F71.0,"Chậm phát triển trí tuệ trung bình: Không có biểu hiện, hoặc biểu hiện tối thiểu suy giảm hành vi"
F71.8,Chậm phát triển trí tuệ trung bình: Có khiếm khuyết hành vi khác
F71.9,Chậm phát triển trí tuệ trung bình: Without mention of impairment of behaviour
F71.1,Chậm phát triển trí tuệ trung bình: Suy giảm đáng kể hành vi cần theo dõi hoặc điều trị
F73.9,Chậm phát triển trí tuệ nghiêm trọng: Không đề cập đến biểu hiện suy giảm hành vi
F73.8,Chậm phát triển trí tuệ nghiêm trọng: Other impairments of behaviour
F73.1,Chậm phát triển trí tuệ nghiêm trọng: Suy giảm đáng kể hành vi cần theo dõi hoặc điều trị
F73.0,"Chậm phát triển trí tuệ nghiêm trọng: Không có biểu hiện, hoặc biểu hiện tối thiểu suy giảm hành vi"
F06.5,Rối loạn phân ly thực tổn
F06.1,Rối loạn căng trương lực thực tổn
F06.0,Ảo giác thực tổn
F06.7,Rối loạn nhận thức nhẹ
F06.9,Rối loạn tâm thần không biệt định do tổn thương não và rối loạn chức năng não và bệnh lý cơ thể
F06.2,Rối loạn hoang tưởng thực tổn [giống tâm thần phân liệt]
F06.3,Rối loạn khí sắc [cảm xúc] thực tổn
F06.6,Rối loạn cảm xúc dao động (suy nhược) thực tổn
F06.4,Rối loạn lo âu thực tổn
F06.8,Các rối loạn tâm thần biệt định khác do tổn thương não; rối loạn chức năng não và bệnh lý cơ thể
F02.1*,Sa sút trí tuệ trong bệnh Creutzfeldt- Jakob (A81.0†)
F02.2*,Sa sút trí tuệ trong bệnh Huntington (G10†)
F02.8*,Sa sút trí tuệ trong các bệnh lý đặc hiệu khác phân loại nơi khác
F02.4*,Sa sút trí tuệ trong bệnh nhiễm vi rút gây suy giảm miễn dịch ở người [HIV] (B22.0†)
F02.0*,Sa sút trí tuệ trong bệnh Pick (G31.0†)
F02.3*,Sa sút trí tuệ trong bệnh Parkinson (G20†)
F00.2*,"Sa sút trí tuệ trong bệnh Alzheimer, thể không điển hình hoặc thể hỗn hợp (G30.8†)"
F00.1*,Sa sút trí tuệ trong bệnh Alzheimer khởi phát muộn (G30.1†)
F00.0*,Sa sút trí tuệ trong bệnh Alzheimer khởi phát sớm (G30.0†)
F00.9*,"Sa sút trí tuệ trong bệnh Alzheimer, không biệt định (G30.9†)"
F05.9,"Sảng, không biệt định"
F05.1,Sảng gối lên sa sút trí tuệ
F05.8,Sảng khác
F05.0,"Sảng, không gối lên sa sút trí tuệ, như đã mô tả"
F01.0,Sa sút trí tuệ do nguyên nhân mạch giai đoạn khởi phát cấp tính
F01.1,Sa sút trí tuệ do nhồi máu đa ổ
F01.3,Sa sút trí tuệ do nguyên nhân mạch kết hợp vỏ não và dưới vỏ
F01.2,Sa sút trí tuệ do nguyên nhân mạch trong bệnh mạch máu dưới vỏ
F01.9,"Sa sút trí tuệ, không biệt định"
F01.8,Sa sút trí tuệ do nguyên nhân mạch khác
F07.8,"Các rối loạn hành vi và nhân cách thực tổn khác do bệnh não, tổn thương não và rối loạn chức năng não"
F07.1,Hội chứng sau viêm não
F07.2,Hội chứng sau chấn động não
F07.0,Rối loạn nhân cách thực tổn
F07.9,"Rối loạn nhân cách và hành vi thực thể do bệnh não, tổn thương và rối loạn chức năng não không biệt định"
F91.8,Rối loạn hành vi khác
F91.1,Rối loạn hành vi ở những người kém thích ứng xã hội
F91.9,"Rối loạn hành vi, không biệt định"
F91.2,Rối loạn cư xử xã hội hoá
F91.0,Rối loạn hành vi khu trú trong môi trường gia đình
F91.3,Rối loạn hành vi ở những người còn thích ứng xã hội
F95.8,Rối loạn Tic khác
F95.9,"Rối loạn Tic, không biệt định"
F95.2,Rối loạn kết hợp Tic lời nói với Tic vận động nhiều loại [Hội chứng Tourette]
F95.0,Rối loạn Tic nhất thời
F95.1,Rối loạn Tic vận động hoặc lời nói mạn tính
F98.4,Rối loạn động tác định hình
F98.3,Chứng ăn chất không dinh dưỡng ở trẻ dưới một năm và trẻ em
F98.6,Nói lúng búng
F98.0,Đái dầm không thực tổn
F98.5,Nói lắp
F98.1,Đại tiện không tự chủ không do thực tổn
F98.8,"Rối loạn hành vi cảm xúc biệt định khác, thường khởi phát trong tuổi trẻ em và thanh thiếu niên"
F98.9,"Rối loạn hành vi và cảm xúc biệt không biệt định, thường khởi phát trong tuổi trẻ em và thanh thiếu niên"
F98.2,Rối loạn ăn uống ở trẻ dưới một năm và trẻ em
F92.0,Rối loạn hành vi trầm cảm
F92.9,Rối loạn hỗn hợp của hành vi và cảm xúc không biệt định
F92.8,Rối loạn hỗn hợp của hành vi và cảm xúc khác
F94.0,Không nói chọn lọc
F94.8,Rối loạn khác ở trẻ em về hoạt động xã hội
F94.9,Rối loạn hoạt động xã hội ở trẻ em không biệt định
F94.2,Rối loạn sự gắn bó giải ức chế của trẻ em
F94.1,Rối loạn phản ứng trong sự gắn bó ở tuổi trẻ em
F90.9,"Rối loạn tăng động, không biệt định"
F90.8,Rối loạn tăng động khác
F90.0,Rối loạn của hoạt động và chú ý
F90.1,Rối loạn hành vi tăng động
F93.3,Rối loạn ganh tỵ đối với anh chị em ruột
F93.8,Rối loạn cảm xúc khác ở trẻ em
F93.2,Rối loạn lo âu xã hội ở trẻ em
F93.1,Rối loạn ám ảnh sợ ở trẻ em
F93.0,Rối loạn lo âu chia ly ở trẻ em
F93.9,"Rối loạn cảm xúc ở tuổi trẻ em, không biệt định"
F53.0,"Rối loạn hành vi và tâm thần nhẹ kết hợp với thời kì sinh đẻ, không phân loại nơi khác"
F53.1,"Rối loạn hành vi và tâm thần nặng kết hợp với thời kì sinh đẻ, không phân loại nơi khác"
F53.8,"Rối loạn hành vi và tâm thần khác kết hợp với thời kỳ sinh đẻ, không phân loại nơi khác"
F53.9,"Rối loạn tâm thần kết hợp với thời kì sinh đẻ, không biệt định"
F51.4,Hoảng sợ khi ngủ [hoảng sợ ban đêm]
F51.1,Ngủ nhiều không thực tổn
F51.0,Mất ngủ không thực tổn
F51.5,Ác mộng
F51.3,Chứng miên hành
F51.9,"Rối loạn giấc ngủ không thực tổn, không biệt định"
F51.2,Rối loạn nhịp thức ngủ không thực tổn
F51.8,Rối loạn giấc ngủ không thực tổn khác
F52.7,Xu hướng tình dục quá độ
F52.5,Co thắt âm đạo không do nguyên nhân thực thể
F52.8,"Loạn chức năng tình dục khác, không do bệnh lý hoặc rối loạn thực tổn"
F52.4,Phóng tinh sớm
F52.9,"Loạn chức năng tình dục không biệt định khác, không do bệnh lý hoặc rối loạn thực tổn"
F52.2,Thất bại trong đáp ứng tình dục
F52.0,Thiếu hoặc mất ham muốn tình dục
F52.3,Loạn chức năng cực khoái
F52.6,Đau khi giao hợp không thực tổn
F52.1,Ghét sợ tình dục và thiếu thích thú tình dục
F50.1,Chán ăn tâm thần không điển hình
F50.9,"Rối loạn ăn uống, không biệt định"
F50.0,Chán ăn tâm thần
F50.4,Chứng ăn nhiều kết hợp với các rối loạn tâm lý khác
F50.5,Nôn kết hợp với các rối loạn tâm lý khác
F50.8,Rối loạn ăn uống khác
F50.2,Ăn vô độ tâm thần
F50.3,Ăn vô độ tâm thần không điển hình
F18.7,Rối loạn tâm thần và hành vi do sử dụng dung môi dễ bay hơi: Rối loạn loạn thần di chứng và khởi phát muộn
F18.4,Rối loạn tâm thần và hành vi do sử dụng dung môi dễ bay hơi: Trạng thái cai với mê sảng
F18.6,Rối loạn tâm thần và hành vi do sử dụng dung môi dễ bay hơi: Hội chứng quên
F18.8,Rối loạn tâm thần và hành vi do sử dụng dung môi dễ bay hơi: Rối loạn tâm thần và hành vi khác
F18.0,Rối loạn tâm thần và hành vi do sử dụng dung môi dễ bay hơi: Ngộ độc cấp
F18.9,Rối loạn tâm thần và hành vi do sử dụng dung môi dễ bay hơi: Rối loạn tâm thần và hành vi không biệt định
F18.2,Rối loạn tâm thần và hành vi do sử dụng dung môi dễ bay hơi: Hội chứng nghiện
F18.5,Rối loạn tâm thần và hành vi do sử dụng dung môi dễ bay hơi: Rối loạn tâm thần
F18.1,Rối loạn tâm thần và hành vi do sử dụng dung môi dễ bay hơi: Sử dụng gây hại
F18.3,Rối loạn tâm thần và hành vi do sử dụng dung môi dễ bay hơi: Trạng thái cai
F12.3,Trạng thái cai cần sa
F12.7,Rối loạn loạn thần di chứng và khởi phát muộn do sử dụng cần sa
F12.2,Hội chứng nghiện cần sa
F12.8,Các rối loạn tâm thần và hành vi khác do sử dụng cần sa
F12.5,Rối loạn loạn thần do sử dụng cần sa
F12.0,Ngộ độc cấp do sử dụng cần sa
F12.1,Sử dụng gây hại cần sa
F12.9,Rối loạn tâm thần và hành vi không biệt định do sử dụng cần sa
F12.4,Trạng thái cai với mê sảng do sử dụng cần sa
F12.6,Hội chứng quên do sử dụng cần sa
F16.4,Rối loạn tâm thần và hành vi do sử dụng các chất gây ảo giác: Trạng thái cai với mê sảng
F16.0,Rối loạn tâm thần và hành vi do sử dụng các chất gây ảo giác: Ngộ độc cấp
F16.6,Rối loạn tâm thần và hành vi do sử dụng các chất gây ảo giác: Hội chứng quên
F16.2,Rối loạn tâm thần và hành vi do sử dụng các chất gây ảo giác: Hội chứng nghiện
F16.7,Rối loạn tâm thần và hành vi do sử dụng các chất gây ảo giác: Rối loạn loạn thần di chứng và khởi phát muộn
F16.9,Rối loạn tâm thần và hành vi do sử dụng các chất gây ảo giác: Rối loạn tâm thần và hành vi không biệt định
F16.8,Rối loạn tâm thần và hành vi do sử dụng các chất gây ảo giác: Rối loạn tâm thần và hành vi khác
F16.3,Rối loạn tâm thần và hành vi do sử dụng các chất gây ảo giác: Trạng thái cai
F16.5,Rối loạn tâm thần và hành vi do sử dụng các chất gây ảo giác: Rối loạn tâm thần
F16.1,Rối loạn tâm thần và hành vi do sử dụng các chất gây ảo giác: Sử dụng gây hại
F15.7,"Rối loạn tâm thần và hành vi do sử dụng chất kích thích khác, bao gồm cả caffein: Rối loạn loạn thần di chứng và khởi phát muộn"
F15.5,"Rối loạn tâm thần và hành vi do sử dụng chất kích thích khác, bao gồm cả caffein: Rối loạn tâm thần"
F15.3,"Rối loạn tâm thần và hành vi do sử dụng chất kích thích khác, bao gồm cả caffein: Trạng thái cai"
F15.6,"Rối loạn tâm thần và hành vi do sử dụng chất kích thích khác, bao gồm cả caffein: Hội chứng quên"
F15.2,"Rối loạn tâm thần và hành vi do sử dụng chất kích thích khác, bao gồm cả caffein: Hội chứng nghiện"
F15.1,"Rối loạn tâm thần và hành vi do sử dụng chất kích thích khác, bao gồm cả caffein: Sử dụng gây hại"
F15.0,"Rối loạn tâm thần và hành vi do sử dụng chất kích thích khác, bao gồm cả caffein: Ngộ độc cấp"
F15.8,"Rối loạn tâm thần và hành vi do sử dụng chất kích thích khác, bao gồm cả caffein: Rối loạn tâm thần và hành vi khác"
F15.4,"Rối loạn tâm thần và hành vi do sử dụng chất kích thích khác, bao gồm cả caffein: Trạng thái cai với mê sảng"
F15.9,"Rối loạn tâm thần và hành vi do sử dụng chất kích thích khác, bao gồm cả caffein: Rối loạn tâm thần và hành vi không biệt định"
F17.3,Rối loạn tâm thần và hành vi do sử dụng thuốc lá: Trạng thái cai
F17.9,Rối loạn tâm thần và hành vi do sử dụng thuốc lá: Rối loạn tâm thần và hành vi không biệt định
F17.8,Rối loạn tâm thần và hành vi do sử dụng thuốc lá: Rối loạn tâm thần và hành vi khác
F17.1,Rối loạn tâm thần và hành vi do sử dụng thuốc lá: Sử dụng gây hại
F17.5,Rối loạn tâm thần và hành vi do sử dụng thuốc lá: Rối loạn tâm thần
F17.7,Rối loạn tâm thần và hành vi do sử dụng thuốc lá: Rối loạn loạn thần di chứng và khởi phát muộn
F17.0,Rối loạn tâm thần và hành vi do sử dụng thuốc lá: Ngộ độc cấp
F17.4,Rối loạn tâm thần và hành vi do sử dụng thuốc lá: Trạng thái cai với mê sảng
F17.6,Rối loạn tâm thần và hành vi do sử dụng thuốc lá: Hội chứng quên
F17.2,Rối loạn tâm thần và hành vi do sử dụng thuốc lá: Hội chứng nghiện
F19.9,Rối loạn tâm thần và hành vi do sử dụng nhiều loại ma tuý và chất tác động tâm thần khác: Rối loạn tâm thần và hành vi không biệt định
F19.5,Rối loạn tâm thần và hành vi do sử dụng nhiều loại ma tuý và chất tác động tâm thần khác: Rối loạn tâm thần
F19.0,Rối loạn tâm thần và hành vi do sử dụng nhiều loại ma tuý và chất tác động tâm thần khác: Ngộ độc cấp
F19.1,Rối loạn tâm thần và hành vi do sử dụng nhiều loại ma tuý và chất tác động tâm thần khác: Sử dụng gây hại
F19.2,Rối loạn tâm thần và hành vi do sử dụng nhiều loại ma tuý và chất tác động tâm thần khác: Hội chứng nghiện
F19.4,Rối loạn tâm thần và hành vi do sử dụng nhiều loại ma tuý và chất tác động tâm thần khác: Trạng thái cai với mê sảng
F19.8,Rối loạn tâm thần và hành vi do sử dụng nhiều loại ma tuý và chất tác động tâm thần khác: Rối loạn tâm thần và hành vi khác
F19.3,Rối loạn tâm thần và hành vi do sử dụng nhiều loại ma tuý và chất tác động tâm thần khác: Trạng thái cai
F19.6,Rối loạn tâm thần và hành vi do sử dụng nhiều loại ma tuý và chất tác động tâm thần khác: Hội chứng quên
F19.7,Rối loạn tâm thần và hành vi do sử dụng nhiều loại ma tuý và chất tác động tâm thần khác: Rối loạn loạn thần di chứng và khởi phát muộn
F10.9,Rối loạn tâm thần và hành vi không biệt định do sử dụng rượu
F10.6,Hội chứng quên do rượu
F10.1,Sử dụng gây hại do rượu
F10.0,Ngộ độc cấp do sử dụng rượu
F10.3,Trạng thái cai rượu
F10.7,Rối loạn loạn thần di chứng và khởi phát muộn do rượu
F10.4,Trạng thái cai với mê sảng do sử dụng rượu
F10.8,Các rối loạn tâm thần và hành vi khác do sử dụng rượu
F10.5,Rối loạn loạn thần do rượu
F10.2,Hội chứng nghiện rượu
F13.7,Rối loạn tâm thần và hành vi do sử dụng các chất an thần hoặc các thuốc ngủ: Rối loạn loạn thần di chứng và khởi phát muộn
F13.3,Rối loạn tâm thần và hành vi do sử dụng các chất an thần hoặc các thuốc ngủ: Trạng thái cai
F13.0,Rối loạn tâm thần và hành vi do sử dụng các chất an thần hoặc các thuốc ngủ: Ngộ độc cấp
F13.8,Rối loạn tâm thần và hành vi do sử dụng các chất an thần hoặc các thuốc ngủ: Rối loạn tâm thần và hành vi khác
F13.1,Rối loạn tâm thần và hành vi do sử dụng các chất an thần hoặc các thuốc ngủ: Sử dụng gây hại
F13.5,Rối loạn tâm thần và hành vi do sử dụng các chất an thần hoặc các thuốc ngủ: Rối loạn tâm thần
F13.4,Rối loạn tâm thần và hành vi do sử dụng các chất an thần hoặc các thuốc ngủ: Trạng thái cai với mê sảng
F13.2,Rối loạn tâm thần và hành vi do sử dụng các chất an thần hoặc các thuốc ngủ: Hội chứng nghiện
F13.9,Rối loạn tâm thần và hành vi do sử dụng các chất an thần hoặc các thuốc ngủ: Rối loạn tâm thần và hành vi không biệt định
F13.6,Rối loạn tâm thần và hành vi do sử dụng các chất an thần hoặc các thuốc ngủ: Hội chứng quên
F14.9,Rối loạn tâm thần và hành vi do sử dụng cocain: Rối loạn tâm thần và hành vi không biệt định
F14.5,Rối loạn tâm thần và hành vi do sử dụng cocain: Rối loạn tâm thần
F14.3,Rối loạn tâm thần và hành vi do sử dụng cocain: Trạng thái cai
F14.0,Rối loạn tâm thần và hành vi do sử dụng cocain: Ngộ độc cấp
F14.1,Rối loạn tâm thần và hành vi do sử dụng cocain: Sử dụng gây hại
F14.6,Rối loạn tâm thần và hành vi do sử dụng cocain: Hội chứng quên
F14.8,Rối loạn tâm thần và hành vi do sử dụng cocain: Rối loạn tâm thần và hành vi khác
F14.2,Rối loạn tâm thần và hành vi do sử dụng cocain: Hội chứng nghiện
F14.4,Rối loạn tâm thần và hành vi do sử dụng cocain: Trạng thái cai với mê sảng
F14.7,Rối loạn tâm thần và hành vi do sử dụng cocain: Rối loạn loạn thần di chứng và khởi phát muộn
F11.9,Rối loạn tâm thần và hành vi không biệt định do sử dụng các chất dạng thuốc phiện
F11.0,Ngộ độc cấp do sử dụng các chất dạng thuốc phiện
F11.2,Hội chứng nghiện cần sa
F11.7,"Rối loạn loạn thần di chứng và khởi phát muộn do sử dụng các chất
dạng thuốc phiện"
F11.8,"Các rối loạn tâm thần và hành vi khác do sử dụng các chất dạng thuốc
phiện"
F11.6,Hội chứng quên do sử dụng các chất dạng thuốc phiện
F11.3,Trạng thái cai các chất dạng thuốc phiện
F11.4,Trạng thái cai với mê sảng do sử dụng các chất dạng thuốc phiện
F11.5,Rối loạn loạn thần do sử dụng các chất dạng thuốc phiện
F11.1,Sử dụng gây hại các chất dạng thuốc phiện
F40.2,Ám ảnh sợ đặc hiệu (riêng lẻ)
F40.8,Rối loạn lo âu ám ảnh sợ khác
F40.1,Ám ảnh sợ xã hội
F40.9,"Rối loạn lo âu ám ảnh sợ, không biệt định"
F40.0,Ám ảnh sợ khoảng trống
F44.8,Rối loạn phân ly [chuyển di] khác
F44.2,Sững sờ phân ly
F44.1,Trốn nhà phân ly
F44.6,Tê và mất cảm giác phân ly
F44.5,Co giật phân ly
F44.0,Quên phân ly
F44.4,Rối loạn vận động phân ly
F44.3,Rối loạn lên đồng và bị xâm nhập
F44.7,Rối loạn phân ly [chuyển di] hỗn hợp
F44.9,"Rối loạn phân ly [chuyển di], không biệt định"
F43.1,Rối loạn stress sau sang chấn
F43.8,Phản ứng khác với stress trầm trọng
F43.9,"Phản ứng với stress trầm trọng, không đặc hiệu"
F43.2,Rối loạn sự thích ứng
F43.0,Phản ứng stress cấp
F41.8,Rối loạn lo âu biệt định khác
F41.2,Rối loạn hỗn hợp lo âu và trầm cảm
F41.1,Rối loạn lo âu lan toả
F41.0,Rối loạn hoảng sợ [lo âu kịch phát từng giai đoạn]
F41.3,Rối loạn lo âu hỗn hợp khác
F41.9,"Rối loạn lo âu, không biệt định"
F42.8,Rối loạn ám ảnh cưỡng chế khác
F42.0,Những ý tưởng hoặc nghiền ngẫm ám ảnh chiếm ưu thế
F42.2,Ý tưởng và các hành vi ám ảnh hỗn hợp
F42.1,Các hành vi cưỡng chế chiếm ưu thế [các ám ảnh cưỡng chế]
F42.9,"Rối loạn ám ảnh cưỡng chế, không biệt định"
F45.8,Rối loạn dạng cơ thể khác
F45.3,Loạn chức năng thần kinh tự trị dạng cơ thể
F45.0,Rối loạn cơ thể hoá
F45.4,Rối loạn đau dạng cơ thể dai dẳng
F45.1,Rối loạn dạng cơ thể không biệt định
F45.2,Rối loạn nghi bệnh
F45.9,"Rối loạn dạng cơ thể, không biệt định"
F48.0,Bệnh suy nhược thần kinh
F48.8,Rối loạn tâm căn biệt định khác
F48.9,"Rối loạn tâm căn, không biệt định"
F48.1,Hội chứng giải thể nhân cách- tri giác sai thực tại
H94.8*,Những rối loạn đặc hiệu khác của tai trong các bệnh phân loại nơi khác
H94.0*,Viêm dây thần kinh thính giác trong bệnh nhiễm trùng và ký sinh trùng phân loại nơi khác
H93.2,Nhận thức thính giác bất thường khác.
H93.0,Bệnh do thoái hoá và do mạch máu của tai
H93.9,"Bệnh tai, không đặc hiệu"
H93.1,Ù tai
H93.3,Rối loạn của thần kinh thính giác
H93.8,Bệnh tai đặc hiệu khác
H91.3,"Câm điếc, không phân loại nơi khác"
H91.2,Nghe kém đột ngột không rõ nguyên nhân
H91.1,Nghe kém tuổi già [lão thính]
H91.8,Nghe kém đặc hiệu khác
H91.9,Nghe kém không đặc hiệu
H91.0,Nghe kém do ngộ độc tai
H95.0,Cholesteatoma tái diễn ở hố mổ khoét chũm
H95.8,Rối loạn khác của tai và xương chũm sau phẫu thuật
H95.9,"Rối loạn của tai và xương chũm sau phẫu thuật, không đặc hiệu"
H95.1,Bệnh khác sau mổ khoét chũm
H92.2,Chảy máu tai
H92.1,Chảy dịch tai
H92.0,Đau tai
H90.8,Nghe kém hỗn hợp dẫn truyền và giác quan không đặc hiệu
H90.4,"Nghe kém giác quan, một bên với sức nghe không hạn chế bên đối diện"
H90.3,"Nghe kém giác quan, hai bên"
H90.1,Nghe kém dẫn truyền một bên với sức nghe không hạn chế bên đối diện
H90.7,"Nghe kém hỗn hợp dẫn truyền và giác quan, một bên với sức nghe không hạn chế bên đối diện"
H90.2,Nghe kém dẫn truyền không đặc hiệu
H90.5,Nghe kém giác quan không đặc hiệu
H90.0,Nghe kém dẫn truyền hai bên
H90.6,"Nghe kém hỗn hợp dẫn truyền và giác quan, hai bên"
H60.2,Viêm tai ngoài ác tính
H60.0,Áp xe tai ngoài
H60.9,"Viêm tai ngoài, không đặc hiệu"
H60.4,Cholesteatoma tai ngoài
H60.5,Viêm tai ngoài cấp không nhiễm trùng
H60.8,Viêm tai ngoài khác
H60.1,Viêm mô tế bào tai ngoài
H60.3,Viêm tai ngoài nhiễm trùng khác
H62.1*,Viêm tai ngoài trong bệnh do vi rút phân loại nơi khác
H62.0*,Viêm tai ngoài trong bệnh nhiễm khuẩn phân loại nơi khác
H62.4*,Viêm tai ngoài trong bệnh khác phân loại nơi khác
H62.2*,Viêm tai ngoài trong bệnh nhiễm nấm
H62.3*,Viêm tai ngoài trong bệnh nhiễm trùng và ký sinh trùng khác phân loại nơi khác
H62.8*,Bệnh khác của tai ngoài trong bệnh phân loại nơi khác
H61.2,Nút ráy tai
H61.8,Bệnh tai ngoài xác định khác
H61.3,Hẹp ống tai ngoài mắc phải
H61.1,Bệnh loa tai không nhiễm trùng
H61.9,"Bệnh tai ngoài, không đặc hiệu"
H61.0,Viêm sụn vành tai
H83.8,Bệnh tai trong xác định khác
H83.3,Điếc tiếng ồn
H83.2,Rối loạn chức năng mê nhĩ
H83.9,"Bệnh tai trong, không đặc hiệu"
H83.1,Rò mê nhĩ
H83.0,Viêm mê nhĩ
H81.4,Chóng mặt do rối loạn tiền đình trung ương
H81.0,Bệnh Meniere
H81.8,Rối loạn chức năng tiền đình khác
H81.2,Viêm thần kinh tiền đình
H81.1,Chóng mặt kịch phát lành tính
H81.3,Chóng mặt do rối loạn tiền đình ngoại biên khác
H81.9,"Rối loạn chức năng tiền đình, không đặc hiệu"
H80.9,Xốp xơ tai không xác định
H80.1,"Xốp xơ tai vùng cửa sổ bầu dục, bít lấp cửa sổ bầu dục."
H80.8,Xốp xơ tai khác
H80.0,"Xốp xơ tai vùng cửa sổ bầu dục, không bít lấp cửa sổ bầu dục"
H80.2,Xốp xơ ốc tai
H75.8*,Những rối loạn đặc hiệu khác của tai giữa và xương chũm trong các bệnh phân loại nơi khác
H75.0*,Viêm xương chũm trong bệnh nhiễm trùng và ký sinh trùng phân loại nơi khác
H68.0,Viêm vòi Eustache
H68.1,Tắc vòi Eustache
H66.2,Viêm tai giữa thượng nhĩ sào bào mủ mạn
H66.3,Viêm tai giữa mủ mạn tính khác
H66.4,"Viêm tai giữa mủ, không đặc hiệu"
H66.9,"Viêm tai giữa, không đặc hiệu"
H66.0,Viêm tai giữa cấp mủ
H66.1,Viêm tai giữa vòi nhĩ mủ mạn
H67.0*,Viêm tai giữa trong bệnh nhiễm khuẩn phân loại nơi khác
H67.1*,Viêm tai giữa trong bệnh do vi rút phân loại nơi khác
H67.8*,Viêm tai giữa trong bệnh khác phân loại nơi khác
H70.9,"Viêm xương chũm, không đặc hiệu"
H70.0,Viêm xương chũm cấp
H70.8,Viêm xương chũm khác và tình trạng liên quan
H70.1,Viêm xương chũm mạn
H70.2,Viêm xương đá
H74.3,Những bất thường mắc phải khác của chuỗi xương con
H74.1,Bệnh tai giữa dính
H74.4,polyp tai giữa
H74.0,Xơ nhĩ
H74.8,Những rối loạn đặc hiệu khác của tai giữa và xương chũm
H74.9,Rối loạn ở tai giữa và xương chũm không xác định
H74.2,Gián đoạn và trật khớp chuỗi xương con
H72.2,Thủng màng nhĩ phần màng căng vùng rìa khác
H72.8,Thủng màng nhĩ khác
H72.1,Thủng màng nhĩ ở vị trí thượng nhĩ
H72.9,"Thủng màng nhĩ, không đặc hiệu"
H72.0,Thủng màng nhĩ trung tâm
H65.4,Viêm tai giữa không mủ mạn khác
H65.9,"Viêm tai giữa không mủ, không đặc hiệu"
H65.1,Viêm tai giữa không mủ cấp khác
H65.2,Viêm tai giữa ứ dịch mạn tính
H65.0,Viêm tai giữa ứ dịch cấp và bán cấp
H65.3,Viêm tai giữa tiết nhày mạn
H69.8,Bệnh vòi Eustache xác định khác
H69.0,Vòi Eustache rộng
H69.9,"Bệnh vòi Eustache, không đặc hiệu"
H73.0,Viêm màng nhĩ cấp
H73.8,Những rối loạn đặc hiệu khác của màng nhĩ
H73.1,Viêm màng nhĩ mạn
H73.9,"Bệnh màng nhĩ, không đặc hiệu"
Z23.8,Tiêm phòng bệnh nhiễm khuẩn đơn độc khác
Z23.0,Tiêm phòng tả đơn độc
Z23.5,Tiêm phòng uốn ván đơn độc
Z23.1,Tiêm phòng thương hàn- cận thương hàn đơn độc [TAB]
Z23.6,Tiêm phòng bạch hầu đơn độc
Z23.4,Tiêm phòng tularemia
Z23.2,Tiêm phòng lao [BCG]
Z23.3,Tiêm phòng dịch hạch
Z23.7,Tiêm phòng ho gà đơn độc
Z20.2,Tiếp xúc hoặc phơi nhiễm với các bệnh nhiễm trùng lây truyền qua đường tình dục
Z20.8,Tiếp xúc và phơi nhiễm với các bệnh lây truyền khác
Z20.6,Tiếp xúc và phơi nhiễm với vi rút suy giảm miễn dịch người [HIV]
Z20.3,Tiếp xúc và phơi nhiễm với vi rút dại
Z20.7,"Tiếp xúc và phơi nhiễm với chấy rận, giun đũa và các ký sinh trùng khác"
Z20.1,Tiếp xúc và phơi nhiễm với vi khuẩn lao
Z20.4,Tiếp xúc và phơi nhiễm với vi rút rubella
Z20.0,Tiếp xúc và phơi nhiễm với các bệnh nhiễm khuẩn đường ruột
Z20.5,Tiếp xúc và phơi nhiễm với vi rút viêm gan
Z20.9,Tiếp xúc và phơi nhiễm với bệnh lây truyền không xác định
Z29.0,Cách ly
Z29.9,"Biện pháp dự phòng, không xác định"
Z29.1,Liệu pháp miễn dịch dự phòng
Z29.2,Liệu pháp hoá trị liệu dự phòng khác
Z29.8,Các biện pháp dự phòng xác định khác
Z26.0,Tiêm phòng lesmania
Z26.8,Tiêm phòng các bệnh nhiễm trùng đơn độc xác định khác
Z26.9,Tiêm phòng các bệnh nhiễm trùng không xác định
Z27.3,Tiêm phòng bạch hầu- uốn ván- ho gà kèm bại liệt [DPT+ bại liệt]
Z27.8,Tiêm phòng các bệnh nhiễm trùng phối hợp khác
Z27.4,Tiêm phòng sởi- quai bị- rubella [MMR]
Z27.1,Tiêm phòng bạch hầu- uốn ván- ho gà phối hợp [DTP]
Z27.2,Tiêm phòng bạch hầu- uốn ván- ho gà kèm theo thương hàn- phó thương hàn [DPT+ TAB]
Z27.0,Tiêm phòng tả kèm theo thương hàn- phó thương hàn [tả+ TAB]
Z27.9,Tiêm phòng các bệnh nhiễm khuẩn phối hợp không xác định
Z22.4,Mang mầm bệnh nhiễm trùng lây truyền qua đường tình dục
Z22.9,"Mang mầm bệnh nhiễm trùng, không xác định"
Z22.7,Lao tiềm ẩn
Z22.0,Mang mầm bệnh thương hàn
Z22.3,Mang mầm bệnh các vi khuẩn xác định khác
Z22.1,Mang mầm bệnh nhiễm khuẩn đường ruột khác
Z22.6,Mang vi rút type 1 hướng lympho T người [HTLV.1]
Z22.8,Mang mầm bệnh nhiễm trùng khác
Z22.2,Mang mầm bệnh bạch hầu
Z24.3,Tiêm phòng sốt vàng da
Z24.1,Tiêm phòng viêm não vi rút do tiết túc mang
Z24.0,Tiêm phòng bại liệt
Z24.4,Tiêm phòng sởi đơn độc
Z24.2,Tiêm phòng bệnh dại
Z24.5,Tiêm phòng rubela đơn độc
Z24.6,Tiêm phòng viêm gan vi rút
Z28.1,Chưa tiêm chủng do người bệnh chưa quyết định vì lòng tin hay áp lực của nhóm
Z28.9,Chưa tiêm chủng vì lý do không xác định
Z28.8,Chưa tiêm chủng vì lý do khác
Z28.0,Chưa tiêm chủng do chống chỉ định
Z28.2,Chưa tiêm chủng do người bệnh chưa quyết định và những lý do khác và không xác định
Z25.8,Tiêm phòng các bệnh vi rút đơn độc xác định khác
Z25.1,Tiêm phòng bệnh cúm
Z25.0,Tiêm phòng quai bị đơn độc
Z54.7,Hồi phục sau điều trị phối hợp
Z54.8,Hồi phục sau điều trị khác
Z54.3,Hồi phục sau liệu pháp tâm thần
Z54.2,Hồi phục sau hoá trị liệu
Z54.1,Hồi phục sau xạ trị liệu
Z54.9,Hồi phục sau điều trị không xác định
Z54.4,Hồi phục sau điều trị gãy xương
Z54.0,Hồi phục sau phẫu thuật
Z53.2,"Người bệnh đến cơ sở y tế để thực hiện thủ thuật, phẫu thuật nhưng chưa thực hiện được vì lý do khác và không xác định của người bệnh"
Z53.1,"Người bệnh đến cơ sở y tế để thực hiện thủ thuật, phẫu thuật nhưng chưa thực hiện được vì niềm tin hay áp lực nhóm"
Z53.0,"Người bệnh đến cơ sở y tế để thực hiện thủ thuật, phẫu thuật nhưng chưa thực hiện được vì chống chỉ định"
Z53.9,"Phẫu thuật thủ thuật không được thực hiện, lý do không xác định"
Z53.8,Chưa thực hiện vì những lý do khác
Z47.8,Chăm sóc sau phẫu thuật chỉnh hình xác định khác
Z47.9,"Chăm sóc sau phẫu thuật chỉnh hình, không xác định"
Z47.0,Chăm sóc theo dõi liên quan đến tháo bỏ nẹp xương gãy và dụng cụ cố định bên trong khác
Z44.1,Lắp và điều chỉnh chân giả (toàn bộ) (một phần)
Z44.8,Lắp và điều chỉnh các dụng cụ nhân tạo (giả) bên ngoài khác
Z44.3,Lắp và điều chỉnh dụng cụ tạo hình vú gắn bên ngoài
Z44.2,Lắp và điều chỉnh mắt giả
Z44.9,"Lắp và điều chỉnh các dụng cụ nhân tạo (giả) bên ngoài, không xác định"
Z44.0,Lắp và điều chỉnh tay giả (toàn bộ) (một phần)
Z40.9,"Phẫu thuật dự phòng, không xác định"
Z40.8,Phẫu thuật dự phòng khác
Z40.0,Phẫu thuật dự phòng các nguy cơ liên quan đến u ác tính
Z51.4,"Chăm sóc chuẩn bị cho điều trị tiếp theo, không phân loại nơi khác"
Z51.8,Điều trị nội khoa xác định khác
Z51.0,Xạ trị ung thư
Z51.3,Truyền máu không có chẩn đoán ghi nhận
Z51.5,Chăm sóc giảm nhẹ
Z51.9,"Điều trị nội khoa, không xác định"
Z51.2,Hoá trị khác
Z51.1,Hoá trị ung thư
Z51.6,Giải mẫn cảm các dị nguyên
Z49.1,Lọc máu ngoài cơ thể
Z49.2,Các lọc máu khác
Z49.0,Chăm sóc chuẩn bị cho lọc máu
Z41.9,"Thực hiện các phẫu thuật, thủ thuật vì những mục đích khác không phải phục hồi sức khoẻ, không xác định"
Z41.0,Cấy tóc
Z41.3,Bấm lỗ tai
Z41.1,Phẫu thuật tạo hình do vẻ bên ngoài xấu
Z41.2,Cắt bao qui đầu thường quy hay theo phong tục
Z41.8,"Thực hiện các phẫu thuật, thủ thuật khác vì các mục đích khác không phải phục hồi sức khoẻ"
Z46.5,Lắp và điều chỉnh các dụng cụ gắn vào hỗng tràng và ruột non
Z46.7,Lắp và điều chỉnh dụng cụ chỉnh hình
Z46.4,Lắp và điều chỉnh dụng cụ chỉnh hình răng mặt
Z46.9,Lắp và điều chỉnh hình dụng cụ không xác định
Z46.3,Lắp và điều chỉnh dụng cụ phục hình răng
Z46.8,Lắp và điều chỉnh các dụng cụ xác định khác
Z46.0,Lắp và điều chỉnh kính và thấu kính tiếp xúc
Z46.1,Lắp và điều chỉnh dụng cụ trợ thính
Z46.2,Lắp và điều chỉnh các dụng cụ khác liên quan tới hệ thần kinh và các giác quan đặc biệt
Z46.6,Lắp và điều chỉnh các dụng cụ tiết niệu
Z48.8,Chăm sóc sau phẫu thuật xác định khác
Z48.0,Chăm sóc băng bó và chỉ khâu
Z48.9,"Chăm sóc sau phẫu thuật, không xác định"
Z50.4,"Tâm lý trị liệu, không phân loại nơi khác"
Z50.8,Chăm sóc liên quan đến sử dụng các phương pháp điều trị phục hồi chức năng khác
Z50.9,"Chăm sóc liên quan đến phương pháp phục hồi chức năng, không xác định"
Z50.2,Phục hồi chức năng nghiện rượu
Z50.3,Phục hồi chức năng nghiện ma tuý
Z50.6,Huấn luyện về chỉnh thị
Z50.5,Âm ngữ trị liệu
Z50.1,Vật lí trị liệu khác
Z50.7,"Hoạt động trị liệu và phục hồi chức năng nghề nghiệp, không xác định"
Z50.0,Phục hồi chức năng tim
Z43.2,Chăm sóc lỗ mở thông hồi tràng
Z43.9,Chăm sóc lỗ mở nhân tạo không xác định
Z43.7,Chăm sóc âm đạo nhân tạo
Z43.6,Chăm sóc các lỗ mở nhân tạo khác của đường tiết niệu
Z43.0,Chăm sóc lỗ mở khí quản
Z43.3,Chăm sóc lỗ mở thông đại tràng
Z43.1,Chăm sóc lỗ mở thông dạ dày
Z43.4,Chăm sóc các lỗ mở nhân tạo khác của đường tiêu hoá
Z43.5,Chăm sóc lỗ mở thông bàng quang
Z43.8,Chăm sóc các lỗ mở nhân tạo khác
Z52.9,Người hiến các tạng và mô không xác định
Z52.4,Người hiến thận
Z52.0,Người hiến máu
Z52.1,Người hiến da
Z52.6,Người hiến gan
Z52.3,Người hiến tuỷ xương
Z52.7,Người hiến tim
Z52.8,Người hiến các tạng và mô khác
Z52.2,Người hiến xương
Z52.5,Người hiến giác mạc
Z45.3,Điều chỉnh và quản lý dụng cụ Implant thính giác
Z45.8,Điều chỉnh và quản lý các dụng cụ cấy ghép khác
Z45.0,Điều chỉnh và quản lý thiết bị tạo nhịp tim
Z45.1,Điều chỉnh và quản lý bơm tiêm tự động (cấy ghép trên cơ thể)
Z45.2,Điều chỉnh và quản lý dụng cụ mở đường vào mạch máu
Z45.9,Điều chỉnh và quản lý dụng cụ cấy ghép không xác định
Z42.0,Chăm sóc theo dõi liên quan phẫu thuật tạo hình vùng đầu và cổ
Z42.2,Chăm sóc theo dõi liên quan phẫu thuật tạo hình các phần khác của thân mình
Z42.1,Chăm sóc theo dõi liên quan phẫu thuật tạo hình vú
Z42.4,Chăm sóc theo dõi liên quan phẫu thuật tạo hình chi dưới
Z42.3,Chăm sóc theo dõi liên quan phẫu thuật tạo hình chi trên
Z42.9,"Chăm sóc theo dõi liên quan phẫu thuật tạo hình, không xác định"
Z42.8,Chăm sóc theo dõi liên quan phẫu thuật tạo hình các phần khác của cơ thể
Z38.4,"Trẻ sinh đôi, ngoài bệnh viện"
Z38.7,"Trẻ sinh đa thai, sinh ngoài bệnh viện"
Z38.0,"Trẻ sinh đơn, sinh tại bệnh viện"
Z38.5,"Trẻ sinh đôi, nơi sinh không xác định"
Z38.3,"Trẻ sinh đôi, sinh tại bệnh viện"
Z38.2,"Trẻ sinh đơn, nơi sinh không xác định"
Z38.1,"Trẻ sinh đơn, sinh ngoài bệnh viện"
Z38.8,"Trẻ sinh đa thai, nơi sinh không xác định"
Z38.6,"Trẻ sinh đa thai, sinh tại bệnh viện"
Z35.9,"Theo dõi thai phụ có nguy cơ cao, không xác định"
Z35.0,Theo dõi thai phụ có tiền sử vô sinh
Z35.5,Theo dõi thai phụ ở người nhiều tuổi mang thai lần đầu
Z35.2,Theo dõi thai phụ có tiền sử chửa khó hoặc đẻ khó
Z35.4,Theo dõi thai phụ với các bà mẹ đẻ nhiều lần
Z35.1,Theo dõi thai phụ có tiền sử sảy thai
Z35.8,Theo dõi thai phụ có nguy cơ cao khác
Z35.6,Theo dõi thai lần đầu ở người quá trẻ tuổi
Z35.3,Theo dõi thai phụ có tiền sử chăm sóc trước sinh không đầy đủ
Z35.7,Theo dõi thai phụ có nguy cơ cao do các vấn đề xã hội
Z32.0,Có thai chưa khẳng định
Z32.1,Có thai đã được khẳng định
Z31.0,Tái tạo vòi trứng hay ống dẫn tinh sau triệt sản trước đó
Z31.1,Thụ tinh nhân tạo
Z31.6,Tư vấn tổng quát và lời khuyên về sinh sản
Z31.3,Các phương pháp hỗ trợ sinh sản khác
Z31.8,Quản lý sinh sản khác
Z31.5,Tư vấn về gen
Z31.9,"Quản lý sinh sản, không xác định"
Z31.2,Thụ tinh trong ống nghiệm
Z31.4,Thăm khám lượng giá và xét nghiệm sinh sản
Z34.9,"Theo dõi thai bình thường, không xác định"
Z34.0,Theo dõi thai bình thường lần đầu
Z34.8,Theo dõi thai bình thường khác
Z37.5,"Sinh nhiều con, tất cả đều sống"
Z37.1,"Sinh một con, trẻ chết khi sinh"
Z37.0,"Sinh một con, trẻ sống"
Z37.6,"Sinh nhiều con, trong đó một số trẻ sinh ra sống"
Z37.7,"Sinh nhiều con, tất cả chết khi sinh"
Z37.2,"Sinh đôi, sống cả hai trẻ"
Z37.4,"Sinh đôi, cả hai chết khi sinh"
Z37.9,"Chuyển dạ có đẻ, không xác định tình trạng con."
Z37.3,"Sinh đôi, một trẻ sinh ra sống, một trẻ chết khi sinh"
Z30.3,Hút kinh nguyệt
Z30.2,Triệt sản
Z30.4,Theo dõi sử dụng thuốc tránh thai
Z30.9,"Quản lý tránh thai, không xác định"
Z30.8,Quản lý tránh thai khác
Z30.0,Tư vấn tổng quát và lời khuyên về tránh thai
Z30.5,Theo dõi dụng cụ tránh thai (trong tử cung)
Z30.1,Đặt dụng cụ tránh thai (trong tử cung)
Z39.0,Chăm sóc và khám ngay sau đẻ
Z39.1,Chăm sóc và khám các bà mẹ cho con bú
Z39.2,Khám theo dõi thường quy sau đẻ
Z36.1,Khám sàng lọc trước sinh về mức Alphafetoprotein tăng
Z36.3,Khám sàng lọc trước sinh về các dị dạng qua siêu âm hay phương pháp vật lý khác
Z36.2,Khám sàng lọc trước sinh khác dựa vào chọc màng ối qua thành bụng
Z36.0,Khám sàng lọc trước sinh về bất thường nhiễm sắc thể
Z36.8,Khám sàng lọc trước sinh khác
Z36.9,"Khám sàng lọc trước sinh, không xác định"
Z36.5,Khám sàng lọc trước sinh về miễn dịch đồng loại
Z36.4,Khám sàng lọc trước sinh về thai chậm lớn bằng siêu âm hay các phương pháp vật lý khác
Z74.0,Nhu cầu trợ giúp cho giảm di chuyển
Z74.2,Nhu cầu trợ giúp chăm sóc tại nhà và nhu cầu trợ giúp khi trong nhà không ai có khả năng chăm sóc
Z74.3,Nhu cầu Theo dõi liên tục
Z74.8,Các vấn đề khác liên quan đến phụ thuộc của bản thân vào người chăm sóc
Z74.9,"Các vấn đề liên quan đến phụ thuộc vào người chăm sóc chuyên nghiệp, không xác định"
Z74.1,Nhu cầu trợ giúp chăm sóc cho bản thân
Z75.0,Các dịch vụ y học không có sẵn tại nhà
Z75.2,Giai đoạn chờ đợi để kiểm tra và điều trị
Z75.9,Các vấn đề khác liên quan đến cơ sở y tế và chăm sóc sức khoẻ khác không xác định
Z75.5,Chăm sóc thay thế trong kỳ nghỉ
Z75.3,Không sử dụng được và không tiếp cận được các phương tiện chăm sóc
Z75.8,Các vấn đề khác liên quan đến cơ sở y tế và chăm sóc sức khoẻ khác
Z75.4,Không có sẵn hoặc không tiếp cận được với các cơ quan trợ giúp khác
Z75.1,Người chờ đợi được thu nhận vào một cơ sở thích hợp nào đó
Z72.9,"Vấn đề liên quan đến lối sống, không xác định"
Z72.6,Đánh bạc và đánh cuộc
Z72.1,Sử dụng rượu
Z72.3,Không luyện tập thể dục
Z72.8,Các vấn đề khác liên quan đến lối sống
Z72.4,Chế độ ăn uống và thói quen ăn uống không thích hợp
Z72.2,Sử dụng ma tuý
Z72.0,Sử dụng thuốc lá
Z72.5,Hành vi tình dục nguy cơ cao
Z70.9,"Tư vấn tình dục, không xác định"
Z70.0,Tư vấn liên quan đến thái độ tình dục
Z70.2,Tư vấn về thái độ và khuynh hướng tình dục của nhân vật thứ ba
Z70.8,Các tư vấn khác về tình dục
Z70.1,Tư vấn về thái độ và khuynh hướng tình dục của người bệnh
Z70.3,"Tư vấn liên quan đến các lo âu hỗn hợp về hành vi, thái độ và khuynh hướng tình dục"
Z76.0,Kê đơn lĩnh thuốc theo hẹn
Z76.4,Người nội trú khác trong cơ sở y tế
Z76.9,Người đến cơ sở y tế trong hoàn cảnh không xác định
Z76.2,"Theo dõi sức khoẻ, chăm sóc trẻ sơ sinh và trẻ em khoẻ mạnh khác"
Z76.5,Giả bệnh [đóng giả có ý thức]
Z76.3,Người khoẻ đi theo người ốm
Z76.1,Theo dõi sức khoẻ và chăm sóc trẻ bị bỏ rơi
Z76.8,Người đến cơ sở y tế trong hoàn cảnh xác định khác
Z71.4,Tư vấn và theo dõi lạm dụng rượu
Z71.2,Người đến tư vấn để được giải thích về các kết quả thăm khám
Z71.7,Tư vấn về vi rút suy giảm miễn dịch người (HIV)
Z71.8,Tư vấn đặc hiệu khác
Z71.3,Tư vấn và theo dõi chế độ ăn uống
Z71.0,Người thay mặt cho người khác đến tư vấn
Z71.9,"Tư vấn, không xác định"
Z71.5,Tư vấn và giám sát lạm dụng ma tuý
Z71.1,Người than phiền lo sợ những việc không được chứng minh
Z71.6,Tư vấn lạm dụng thuốc lá
Z73.0,Cạn kiệt
Z73.4,"Kỹ năng xã hội không đầy đủ, không phân loại nơi khác"
Z73.5,"Mâu thuẫn vai trò xã hội, không phân loại nơi khác"
Z73.1,Cá tính nổi trội
Z73.8,Các vấn đề khác liên quan đến khó khăn về quản trị cuộc sống
Z73.9,"Vấn đề liên quan đến khó khăn về quản trị cuộc sống, không xác định"
Z73.2,Thiếu thư giãn và giải trí
Z73.3,"Căng thẳng, không phân loại ở nơi khác"
Z73.6,Hạn chế hoạt động vì khuyết tật
Z85.9,"Tiền sử bản thân có u ác tính, không xác định"
Z85.3,Tiền sử bản thân có u ác tính ở vú
Z85.2,Tiền sử bản thân có u ác tính ở các cơ quan hô hấp và các cơ quan khác trong lồng ngực
Z85.4,Tiền sử bản thân có u ác tính ở các cơ quan sinh dục
Z85.6,Tiền sử bản thân có bệnh bạch cầu
Z85.5,Tiền sử bản thân có u ác tính của đường tiết niệu
Z85.7,"Tiền sử bản thân có u ác tính hệ lympho, cơ quan tạo máu và tổ chức tạo máu"
Z85.1,"Tiền sử bản thân có u ác tính ở khí quản, phế quản và phổi"
Z85.8,Tiền sử bản thân có u ác tính ở các cơ quan và hệ thống khác
Z85.0,Tiền sử bản thân có u ác tính của cơ quan tiêu hoá
Z90.1,Mất vú mắc phải (một hoặc hai bên)
Z90.7,Mất cơ quan sinh dục mắc phải
Z90.2,Mất phổi mắc phải [một phần]
Z90.4,Mất các phần khác của đường tiêu hoá mắc phải
Z90.0,Mất một phần của đầu và cổ mắc phải
Z90.8,Mất các cơ quan khác mắc phải
Z90.5,Mất thận mắc phải
Z90.6,Mất các cơ quan khác của hệ tiết niệu mắc phải
Z90.3,Mất một phần dạ dày mắc phải
Z97.1,Còn chi giả (toàn bộ) (một phần)
Z97.2,Còn dụng cụ phục hình răng (toàn bộ) (một phần)
Z97.0,Còn mắt nhân tạo [mắt giả]
Z97.5,Còn dụng cụ tránh thai (trong tử cung)
Z97.8,Còn các dụng cụ xác định khác
Z97.4,Còn dụng cụ trợ thính bên ngoài
Z97.3,Còn mắt kính và thấu kính tiếp xúc
Z98.0,Tình trạng nối tắt ruột và nối ruột
Z98.2,Còn dụng cụ dẫn lưu dịch não tuỷ
Z98.1,Tình trạng đóng cứng khớp
Z98.8,Các tình trạng sau phẫu thuật xác định khác
Z92.0,Tiền sử cá nhân sử dụng biện pháp tránh thai
Z92.1,Tiền sử bản thân (đang) sử dụng dài ngày các thuốc chống đông
Z92.3,Tiền sử bản thân đã điều trị tia xạ
Z92.5,Tiền sử bản thân có điều trị bằng các phương pháp phục hồi chức năng
Z92.9,"Tiền sử bản thân có các điều trị, không xác định"
Z92.6,Tiền sử bản thân về hoá trị liệu bệnh u bướu
Z92.4,"Tiền sử bản thân đã phẫu thuật lớn, không phân loại nơi khác"
Z92.8,Tiền sử bản thân có các điều trị khác
Z92.2,Tiền sử bản thân (đang) sử dụng dài ngày các thuốc khác
Z82.1,Tiền sử gia đình có mù loà và mất thị giác
Z82.6,Tiền sử gia đình có viêm khớp và các bệnh khác về hệ cơ xương và tổ chức liên kết
Z82.4,Tiền sử gia đình có bệnh tim thiếu máu cục bộ và các bệnh khác của hệ tuần hoàn
Z82.2,Tiền sử gia đình có điếc và mất thính giác
Z82.8,"Tiền sử gia đình có người khuyết tật và các bệnh mạn tính khác dẫn đến tàn tật, không phân loại nơi khác"
Z82.3,Tiền sử gia đình có tai biến mạch máu não
Z82.0,Tiền sử gia đình có động kinh và các bệnh khác của hệ thần kinh
Z82.7,"Tiền sử gia đình có dị tật bẩm sinh, dị tật và bất thường nhiễm sắc thể"
Z82.5,Tiền sử gia đình có hen và các bệnh mạn tính khác của đường hô hấp dưới
Z86.3,Tiền sử bản thân có các bệnh về nội tiết dinh dưỡng và chuyển hoá
Z86.2,Tiền sử bản thân có các bệnh về máu và cơ quan tạo máu và một số rối loạn về cơ chế miễn dịch
Z86.1,Tiền sử bản thân có bệnh nhiễm trùng và ký sinh trùng
Z86.6,Tiền sử bản thân có các bệnh về hệ thần kinh và các giác quan
Z86.7,Tiền sử bản thân có các bệnh về hệ tuần hoàn
Z86.4,Tiền sử bản thân có lạm dụng chất kích thần
Z86.0,Tiền sử bản thân có các khối u khác
Z86.5,Tiền sử bản thân có các rối loạn tâm thần và hành vi khác
Z89.8,Mất chi trên và chi dưới mắc phải (bất kỳ mức nào)
Z89.5,Mất cẳng chân tại khớp gối hay dưới khớp gối mắc phải
Z89.9,"Mất chi mắc phải, không xác định"
Z89.6,Mất cẳng chân trên khớp gối mắc phải
Z89.3,Mất cả hai chi trên mắc phải [bất kỳ mức nào]
Z89.4,Mất bàn chân và mắt cá chân mắc phải (nhiều) ngón chân
Z89.2,Mất chi trên ở trên ở cổ tay mắc phải
Z89.1,Mất bàn tay và cổ tay mắc phải
Z89.7,"Mất cả hai chi dưới mắc phải [bất kỳ mức nào, trừ riêng ngón chân]"
Z89.0,"Mất nhiều ngón tay mắc phải [kể cả ngón cái], một bên"
Z88.5,Tiền sử bản thân dị ứng với các chất gây ngủ
Z88.4,Tiền sử bản thân dị ứng với thuốc gây mê
Z88.8,"Tiền sử bản thân dị ứng với thuốc, dược phẩm và chất sinh học khác"
Z88.6,Tiền sử bản thân dị ứng với các tác nhân giảm đau
Z88.7,Tiền sử bản thân dị ứng với huyết thanh và Vắc xin
Z88.2,Tiền sử bản thân dị ứng với sulfonamides
Z88.0,Tiền sử bản thân dị ứng với penicillin
Z88.1,Tiền sử bản thân dị ứng với các kháng sinh khác
Z88.3,Tiền sử bản thân dị ứng với các tác nhân chống nhiễm khuẩn khác
Z88.9,"Tiền sử bản thân dị ứng với thuốc, dược phẩm và chất sinh học không xác định"
Z95.4,Còn van tim thay thế khác
Z95.1,Còn ghép nối động mạch chủ- vành (bypass)
Z95.9,"Còn thiết bị implant và vật ghép tim và mạch máu, không xác định"
Z95.8,Còn thiết bị implant và vật ghép của tim và mạch máu khác
Z95.3,Còn van tim sinh học
Z95.0,Còn các thiết bị điện tử tim mạch
Z95.2,Còn van tim nhân tạo
Z95.5,Còn thiết bị implant và vật ghép tạo hình động mạch vành
Z91.1,Tiền sử bản thân không tuân thủ điều trị và phác đồ điều trị
Z91.5,Tiền sử bản thân có tự hại
Z91.2,Tiền sử bản thân vệ sinh cá nhân kém
Z91.8,"Tiền sử bản thân có các yếu tố nguy cơ xác định khác, không phân loại nơi khác"
Z91.0,"Tiền sử bản thân có dị ứng, trừ dị ứng với thuốc và các chất sinh học"
Z91.6,Tiền sử bản thân có sang chấn thực thể khác
Z91.4,"Tiền sử bản thân có sang chấn tâm lý, không phân loại nơi khác"
Z91.3,Tiền sử bản thân có thói quen ngủ- thức không lành mạnh
Z99.0,Phụ thuộc máy hút
Z99.3,Phụ thuộc vào xe lăn
Z99.9,Phụ thuộc vào thiết bị và dụng cụ không xác định
Z99.8,Phụ thuộc vào các thiết bị và dụng cụ khác
Z99.2,Phụ thuộc chạy thận nhân tạo
Z99.1,Phụ thuộc máy thở
Z99.4,Phụ thuộc vào tim nhân tạo
Z87.7,"Tiền sử bản thân có các dị tật bẩm sinh, dị tật và bất thường nhiễm sắc thể"
Z87.8,Tiền sử bản thân có các tình trạng bệnh xác định khác
Z87.1,Tiền sử bản thân có các bệnh thuộc hệ tiêu hoá
Z87.5,"Tiền sử bản thân có các biến chứng của thai kỳ, sinh đẻ và sau đẻ"
Z87.3,Tiền sử bản thân có các bệnh thuộc hệ cơ xương và tổ chức liên kết
Z87.2,Tiền sử bản thân có các bệnh về da và tổ chức dưới da
Z87.4,Tiền sử bản thân có các bệnh thuộc hệ sinh dục tiết niệu
Z87.6,Tiền sử bản thân có một số bệnh xuất hiện trong thời kỳ chu sinh
Z87.0,Tiền sử bản thân có các bệnh thuộc hệ hô hấp
Z94.6,Tình trạng ghép xương
Z94.9,"Tình trạng đã ghép mô và bộ phận cơ thể, không xác định"
Z94.2,Tình trạng ghép phổi
Z94.3,Tình trạng ghép tim và phổi
Z94.0,Tình trạng ghép thận
Z94.8,Tình trạng đã ghép mô và bộ phận cơ thể khác
Z94.1,Tình trạng ghép tim
Z94.7,Tình trạng ghép giác mạc
Z94.4,Tình trạng ghép gan
Z94.5,Tình trạng ghép da
Z80.5,Tiền sử gia đình có u ác tính ở đường tiết niệu
Z80.3,Tiền sử gia đình có u ác tính ở vú
Z80.6,Tiền sử gia đình có bệnh bạch cầu
Z80.2,Tiền sử gia đình có u ác tính ở các cơ quan hô hấp và trong lồng ngực khác
Z80.0,Tiền sử gia đình có u ác tính ở cơ quan tiêu hoá
Z80.1,"Tiền sử gia đình có u ác tính ở khí quản, phế quản và phổi"
Z80.8,Tiền sử gia đình có u ác tính của cơ quan và hệ thống khác
Z80.7,"Tiền sử gia đình có u ác tính dạng lympho (bạch huyết), hệ tạo máu và các tổ chức liên quan"
Z80.9,"Tiền sử gia đình có u ác tính, không xác định"
Z80.4,Tiền sử gia đình có u ác tính ở cơ quan sinh dục
Z96.7,Còn dụng cụ Implant xương và gân
Z96.5,Còn dụng cụ chân răng và trụ Implant
Z96.1,Còn thể thuỷ tinh nhân tạo (IOL)
Z96.2,Còn dụng cụ Implant tai và thính giác
Z96.0,Còn các dụng cụ cấy ghép tiết niệu sinh dục
Z96.9,"Còn dụng cụ cấy ghép chức năng, không xác định"
Z96.8,Còn dụng cụ cấy ghép chức năng xác định khác
Z96.4,Còn dụng cụ cấy ghép nội tiết
Z96.3,Còn họng nhân tạo
Z96.6,Còn dụng cụ chỉnh hình khớp
Z84.3,Tiền sử gia đình có các bệnh về huyết thống
Z84.2,Tiền sử gia đình có các bệnh thuộc hệ sinh dục tiết niệu
Z84.0,Tiền sử gia đình có các bệnh về da và tổ chức dưới da
Z84.8,Tiền sử gia đình có các bệnh xác định khác
Z84.1,Tiền sử gia đình có các rối loạn về thận và niệu quản
Z93.4,Tình trạng có lỗ mở nhân tạo khác của dạ dày- ruột
Z93.0,Tình trạng có lỗ mở khí quản
Z93.1,Tình trạng có lỗ mở dạ dày
Z93.2,Tình trạng có lỗ mở hồi tràng
Z93.9,"Tình trạng có lỗ mở nhân tạo, không xác định"
Z93.3,Tình trạng có lỗ mở đại tràng
Z93.8,Tình trạng có lỗ mở nhân tạo khác
Z93.5,Tình trạng có lỗ mở bàng quang
Z93.6,Tình trạng có lỗ mở khác của đường tiết niệu
Z81.4,Tiền sử gia đình có lạm dụng các chất khác
Z81.8,Tiền sử gia đình có các rối loạn hành vi và tâm thần
Z81.1,Tiền sử gia đình có lạm dụng rượu
Z81.0,Tiền sử gia đình có chậm phát triển trí tuệ
Z81.2,Tiền sử gia đình có lạm dụng thuốc lá
Z81.3,Tiền sử gia đình có lạm dụng thuốc kích thần
Z83.7,Tiền sử gia đình có các bệnh thuộc hệ tiêu hoá
Z83.5,Tiền sử gia đình có các rối loạn thị giác và thính giác
Z83.3,Tiền sử gia đình có bệnh đái tháo đường
Z83.0,Tiền sử gia đình có người nhiễm vi rút gây suy giảm miễn dịch ở người (HIV)
Z83.6,Tiền sử gia đình có các bệnh hô hấp
Z83.1,Tiền sử gia đình có các bệnh nhiễm trùng và ký sinh trùng khác
Z83.2,Tiền sử gia đình có các bệnh về máu và cơ quan tạo máu và một số rối loạn về cơ chế miễn dịch
Z83.4,"Tiền sử gia đình có các bệnh về nội tiết, dinh dưỡng và chuyển hoá"
Z62.2,Nuôi dạy trong môi trường thể chế
Z62.0,Sự giám sát và kiểm soát của cha mẹ không đầy đủ
Z62.6,Áp đặt không phù hợp từ cha mẹ và các kiểu cách nuôi dạy bất thường khác
Z62.4,Thờ ơ với cảm xúc của trẻ
Z62.5,Các vấn đề khác liên quan đến việc thờ ơ trong quá trình nuôi dạy
Z62.1,Sự bao bọc quá mức của cha mẹ
Z62.3,Thù địch và đổ lỗi cho trẻ
Z62.8,Các vấn đề đặc hiệu khác liên quan tới nuôi dạy
Z62.9,"Vấn đề liên quan tới nuôi dạy, không xác định"
Z57.8,Nghề nghiệp tiếp xúc với các yếu tố nguy cơ khác
Z57.6,Nghề nghiệp tiếp xúc với nhiệt độ cao
Z57.7,Nghề nghiệp tiếp xúc với độ rung
Z57.2,Nghề nghiệp tiếp xúc với bụi
Z57.3,Nghề nghiệp tiếp xúc với không khí lây nhiễm khác
Z57.5,Nghề nghiệp tiếp xúc với các chất độc trong các ngành công nghiệp khác
Z57.9,Nghề nghiệp tiếp xúc với các yếu tố nguy cơ không xác định
Z57.1,Nghề nghiệp tiếp xúc với tia xạ
Z57.0,Nghề nghiệp tiếp xúc với tiếng ồn
Z57.4,Nghề nghiệp tiếp xúc với các chất độc hại trong nông nghiệp
Z60.0,Vấn đề do thay đổi cuộc sống
Z60.2,Sống đơn độc
Z60.3,Khó khăn trong việc tiếp nhận biến đổi văn hoá
Z60.1,Hoàn cảnh cha hay mẹ không điển hình
Z60.8,Các vấn đề khác liên quan đến môi trường xã hội
Z60.5,Mục tiêu phân biệt đối xử chống đối cảm nhận được và ngược đãi
Z60.4,Loại trừ và đào thải xã hội
Z60.9,"Vấn đề liên quan đến môi trường xã hội, không xác định"
Z61.7,Yếu tố trực tiếp gây hoảng sợ cho trẻ
Z61.5,Những vấn đề được xem là lạm dụng tình dục trẻ em của người lớn ngoài quan hệ nương tựa chủ chốt
Z61.4,Những vấn đề được xem là lạm dụng tình dục trẻ em của người lớn có quan hệ nương tựa chủ chốt
Z61.9,"Sự kiện tiêu cực ở tuổi ấu thơ, không xác định"
Z61.6,Những vấn đề được xem là lạm dụng thân thể trẻ em
Z61.1,Bị đưa ra khỏi nhà thời thơ ấu.
Z61.2,Sự thay đổi trong mô hình quan hệ gia đình thời thơ ấu
Z61.3,Những sự kiện dẫn đến mất lòng tự trọng trong thời thơ ấu
Z61.8,Những sự kiện tiêu cực khác ở tuổi ấu thơ
Z61.0,Mất quan hệ gần gũi trong thời kỳ thơ ấu
Z58.6,Cung cấp nước uống không đầy đủ
Z58.0,Phơi nhiễm với tiếng ồn
Z58.5,Phơi nhiễm với các ô nhiễm khác
Z58.1,Phơi nhiễm với không khí ô nhiễm
Z58.9,"Các vấn đề liên quan đến môi trường vật lý, không xác định"
Z58.8,Các vấn đề khác liên quan đến môi trường vật lý
Z58.4,Phơi nhiễm với tia xạ
Z58.2,Phơi nhiễm với nước ô nhiễm
Z58.7,Tiếp cận tình thế với khói thuốc
Z58.3,Phơi nhiễm với đất ô nhiễm
Z55.0,Mù chữ và biết chữ mức thấp
Z55.8,Các vấn đề khác liên quan đến giáo dục và mù chữ
Z55.3,Học kém ở trường
Z55.1,Không có trường học và không tới được
Z55.9,"Vấn đề liên quan đến giáo dục và biết chữ, không xác định"
Z55.4,Bất hoà với giáo viên và bạn cùng lớp
Z55.2,Thi trượt
Z65.9,Những vấn đề liên quan đến các hoàn cảnh tâm lí xã hội không xác định
Z65.3,Vấn đề liên quan đến pháp luật
Z65.1,Tống giam và các giam cầm khác
Z65.0,Kết án với các vụ kiện dân sự và hình sự không tống giam
Z65.8,Những vấn đề đặc hiệu khác liên quan đến hoàn cảnh tâm lí xã hội
Z65.2,Vấn đề liên quan đến ra tù
Z65.4,Nạn nhân của tội ác và khủng bố
Z65.5,"Tiếp cận tình thế với thảm hoạ, chiến tranh và thù địch khác"
Z59.1,Nhà ở không đầy đủ
Z59.4,Thiếu thức ăn
Z59.3,Những vấn đề liên quan đến sinh sống tại nơi cư trú
Z59.8,Những vấn đề khác liên quan đến nhà ở và hoàn cảnh kinh tế
Z59.9,"Vấn đề liên quan đến nhà ở và hoàn cảnh kinh tế, không xác định"
Z59.5,Quá nghèo
Z59.2,"Bất hoà với hàng xóm, người thuê và chủ nhà"
Z59.6,Thu nhập thấp
Z59.7,Trợ cấp xã hội và bảo hiểm xã hội không đảm bảo
Z59.0,Tình trạng vô gia cư
Z63.4,Mất tích và chết của thành viên trong gia đình
Z63.5,Sự tan vỡ của gia đình do ly thân và ly dị
Z63.8,Các vấn đề đặc hiệu khác liên quan đến nhóm trợ giúp
Z63.7,Các sự kiện chấn động đời sống khác ảnh hưởng đến gia đình và hộ gia đình
Z63.1,Những vấn đề liên quan đến cha mẹ và thông gia
Z63.6,Phụ thuộc vào người thân chăm sóc tại nhà
Z63.3,Thiếu vắng thành viên trong gia đình
Z63.0,Vấn đề trong mối quan hệ với vợ hoặc chồng hay bạn đời
Z63.9,"Vấn đề khác liên quan đến nhóm trợ giúp, không xác định"
Z63.2,Hỗ trợ không đầy đủ của gia đình
Z56.2,Sợ mất việc
Z56.1,Thay đổi công việc
Z56.5,Việc làm không thích hợp
Z56.4,Bất hoà với chủ và các đồng nghiệp
Z56.7,Các vấn đề liên quan đến việc làm khác và không xác định
Z56.0,"Thất nghiệp, không xác định"
Z56.6,Căng thẳng tinh thần và thể lực liên quan đến công việc
Z56.3,Lịch làm việc căng thẳng
Z64.1,Những vấn đề liên quan đến đẻ nhiều con
Z64.3,Phát hiện và thừa nhận các yếu tố ứng xử và tâm lý xác định là có nguy cơ và có hại
Z64.4,Bất hoà với người tư vấn
Z64.0,Các vấn đề liên quan đến mang thai không mong muốn
Z64.2,"Phát hiện và thừa nhận các yếu tố vật lí, dinh dưỡng và hoá học, xác định là có nguy cơ và có hại"
Z11.0,Khám sàng lọc chuyên khoa về các bệnh nhiễm khuẩn đường ruột
Z11.9,"Khám sàng lọc chuyên khoa về các bệnh nhiễm trùng và ký sinh trùng khác, không xác định"
Z11.3,Khám sàng lọc chuyên khoa về các bệnh nhiễm trùng lây truyền qua đường tình dục
Z11.5,Khám sàng lọc chuyên khoa về các bệnh vi rút khác
Z11.1,Khám sàng lọc chuyên khoa về lao phổi
Z11.4,Khám sàng lọc chuyên khoa về vi rút suy giảm miễn dịch người (HIV)
Z11.2,Khám sàng lọc chuyên khoa về các bệnh nhiễm khuẩn khác
Z11.6,Khám sàng lọc chuyên khoa về các bệnh do động vật đơn bào khác và giun sán
Z11.8,Khám sàng lọc chuyên khoa về các bệnh nhiễm trùng và ký sinh trùng khác
Z00.5,Khám cho người muốn hiến tạng và mô
Z00.1,Khám trẻ em thường quy
Z00.6,Khám so sánh nhóm can thiệp và đối chứng trong chương trình nghiên cứu lâm sàng
Z00.8,Các loại khám tổng quát khác
Z00.4,"Khám tâm thần tổng quát, không phân loại nơi khác"
Z00.3,Khám tình trạng phát triển ở tuổi vị thành niên
Z00.2,Khám thời kỳ phát triển nhanh của trẻ
Z00.0,Khám sức khoẻ tổng quát
Z12.2,Khám sàng lọc chuyên khoa u cơ quan hô hấp
Z12.3,Khám sàng lọc chuyên khoa u vú
Z12.0,Khám sàng lọc chuyên khoa u dạ dày
Z12.8,Khám sàng lọc chuyên khoa khối u ở vị trí khác
Z12.9,"Khám sàng lọc chuyên khoa khối u, không xác định"
Z12.1,Khám sàng lọc chuyên khoa u đường ruột
Z12.6,Khám sàng lọc chuyên khoa u bàng quang
Z12.5,Khám sàng lọc chuyên khoa u tiền liệt tuyến
Z12.4,Khám sàng lọc chuyên khoa về u cổ tử cung
Z04.0,Xét nghiệm phát hiện cồn trong máu và ma tuý trong máu
Z04.2,Khám và theo dõi sau tai nạn lao động
Z04.4,Khám và theo dõi sau cưỡng dâm và dụ dỗ
Z04.9,Khám và theo dõi vì lý do không xác định
Z04.8,Khám và theo dõi vì lý do xác định khác
Z04.3,Khám và theo dõi sau tai nạn khác
Z04.1,Khám và theo dõi sau tai nạn giao thông
Z04.6,Khám tâm thần tổng quát do nhà chức trách yêu cầu
Z04.5,"Khám và theo dõi sau khi bị tổn thương do bạo hành, ngược đãi gây ra"
Z09.2,Khám theo dõi sau hoá trị liệu các tình trạng bệnh khác
Z09.1,Khám theo dõi sau xạ trị liệu các tình trạng bệnh khác
Z09.4,Khám theo dõi sau điều trị gãy xương
Z09.0,Khám theo dõi sau phẫu thuật các tình trạng bệnh khác
Z09.8,Khám theo dõi sau điều trị khác của các bệnh khác
Z09.9,Khám theo dõi sau điều trị không xác định của các tình trạng bệnh khác
Z09.7,Khám theo dõi sau điều trị phối hợp các tình trạng bệnh khác
Z09.3,Khám theo dõi sau tâm lý liệu pháp
Z01.4,Khám phụ khoa (tổng quát) (định kỳ)
Z01.9,"Thăm khám chuyên khoa, không xác định"
Z01.6,"Khám điện quang, không phân loại nơi khác"
Z01.0,Khám mắt và thị lực
Z01.2,Khám răng
Z01.8,Các thăm khám chuyên khoa xác định khác
Z01.7,Xét nghiệm cận lâm sàng
Z01.3,Thăm khám về huyết áp
Z01.1,Khám tai và thính lực
Z01.5,Chẩn đoán về da và các test mẫn cảm
Z13.3,Khám sàng lọc chuyên khoa các rối loạn tâm thần và hành vi
Z13.4,Khám sàng lọc chuyên khoa một số loạn phát triển của trẻ em
Z13.1,Khám sàng lọc chuyên khoa đái tháo đường
Z13.0,Khám sàng lọc chuyên khoa các bệnh về máu và các cơ quan tạo máu và một số rối loạn liên quan đến cơ chế miễn dịch
Z13.2,Khám sàng lọc chuyên khoa các rối loạn dinh dưỡng
Z13.6,Khám sàng lọc chuyên khoa các rối loạn tim mạch
Z13.5,Khám sàng lọc chuyên khoa các rối loạn thị giác và thính giác
Z13.9,"Khám sàng lọc chuyên khoa, không xác định"
Z13.7,"Khám sàng lọc chuyên khoa các dị dạng bẩm sinh, các biến dạng khác và các bất thường nhiễm sắc thể"
Z13.8,Khám sàng lọc chuyên khoa các bệnh và các rối loạn xác định khác
Z02.9,"Khám vì lý do hành chính, không xác định"
Z02.1,Khám sức khoẻ trước khi tuyển dụng
Z02.4,Khám sức khoẻ để cấp giấy phép lái xe
Z02.7,Cấp giấy chứng nhận y tế
Z02.2,Khám sức khoẻ để nhập viện hoặc cơ sở chăm sóc nội trú
Z02.8,Các khám khác vì lý do hành chính
Z02.0,Khám sức khoẻ để nhập học vào cơ sở giáo dục
Z02.5,Khám sức khoẻ để tham gia thể thao
Z02.6,Khám vì lý do bảo hiểm
Z02.3,Khám sức khoẻ để tuyển dụng vào lực lượng vũ trang
Z08.9,Khám theo dõi sau điều trị không xác định của u ác tính
Z08.2,Khám theo dõi sau hoá trị liệu u ác tính
Z08.1,Khám theo dõi sau điều trị xạ trị u ác tính
Z08.8,Khám theo dõi sau điều trị khác của u ác tính
Z08.7,Khám theo dõi sau điều trị phối hợp u ác tính
Z08.0,Khám theo dõi sau phẫu thuật u ác tính
Z10.2,Kiểm tra sức khoẻ tổng quát thường quy của lực lượng vũ trang
Z10.8,Kiểm tra sức khoẻ tổng quát thường quy cho các nhóm đối tượng xác định khác
Z10.1,Khám sức khoẻ tổng quát định kỳ cho cư dân trong các cơ sở chăm sóc nội trú
Z10.3,Kiểm tra sức khoẻ tổng quát thường quy cho các đội thể thao
Z10.0,Khám sức khoẻ về nghề nghiệp
Z03.8,"Theo dõi, đánh giá người nghi ngờ mắc bệnh và tình trạng bệnh khác"
Z03.4,"Theo dõi, đánh giá người nghi ngờ có nhồi máu cơ tim"
Z03.3,"Theo dõi, đánh giá người nghi ngờ mắc các rối loạn hệ thần kinh"
Z03.2,"Theo dõi, đánh giá người nghi ngờ mắc các rối loạn tâm thần và hành vi"
Z03.9,"Theo dõi, đánh giá người nghi ngờ mắc bệnh hoặc tình trạng bệnh, không xác định"
Z03.6,"Theo dõi, đánh giá người nghi ngờ bị ảnh hưởng của độc tính của chất nuốt phải"
Z03.1,"Theo dõi, đánh giá người nghi ngờ mắc bệnh ung thư"
Z03.0,"Theo dõi, đánh giá nghi ngờ mắc bệnh lao"
Z03.5,"Theo dõi, đánh giá người nghi ngờ mắc bệnh tim mạch khác"
D18.1,"U bạch huyết, vị trí bất kỳ"
D18.0,"U máu, vị trí bất kỳ"
D25.9,"U cơ trơn tử cung, không đặc hiệu"
D25.0,U cơ trơn dưới niêm mạc tử cung
D25.2,U cơ trơn dưới thanh mạc tử cung
D25.1,U cơ trơn trong vách tử cung
D23.9,"U lành của da, không đặc hiệu"
D23.0,U lành da của môi
D23.1,U lành da của mi mắt kể cả góc mắt
D23.5,U lành da thân mình
D23.7,U lành da chi dưới bao gồm hông
D23.3,U lành ở da các phần khác và không xác định của mặt
D23.2,U lành da tai và ống tai ngoài
D23.6,"U lành da chi trên, bao gồm vai"
D23.4,U lành da đầu và cổ
D16.5,U lành của xương hàm dưới
D16.7,"U lành của xương sườn, xương ức và xương đòn"
D16.6,U lành tính của cột sống
D16.1,U lành của xương ngắn của chi trên
D16.0,U lành của xương bả vai và xương dài của chi trên
D16.4,U lành tính xương sọ và xương mặt
D16.8,"U lành của xương chậu, xương thiêng và xương cụt"
D16.3,U lành của xương ngắn của chi dưới
D16.9,U lành của xương và sụn khớp không đặc hiệu
D16.2,U lành của xương dài của chi dưới
D20.0,U lành mô mềm sau phúc mạc
D20.1,U lành mô mềm phúc mạc
D15.9,U lành của cơ quan trong lồng ngực không đặc hiệu
D15.1,U lành của tim
D15.7,U lành của cơ quan trong lồng ngực xác định khác
D15.0,U lành của tuyến ức
D15.2,U lành của trung thất
D29.1,U lành của Tuyến tiền liệt
D29.4,U lành của bìu
D29.0,U lành của Dương vật
D29.7,U lành của Cơ quan sinh dục nam khác
D29.9,"U lành của Cơ quan sinh dục nam, không đặc hiệu"
D29.3,U lành của Mào tinh hoàn
D29.2,U lành của Tinh hoàn
D36.1,U lành thần kinh ngoại vi và thần kinh tự chủ
D36.0,U lành hạch lympho
D36.7,U lành vị trí xác định khác
D36.9,U lành của vị trí không xác định
D13.5,U lành của đường mật ngoài gan
D13.9,U lành của vị trí không rõ ràng trong hệ tiêu hoá
D13.4,U lành của gan
D13.1,U lành của dạ dày
D13.7,U lành của tuỵ nội tiết
D13.3,U lành của phần khác và không xác định của ruột non
D13.2,U lành của tá tràng
D13.6,U lành của tuỵ
D13.0,U lành của thực quản
D28.9,"U lành cơ quan sinh dục nữ, không đặc hiệu"
D28.2,U lành vòi tử cung và dây chằng
D28.1,U lành âm đạo
D28.0,U lành âm hộ
D28.7,U lành cơ quan sinh dục nữ xác định khác
D31.9,"U lành của mắt, không đặc hiệu"
D31.2,U lành võng mạc
D31.1,U lành giác mạc
D31.0,U lành kết mạc
D31.6,U lành hốc mắt không đặc hiệu
D31.4,U lành thể mi
D31.3,U lành màng mạch mắt
D31.5,U lành tuyến và ống lệ
D35.3,U lành ống sọ hầu
D35.1,U lành tuyến cận giáp
D35.2,U lành tuyến yên
D35.7,U lành tuyến nội tiết xác định khác
D35.8,U lành liên quan nhiều tuyến nội tiết
D35.6,U lành thể động mạch chủ và thể cận hạch khác
D35.4,U lành tuyến tùng
D35.9,"U lành của tuyến nội tiết, không đặc hiệu"
D35.0,U lành tuyến thượng thận
D35.5,U lành thể cảnh
D33.7,U lành của phần xác định khác của hệ thần kinh trung ương
D33.2,"U lành của não, không đặc hiệu"
D33.9,"U lành của hệ thần kinh trung ương, không đặc hiệu"
D33.0,U lành của bán cầu đại não trên lều
D33.3,U lành thần kinh sọ não
D33.1,"U lành của não, dưới lều"
D33.4,U lành của tuỷ sống
D14.0,"U lành của tai giữa, khoang mũi và các xoang phụ"
D14.3,U lành của phế quản và phổi
D14.1,U lành của thanh quản
D14.2,U lành của khí quản
D14.4,"U lành của hệ hô hấp, không đặc hiệu"
D22.5,Nốt ruồi của thân mình
D22.1,Nốt ruồi của khoé mắt bao gồm mi mắt
D22.7,Nốt ruồi của chi dưới bao gồm hông
D22.4,Nốt ruồi của da đầu và cổ
D22.6,Nốt ruồi của chi trên bao gồm vai
D22.2,Nốt ruồi của tai và ống tai ngoài
D22.9,Nốt ruồi không có gì đặc hiệu
D22.3,Nốt ruồi của phần khác và phần không xác định của mặt
D22.0,Nốt ruồi của môi
D32.9,"U lành màng não, không đặc hiệu"
D32.0,U lành của màng não tại não
D32.1,U lành của màng não tuỷ sống
D21.0,"U lành mô liên kết và mô mềm khác của đầu, mặt và cổ"
D21.3,U lành mô liên kết và mô mềm khác của lồng ngực
D21.9,"U lành mô liên kết và mô mềm khác, không đặc hiệu"
D21.5,U lành mô liên kết và mô mềm khác của vùng chậu
D21.6,"U lành mô liên kết và mô mềm khác của thân mình, không đặc hiệu"
D21.4,U lành mô liên kết và mô mềm khác của bụng
D21.1,U lành mô liên kết và mô mềm khác của chi trên bao gồm vai
D21.2,"U lành mô liên kết và mô mềm khác của chi dưới, bao gồm hông"
D10.4,U lành của amidan
D10.2,U lành của sàn miệng
D10.3,U lành của phần khác và không xác định của miệng
D10.5,U lành của phần khác của họng miệng
D10.1,U lành của lưỡi
D10.9,"U lành của họng, không đặc hiệu"
D10.7,U lành của hạ họng
D10.0,U lành của môi
D10.6,U lành của mũi họng
D11.9,U lành của tuyến nước bọt chính không đặc hiệu
D11.7,U lành của tuyến nước bọt chính khác
D11.0,U lành của tuyến mang tai
D19.1,U lành trung mô của phúc mạc
D19.0,U lành trung mô của màng phổi
D19.9,U lành trung mô không xác định
D19.7,U lành trung mô của các vị trí khác
D30.2,U lành của Niệu quản
D30.7,U lành của Cơ quan tiết niệu khác
D30.9,U lành của Cơ quan tiết niệu không đặc hiệu
D30.3,U lành của Bàng quang
D30.1,U lành của bể thận
D30.4,U lành của Niệu đạo
D30.0,U lành của Thận
D12.0,U lành của manh tràng
D12.5,U lành của đại tràng sigma
D12.3,U lành của đại tràng ngang
D12.9,U lành của hậu môn và ống hậu môn
D12.6,"U lành của đại tràng, không đặc hiệu"
D12.4,U lành của đại tràng xuống
D12.1,U lành của ruột thừa
D12.2,U lành của đại tràng lên
D12.8,U lành của trực tràng
D12.7,U lành của đoạn nối trực tràng- đại tràng sigma
D17.9,U mỡ lành tính không đặc hiệu
D17.4,U mỡ lành tính của cơ quan trong lồng ngực
D17.2,U mỡ lành tính của da và mô dưới da ở các chi
D17.1,U mỡ lành tính của da và mô dưới da ở thân hình
D17.6,U mỡ lành tính của thừng tinh
D17.0,"U mỡ lành tính của da và mô dưới da ở đầu, mặt và cổ"
D17.7,U mỡ lành tính của vị trí khác
D17.5,U mỡ lành tính của cơ quan trong ổ bụng
D17.3,U mỡ lành tính của da và mô dưới da ở vị trí khác và không xác định
D26.1,U lành thân tử cung
D26.0,U lành cổ tử cung
D26.7,U lành phần khác của tử cung
D26.9,"U lành tử cung, không đặc hiệu"
D02.3,Ung thư biểu mô tại chỗ của phần khác và hệ hô hấp
D02.2,Ung thư biểu mô tại chỗ của phế quản và phổi
D02.4,Ung thư biểu mô tại chỗ của hệ hô hấp không đặc hiệu
D02.0,Ung thư biểu mô tại chỗ của thanh quản
D02.1,Ung thư biểu mô tại chỗ của khí quản
D00.0,Ung thư biểu mô tại chỗ của môi khoang miệng và họng
D00.2,Ung thư tại chỗ của Dạ dày
D00.1,Ung thư biểu mô tại chỗ của thực quản
D06.9,"Ung thư biểu mô tại chỗ của cổ tử cung, không đặc hiệu"
D06.1,Ung thư biểu mô tại chỗ của ngoại mạc
D06.7,Ung thư biểu mô tại chỗ của phần khác của cổ tử cung
D06.0,Ung thư biểu mô tại chỗ của nội mạc
D05.7,Ung thư biểu mô ống tuyến khác tại chỗ của vú
D05.9,"Ung thư biểu mô tại chỗ của vú, không đặc hiệu"
D05.1,Ung thư biểu mô ống tuyến vú tại chỗ
D05.0,Ung thư biểu mô tiểu thuỳ tại chỗ
D09.0,Ung thư biểu mô tại chỗ của bàng quang
D09.7,Ung thư biểu mô tại chỗ ở vị trí xác định khác
D09.9,"Ung thư biểu mô tại chỗ, không xác định"
D09.2,Ung thư biểu mô tại chỗ của mắt
D09.1,Ung thư biểu mô tại chỗ của cơ quan tiết niệu khác và không xác định
D09.3,Ung thư biểu mô tại chỗ của tuyến giáp và tuyến nội tiết khác
D01.3,Ung thư biểu mô tại chỗ của hậu môn và ống hậu môn
D01.5,"Ung thư biểu mô tại chỗ của gan, túi mật và đường dẫn mật"
D01.2,Ung thư biểu mô tại chỗ của trực tràng
D01.7,Ung thư biểu mô tại chỗ của cơ quan tiêu hoá xác định khác
D01.9,Ung thư biểu mô tại chỗ của cơ quan tiêu hoá không đặc hiệu
D01.0,Ung thư biểu mô tại chỗ của đại tràng
D01.1,Ung thư biểu mô tại chỗ của đoạn nối trực tràng- đại tràng sigma
D01.4,Ung thư biểu mô tại chỗ của phần khác và không xác định của ruột non
D03.8,Ung thư tế bào hắc tố tại chỗ của vị trí khác
D03.9,"Ung thư tế bào hắc tố tại chỗ, không đặc hiệu"
D03.2,Ung thư tế bào hắc tố tại chỗ của tai và ống ngoài tai
D03.0,U hắc tố tại chỗ của môi
D03.3,Ung thư tế bào hắc tố tại chỗ của phần khác và phần không xác định của mặt
D03.1,"Ung thư tế bào hắc tố tại chỗ của mi mắt, bao gồm góc mắt"
D03.6,"Ung thư tế bào hắc tố tại chỗ của chi trên, bao gồm vai"
D03.7,"Ung thư tế bào hắc tố tại chỗ của chi dưới, bao gồm hông"
D03.5,Ung thư tế bào hắc tố tại chỗ của thân mình
D03.4,Ung thư tế bào hắc tố tại chỗ của da đầu và cổ
D07.3,Ung thư biểu mô tại chỗ của cơ quan sinh dục nữ khác và không xác định
D07.0,Ung thư biểu mô tại chỗ của nội mạc tử cung
D07.5,Ung thư biểu mô tại chỗ của tuyến tiền liệt
D07.2,Ung thư biểu mô tại chỗ của âm đạo
D07.4,Ung thư biểu mô tại chỗ của dương vật
D07.1,Ung thư biểu mô tại chỗ của âm hộ
D07.6,Ung thư biểu mô tại chỗ của cơ quan sinh dục nam khác và không xác định
D04.4,Ung thư biểu mô tại chỗ của da đầu và cổ
D04.5,Ung thư biểu mô tại chỗ của da thân mình
D04.1,Ung thư biểu mô tại chỗ của da mi mắt bao gồm góc mắt
D04.6,"Ung thư biểu mô tại chỗ của da chi trên, bao gồm vai"
D04.3,Ung thư biểu mô tại chỗ của da của phần khác và không xác định của mặt
D04.7,"Ung thư biểu mô tại chỗ của da chi dưới, bao gồm hông"
D04.9,"Ung thư biểu mô tại chỗ của da, không đặc hiệu"
D04.0,Ung thư biểu mô tại chỗ của da môi
D04.8,Ung thư biểu mô tại chỗ của da ở vị trí khác
D04.2,Ung thư biểu mô tại chỗ của da vùng tai và ống tai ngoài
D42.9,"U tân sinh không chắc chắn hoặc chưa rõ tính chất của màng não, không đặc hiệu"
D42.0,U tân sinh không chắc chắn hoặc chưa rõ tính chất của màng não thuộc não
D42.1,U tân sinh không chắc chắn hoặc chưa rõ tính chất của màng não thuộc tuỷ sống
D46.0,"Thiếu máu dai dẳng không có nguyên hồng cầu sắt vòng, được xác định"
D46.6,Hội chứng rối loạn sinh tuỷ có bất thường nhiễm sắc thể del (5q) đơn độc
D46.5,Thiếu máu dai dẳng có loạn sản đa dòng tế bào (MDS- MLD)
D46.2,Thiếu máu dai dẳng có tăng nguyên bào ác tính [RAEB]
D46.1,Hội chứng rối loạn sinh tuỷ có nguyên hồng cầu sắt vòng
D46.9,"Hội chứng rối loạn sinh tuỷ, không đặc hiệu"
D46.7,Hội chứng rối loạn sinh tuỷ xương khác
D46.4,"Thiếu máu dai dẳng, không đặc hiệu"
D37.4,U tân sinh chưa rõ tính chất của đại tràng
D37.5,U tân sinh chưa rõ tính chất của trực tràng
D37.2,U tân sinh chưa rõ tính chất của ruột non
D37.0,"U tân sinh chưa rõ tính chất của môi, xoang miệng và họng"
D37.6,"U tân sinh chưa rõ tính chất của gan, túi mật và ống dẫn mật"
D37.9,U tân sinh chưa rõ tính chất của cơ quan tiêu hoá không đặc hiệu
D37.1,U tân sinh chưa rõ tính chất của dạ dày
D37.7,U tân sinh chưa rõ tính chất của cơ quan tiêu hoá khác
D37.3,U tân sinh chưa rõ tính chất của ruột thừa
D41.1,U tân sinh không chắc chắn hoặc chưa rõ tính chất của Bể thận
D41.3,U tân sinh không chắc chắn hoặc chưa rõ tính chất của Niệu đạo
D41.7,U tân sinh không chắc chắn hoặc chưa rõ tính chất của Cơ quan tiết niệu khác
D41.2,U tân sinh không chắc chắn hoặc chưa rõ tính chất của Niệu quản
D41.4,U tân sinh không chắc chắn hoặc chưa rõ tính chất của Bàng quang
D41.9,U tân sinh không chắc chắn hoặc chưa rõ tính chất của Cơ quan tiết niệu không đặc hiệu
D41.0,U tân sinh không chắc chắn hoặc chưa rõ tính chất của Thận
D47.3,Bệnh tăng tiểu cầu (xuất huyết) vô căn
D47.4,Bệnh xơ hoá tuỷ xương
D47.2,Bệnh lý gamma đơn dòng thể không xác định triệu chứng (MGMUS)
D47.9,"U tân sinh không đặc hiệu, không chắc chắn hoặc không rõ tính chất của mô lympho, mô tạo huyết và mô liên quan"
D47.1,Bệnh bạch cầu tăng sinh tuỷ mạn tính
D47.7,"U tân sinh xác định khác, không rõ hoặc không biết tính chất của mô lympho, mô tạo huyết và mô liên quan"
D47.0,U tổ chức bào và dưỡng bào không triệu chứng
D47.5,Bệnh bạch cầu dòng tế bào ưa acid mạn tính [hội chứng tăng bạch cầu ưa acid]
D39.2,U tân sinh không chắc chắn hoặc chưa rõ tính chất của nhau (rau) thai
D39.7,U tân sinh không chắc chắn hoặc chưa rõ tính chất của cơ quan sinh dục nữ khác
D39.0,U tân sinh không chắc chắn hoặc chưa rõ tính chất của tử cung
D39.9,U tân sinh không chắc chắn hoặc chưa rõ tính chất của cơ quan sinh dục nữ không đặc hiệu
D39.1,U tân sinh không chắc chắn hoặc chưa rõ tính chất của buồng trứng
D48.3,"U tân sinh không xác định, không chắc chắn hoặc không rõ tính chất của vùng sau phúc mạc"
D48.2,"U tân sinh không xác định, không chắc chắn hoặc không rõ tính chất của thần kinh ngoại vi và thần kinh tự chủ"
D48.5,"U tân sinh không xác định, không chắc chắn hoặc không rõ tính chất của da"
D48.7,"U tân sinh không xác định, không chắc chắn hoặc không rõ tính chất của vị trí xác định khác"
D48.0,"U tân sinh không xác định, không chắc chắn hoặc không rõ tính chất của xương và sụn khớp"
D48.6,"U tân sinh không xác định, không chắc chắn hoặc không rõ tính chất của vú"
D48.9,"U tân sinh không chắc chắn hoặc chưa rõ tính chất, không đặc hiệu"
D48.1,"U tân sinh không xác định, không chắc chắn hoặc không rõ tính chất của mô liên kết và mô mềm khác"
D48.4,"U tân sinh không xác định, không chắc chắn hoặc không rõ tính chất của phúc mạc"
D44.5,U tân sinh không chắc chắn hoặc chưa rõ tính chất của Tuyến tùng
D44.0,U tân sinh không chắc chắn hoặc chưa rõ tính chất của Tuyến giáp
D44.8,U tân sinh không chắc chắn hoặc chưa rõ tính chất: đa u tuyến nội tiết
D44.3,U tân sinh không chắc chắn hoặc chưa rõ tính chất của Tuyến yên
D44.9,"U tân sinh không chắc chắn hoặc không rõ tính chất của: tuyến nội tiết, không đặc hiệu"
D44.6,U tân sinh không chắc chắn hoặc chưa rõ tính chất của Thể cảnh
D44.7,U tân sinh không chắc chắn hoặc chưa rõ tính chất của Thể động mạch chủ và thể cận hạch khác
D44.4,U tân sinh không chắc chắn hoặc chưa rõ tính chất của Ống sọ- hầu
D44.1,U tân sinh không chắc chắn hoặc chưa rõ tính chất của Tuyến thượng thận
D44.2,U tân sinh không chắc chắn hoặc chưa rõ tính chất của Tuyến cận giáp
D40.7,U tân sinh không chắc chắn hoặc chưa rõ tính chất của Các cơ quan sinh dục nam khác
D40.0,U tân sinh không chắc chắn hoặc chưa rõ tính chất của Tiền liệt tuyến
D40.1,U tân sinh không chắc chắn hoặc chưa rõ tính chất của Tinh hoàn
D40.9,U tân sinh không chắc chắn hoặc chưa rõ tính chất của Cơ quan sinh dục nam không đặc hiệu
D43.0,"U tân sinh không chắc chắn hoặc chưa rõ tính chất của Não, trên lều não"
D43.2,"U tân sinh không chắc chắn hoặc chưa rõ tính chất của Não, không đặc hiệu"
D43.9,"U tân sinh không chắc chắn hoặc chưa rõ tính chất của Hệ thần kinh trung ương, không đặc hiệu"
D43.4,U tân sinh không chắc chắn hoặc chưa rõ tính chất của tuỷ sống
D43.3,U tân sinh không chắc chắn hoặc chưa rõ tính chất của Thần kinh sọ
D43.7,U tân sinh không chắc chắn hoặc chưa rõ tính chất của Phần khác của hệ thần kinh trung ương
D43.1,"U tân sinh không chắc chắn hoặc chưa rõ tính chất của Não, dưới lều não"
D38.6,U tân sinh chưa rõ tính chất của cơ quan hô hấp không đặc hiệu
D38.0,U tân sinh chưa rõ tính chất của thanh quản
D38.4,U tân sinh chưa rõ tính chất của tuyến ức
D38.2,U tân sinh chưa rõ tính chất màng phổi
D38.5,U tân sinh chưa rõ tính chất của cơ quan hô hấp khác
D38.1,"U tân sinh chưa rõ tính chất của khí quản, phế quản và phổi"
D38.3,U tân sinh chưa rõ tính chất của trung thất
C76.4,U ác vị trí khác và không rõ ràng của: Chi trên
C76.7,U ác ở vị trí không rõ ràng khác
C76.3,U ác vị trí khác và không rõ ràng của: Vùng chậu
C76.8,U ác với tổn thương chồng lấn của các vị trí khác và không rõ ràng
C76.0,U ác vị trí khác và không rõ ràng của: Đầu mặt và cổ
C76.1,U ác vị trí khác và không rõ ràng của: Ngực
C76.5,U ác vị trí khác và không rõ ràng của: Chi dưới
C76.2,U ác vị trí khác và không rõ ràng của: Bụng
C80.9,"U ác, không xác định vị trí nguyên phát"
C80.0,"U ác tính, không xác định được vị trí nguyên phát"
C78.6,U ác thứ phát tại sau phúc mạc và phúc mạc
C78.0,U ác thứ phát tại phổi
C78.2,U ác thứ phát tại màng phổi
C78.7,U ác thứ phát tại gan và đường mật trong gan
C78.8,U ác thứ phát tại cơ quan tiêu hoá khác và không xác định
C78.3,U ác thứ phát tại cơ quan hô hấp khác và không xác định
C78.1,U ác thứ phát tại trung thất
C78.4,U ác thứ phát tại ruột non
C78.5,U ác thứ phát tại đại tràng và trực tràng
C77.0,U ác của hạch của vùng đầu mặt cổ
C77.3,U ác thứ phát và không xác định của hạch nách và hạch chi trên
C77.9,"U ác thứ phát và không xác định của hạch lympho, không xác định"
C77.8,U ác thứ phát và không xác định của hạch của nhiều vùng
C77.2,U ác thứ phát và không xác định của hạch trong khoang bụng
C77.4,U ác thứ phát và không xác định của hạch bẹn và hạch chi dưới
C77.1,U ác thứ phát và không xác định của hạch trong lồng ngực
C77.5,U ác thứ phát và không xác định của hạch trong vùng chậu
C79.5,U ác thứ phát tại xương và tuỷ xương
C79.9,"U ác thứ phát, vị trí không xác định"
C79.1,U ác thứ phát tại bàng quang và cơ quan tiết niệu khác và không xác định
C79.3,U ác thứ phát tại não và màng não
C79.2,U ác thứ phát tại da
C79.0,U ác thứ phát tại thận và bể thận
C79.8,U ác thứ phát tại các vị trí xác định khác
C79.7,U ác thứ phát tại tuyến thượng thận
C79.4,U ác thứ phát khác và không xác định vị trí của hệ thần kinh
C79.6,U ác thứ phát tại buồng trứng
C40.1,U ác của xương ngắn của chi trên
C40.2,U ác của xương dài của chi dưới
C40.9,"U ác của xương và sụn khớp của chi, không đặc hiệu"
C40.0,U ác của xương bả vai và xương dài của chi trên
C40.3,U ác của xương ngắn của chi dưới
C40.8,U ác với tổn thương chồng lấn của xương và sụn khớp của các chi
C41.2,U ác của cột sống
C41.1,U ác của xương hàm dưới
C41.9,U ác của xương và sụn khớp không đặc hiệu
C41.0,U ác của xương sọ và xương mặt
C41.4,"U ác của xương chậu, xương cùng và xương cụt"
C41.3,"U ác của xương sườn, xương ức và xương đòn"
C41.8,U ác với tổn thương chồng lấn của xương và sụn khớp
C50.2,U ác của 1/ 4 trên- trong vú
C50.0,U ác của núm và quầng vú
C50.4,U ác của 1/ 4 trên- ngoài vú
C50.1,U ác của vùng trung tâm vú
C50.8,U ác với tổn thương chồng lấn của vú
C50.3,U ác của 1/ 4 dưới- trong vú
C50.5,U ác của 1/ 4 dưới- ngoài vú
C50.9,U ác của vú không đặc hiệu
C50.6,U ác của đuôi nách của vú
C62.9,U ác của tinh hoàn không đặc hiệu
C62.1,U ác của tinh hoàn đã xuống
C62.0,U ác của tinh hoàn không xuống
C60.0,U da ác tính bao quy đầu
C60.9,U ác của dương vật không đặc hiệu
C60.1,U da ác của quy đầu dương vật
C60.2,U ác của thân dương vật
C60.8,U ác với tổn thương chồng lấn của dương vật
C63.9,U ác của cơ quan sinh dục nam không xác định
C63.2,U ác của bìu (Dái)
C63.0,U ác của mào tinh
C63.7,U ác của cơ quan sinh dục nam xác định khác
C63.8,U ác với tổn thương chồng lấn của cơ quan sinh dục nam
C63.1,U ác của thừng tinh
C02.9,U ác của lưỡi không đặc hiệu
C02.1,U ác bờ của lưỡi
C02.2,U ác mặt bụng của lưỡi
C02.0,U ác mặt lưng của lưỡi
C02.3,"U ác hai phần ba trước của lưỡi, phần không xác định"
C02.8,U ác với tổn thương chồng lấn của lưỡi
C02.4,U ác của amidan lưỡi
C06.0,U ác của niêm mạc má
C06.2,U ác vùng hậu hàm
C06.1,U ác của tiền đình của miệng
C06.8,U ác với tổn thương chồng lấn của phần khác và không xác định của miệng
C06.9,"U ác của miệng, không đặc hiệu"
C14.0,"U ác của họng, không đặc hiệu"
C14.2,U ác của Vòng bạch huyết Waldeyer
C14.8,"U ác với tổn thương chồng lấn của môi, khoang miệng và họng"
C09.0,U ác của hố amidan
C09.8,U ác với tổn thương chồng lấn của amidan
C09.1,U ác của trụ amidan (trước) (sau)
C09.9,U ác của amidan không đặc hiệu
C13.2,U ác của vách sau của hạ họng
C13.1,"U ác của nếp sụn phễu- nắp thanh quản [nếp phễu nắp], mặt hạ họng"
C13.0,U ác của vùng sau sụn nhẫn
C13.9,U ác của hạ họng không đặc hiệu
C13.8,U ác với tổn thương chồng lấn của hạ họng
C05.0,U ác của khẩu cái cứng
C05.9,"U ác của khẩu cái, không đặc hiệu"
C05.2,U ác của lưỡi gà
C05.8,U ác với tổn thương chồng lấn của khẩu cái
C05.1,U ác của khẩu cái mềm
C11.8,U ác với tổn thương chồng lấn của họng mũi
C11.3,U ác của vách trước của họng mũi
C11.0,U ác của vách trên của họng mũi
C11.1,U ác của vách sau của họng mũi
C11.2,U ác của vách bên của họng mũi
C11.9,U ác của họng mũi không đặc hiệu
C04.1,U ác của sàn miệng bên
C04.8,U ác với tổn thương chồng lấn của sàn miệng
C04.0,U ác của sàn trước miệng
C04.9,"U ác của sàn miệng, không đặc hiệu"
C00.1,U ác của môi: phần ngoài môi dưới
C00.3,"U ác của môi: Môi trên, mặt trong"
C00.6,U ác của mép môi
C00.0,U ác của môi: Phần ngoài môi trên
C00.5,"U ác: Mặt trong môi, không xác định trên hay dưới"
C00.8,U ác với tổn thương chồng lấn của môi
C00.2,"U ác của môi: Phần ngoài môi, không xác định trên hay dưới"
C00.9,"U ác của môi, không xác định"
C00.4,"U ác của môi: Môi dưới, mặt trong"
C10.8,U ác với tổn thương chồng lấn của họng miệng
C10.3,U ác của thành sau họng miệng
C10.2,U ác của thành bên họng miệng
C10.1,U ác của mặt trước của nắp thanh môn
C10.4,U ác của họng miệng: Khe mang
C10.0,U ác của nắp thanh quản
C10.9,"U ác của họng miệng, không đặc hiệu"
C03.1,U ác của lợi hàm dưới
C03.0,U ác của lợi hàm trên
C03.9,"U ác của lợi, không đặc hiệu"
C08.9,"U ác của tuyến nước bọt chính, không đặc hiệu"
C08.8,U ác với tổn thương chồng lấn của tuyến nước bọt chính
C08.1,U ác của tuyến nước bọt dưới lưỡi
C08.0,U ác tính tuyến nước bọt dưới hàm
C31.0,U ác của xoang hàm
C31.3,U ác của xoang bướm
C31.1,U ác của xoang sàng
C31.8,U ác với tổn thương chồng lấn của xoang phụ
C31.2,U ác của xoang trán
C31.9,"U ác của xoang phụ, không đặc hiệu"
C30.0,U ác của khoang mũi
C30.1,U ác của tai giữa
C34.9,"U ác của phế quản hoặc phổi, không đặc hiệu"
C34.1,"U ác của thuỳ trên, phế quản hoặc phổi"
C34.2,"U ác của thuỳ giữa, phế quản hoặc phổi"
C34.3,"U ác của thuỳ dưới, phế quản hoặc phổi"
C34.0,U ác của phế quản chính
C34.8,U ác với tổn thương chồng lấn của phế quản và phổi
C32.1,U ác vùng trên thanh môn
C32.9,"U ác của thanh quản, không đặc hiệu"
C32.3,U ác của sụn thanh quản
C32.8,U ác với tổn thương chồng lấn của thanh quản
C32.2,U ác vùng dưới thanh môn
C32.0,U ác của thanh môn
C39.0,U ác của đường hô hấp trên: phần không xác định vị trí
C39.8,U ác với tổn thương chồng lấn của cơ quan hô hấp và trong lồng ngực
C39.9,U ác ở vị trí khó xác định trong hệ hô hấp
C38.8,"U ác với tổn thương chồng lấn của tim, trung thất, màng phổi"
C38.0,U ác của tim
C38.1,U ác của trung thất trước
C38.2,U ác của trung thất sau
C38.4,U ác của màng phổi
C38.3,"U ác của trung thất, phần không xác định"
C44.0,U da ác tính của môi
C44.8,U ác với tổn thương chồng lấn của da
C44.4,U da ác tính đầu và da cổ
C44.1,"U da ác tính của mi mắt, bao gồm khoé mắt"
C44.9,U da ác tính không đặc hiệu
C44.3,U da ác tính của phần khác và không xác định vị trí của mặt
C44.7,"U da ác tính của chi dưới, bao gồm hông"
C44.6,"U da ác tính của chi trên, bao gồm vai"
C44.5,U da ác tính của thân mình
C44.2,U da ác tính của tai và ống tai ngoài
C43.9,"U hắc tố ác của da, không đặc hiệu"
C43.6,"U hắc tố ác của chi trên, bao gồm vai"
C43.5,U hắc tố ác của thân mình
C43.1,"U hắc tố ác của mi mắt, bao gồm khoé mắt"
C43.2,U hắc tố ác của tai và ống tai ngoài
C43.7,"U hắc tố ác của chi dưới, bao gồm cả hông"
C43.3,U hắc tố ác của phần khác và không xác định của mặt
C43.0,U hắc tố ác của môi
C43.4,U hắc tố ác tính của đầu và cổ
C43.8,U hắc tố ác tính lan rộng của da
C51.2,U ác của âm vật
C51.8,U ác với tổn thương lan rộng của âm hộ
C51.0,U ác của môi lớn
C51.9,U ác của âm hộ không đặc hiệu
C51.1,U ác của môi bé
C53.0,U ác của cổ tử cung trong
C53.9,U ác của cổ tử cung không đặc hiệu
C53.1,U ác của cổ tử cung ngoài
C53.8,U ác với tổn thương chồng lấn của cổ tử cung
C57.9,U ác của cơ quan sinh dục nữ không đặc hiệu
C57.3,U ác của cận tử cung
C57.0,U ác của vòi Fallop
C57.8,U ác với tổn thương chồng lấn của cơ quan sinh dục nữ
C57.7,U ác của cơ quan sinh dục nữ xác định khác
C57.1,U ác của dây chằng rộng
C57.2,U ác của dây chằng tròn
C57.4,U ác của phần phụ tử cung không đặc hiệu
C54.2,U ác của cơ tử cung
C54.3,U ác của đáy tử cung
C54.9,U ác của thân tử cung không đặc hiệu
C54.8,U ác với tổn thương chồng lấn của thân tử cung
C54.0,U ác của eo tử cung
C54.1,U ác của nội mạc tử cung
C67.4,U ác của thành sau bàng quang
C67.8,U ác với tổn thương chồng lấn của bàng quang
C67.5,U ác của cổ bàng quang
C67.7,U ác của dây treo bàng quang
C67.3,U ác của thành trước bàng quang
C67.6,U ác của lỗ niệu quản
C67.1,U ác của đáy bàng quang
C67.0,U ác của tam giác bàng quang
C67.2,U ác của thành bên bàng quang
C67.9,U ác của bàng quang không đặc hiệu
C68.0,U ác của niệu đạo
C68.1,U ác của tuyến cận niệu đạo
C68.9,"U ác của cơ quan tiết niệu, không đặc hiệu"
C68.8,U ác với tổn thương chồng lấn của cơ quan tiết niệu
C16.0,U ác của tâm vị
C16.8,U ác với tổn thương chồng lấn của dạ dày
C16.2,U ác của thân vị
C16.4,U ác của môn vị
C16.6,"U ác của bờ cong lớn dạ dày, không đặc hiệu"
C16.5,"U ác của bờ cong nhỏ dạ dày, không đặc hiệu"
C16.1,U ác của đáy vị
C16.9,U ác của dạ dày không đặc hiệu
C16.3,U ác của hang môn vị
C15.3,U ác của phần ba trên thực quản
C15.5,U ác của phần ba dưới thực quản
C15.9,"U ác của thực quản, không đặc hiệu"
C15.4,U ác của phần ba giữa thực quản
C15.1,U ác của thực quản phần ngực
C15.0,U ác của thực quản phần cổ
C15.8,U ác với tổn thương chồng lấn của thực quản
C15.2,U ác của thực quản phần bụng
C17.8,U ác với tổn thương chồng lấn của ruột non
C17.0,U ác của tá tràng
C17.9,"U ác của ruột non, không đặc hiệu"
C17.2,U ác của hồi tràng
C17.1,U ác của hỗng tràng
C17.3,U ác của túi thừa Meckel
C25.9,"U ác của tuỵ, không đặc hiệu"
C25.0,U ác của đầu tuỵ
C25.1,U ác của thân tuỵ
C25.4,U ác của tuỵ nội tiết
C25.2,U ác của đuôi tuỵ
C25.8,U ác với tổn thương chồng lấn của tuỵ
C25.3,U ác của ống tuỵ
C25.7,U ác phần khác của tuỵ
C24.1,U ác của bóng Vater
C24.9,"U ác của đường mật, không đặc hiệu"
C24.0,U ác của đường mật ngoài gan
C24.8,U ác với tổn thương chồng lấn của đường mật
C18.6,U ác của đại tràng xuống
C18.4,U ác của đại tràng ngang
C18.8,U ác với tổn thương chồng lấn của đại tràng
C18.7,U ác của đại tràng xích ma
C18.3,U ác của đại tràng góc gan
C18.0,U ác của manh tràng
C18.2,U ác của đại tràng lên
C18.9,U ác của đại tràng không đặc hiệu
C18.1,U ác của ruột thừa
C18.5,U ác của đại tràng góc lách
C26.1,U ác ở lách
C26.8,U ác với tổn thương chồng lấn của hệ tiêu hoá
C26.0,"U ác của đường ruột, phần không xác định"
C26.9,U ác ở vị trí không rõ ràng trong hệ tiêu hoá
C22.7,Ung thư biểu mô xác định khác của gan
C22.2,U nguyên bào gan
C22.0,Ung thư biểu mô tế bào gan
C22.1,Ung thư biểu mô đường mật trong gan
C22.9,"U ác của gan, không đặc hiệu"
C22.4,Ung thư mô liên kết khác của gan
C22.3,Ung thư mô liên kết mạch máu của gan
C21.2,U ác của vùng có nguồn gốc từ ổ nhớp
C21.8,"U ác với tổn thương chồng lấn của đại tràng, hậu môn và ống hậu môn"
C21.1,U ác của ống hậu môn
C21.0,"U ác của hậu môn, không đặc hiệu"
C70.1,U ác của màng tuỷ
C70.0,U ác của màng não
C70.9,"U ác của màng não, không đặc hiệu"
C69.4,U ác của thể mi
C69.1,U ác của củng mạc
C69.0,U ác của kết mạc
C69.9,U ác của mắt không đặc hiệu
C69.3,U ác của màng mạch
C69.5,U ác của tuyến lệ và ống
C69.8,U ác với tổn thương chồng lấn của mắt và phần phụ
C69.6,U ác của hốc mắt
C69.2,U ác của võng mạc
C71.5,U ác của não thất
C71.2,U ác của thuỳ thái dương
C71.9,U ác của não không đặc hiệu
C71.3,U ác của thuỳ đỉnh
C71.6,U ác của tiểu não
C71.4,U ác của thuỳ chẩm
C71.8,U ác với tổn thương chồng lấn của não
C71.0,U ác của đại não ngoại trừ thuỳ não và não thất
C71.1,U ác của thuỳ trán
C71.7,U ác của thân não
C72.5,U ác của thần kinh sọ khác và không xác định
C72.2,U ác của thần kinh khứu giác
C72.0,U ác của tuỷ sống
C72.3,U ác của thần kinh thị giác
C72.1,U ác của chùm đuôi ngựa
C72.8,U ác với tổn thương chồng lấn của não và các phần khác của hệ thần kinh trung ương
C72.4,U ác của thần kinh thính giác
C72.9,U ác của hệ thần kinh trung ương không đặc hiệu
C45.1,U trung biểu mô của phúc mạc
C45.7,U trung biểu mô của các vị trí khác
C45.0,U trung biểu mô của màng phổi
C45.9,U trung biểu mô không đặc hiệu
C45.2,U trung biểu mô màng ngoài tim
C47.9,"U ác của thần kinh ngoại vi và thần kinh tự chủ, không đặc hiệu"
C47.3,U ác của thần kinh ngoại biên của lồng ngực
C47.2,"U ác của thần kinh ngoại biên của chi dưới, bao gồm hông"
C47.4,U ác của thần kinh ngoại biên của bụng
C47.5,U ác của thần kinh ngoại biên của vùng chậu
C47.1,"U ác của thần kinh ngoại biên của chi trên, bao gồm vai"
C47.8,U ác với tổn thương chồng lấn của thần kinh ngoại vi và thần kinh tự chủ
C47.0,"U ác của thần kinh ngoại biên của đầu, mặt, cổ"
C47.6,"U ác của thần kinh ngoại biên của thân mình, không đặc hiệu"
C49.0,"U ác của mô liên kết và mô mềm của đầu, mặt và cổ"
C49.3,U ác của mô liên kết và mô mềm của lồng ngực
C49.9,"U ác của mô liên kết và mô mềm, không đặc hiệu"
C49.6,"U ác của mô liên kết và mô mềm của thân mình, không đặc hiệu"
C49.4,U ác của mô liên kết và mô mềm của bụng
C49.5,U ác của mô liên kết và mô mềm của vùng chậu
C49.8,U ác với tổn thương chồng lấn của mô liên kết và mô mềm
C49.1,U ác của mô liên kết và mô mềm của chi trên bao gồm vai
C49.2,U ác của mô liên kết và mô mềm của chi dưới bao gồm hông
C46.1,Ung thư mô liên kết Kaposi của mô mềm
C46.3,Ung thư mô liên kết Kaposi của hạch lympho
C46.2,Ung thư mô liên kết Kaposi của vòm khẩu cái
C46.9,Ung thư mô liên kết Kaposi không đặc hiệu
C46.8,Ung thư mô liên kết Kaposi của nhiều cơ quan
C46.0,Ung thư mô liên kết Kaposi của da
C46.7,Ung thư mô liên kết Kaposi của các nơi khác
C48.2,U ác của phúc mạc không đặc hiệu
C48.8,U ác với tổn thương chồng lấn của vùng sau phúc mạc và phúc mạc
C48.1,U ác của các phần xác định của phúc mạc
C48.0,U ác của vùng sau phúc mạc
C74.0,U ác của vỏ tuyến thượng thận
C74.9,"U ác của tuyến thượng thận, không đặc hiệu"
C74.1,U ác của tuỷ tuyến thượng thận
C75.0,U ác của tuyến cận giáp
C75.5,U ác của thể động mạch chủ và phó hạch khác
C75.3,U ác của tuyến tùng
C75.1,U ác của tuyến yên
C75.2,U ác của ống sọ hầu
C75.8,U ác ảnh hưởng nhiều tuyến không đặc hiệu
C75.4,U ác của thể cảnh
C75.9,U ác của tuyến nội tiết không đặc hiệu
C82.9,"U lympho thể nang, không đặc hiệu"
C82.2,"U lympho thể nang độ III, không đặc hiệu"
C82.5,U lympho trung tâm nang thể lan toả
C82.6,U lympho trung tâm nang thể da
C82.3,U lympho thể nang độ IIIa
C82.4,U lympho thể nang độ IIIb
C82.7,U lympho thể nang khác
C82.1,U lympho thể nang độ II
C82.0,U lympho thể nang độ I
C88.9,Bệnh lý tăng sinh miễn dịch ác tính không đặc hiệu
C88.3,Bệnh tăng sinh miễn dịch ruột non
C88.2,Bệnh lý chuỗi nặng khác
C88.4,U lympho vùng rìa ngoài hạch liên quan đến tổ chức lympho niêm mạc (MALT- lyphoma)
C88.7,Bệnh lý tăng sinh miễn dịch ác tính khác
C88.0,Bệnh tăng globulin đại phân tử [Waldenstrom]
C83.9,"U lympho không Hodgkin thể lan toả, không đặc hiệu"
C83.7,U lympho dạng Burkitt
C83.8,Các thể khác của u lympho không Hodgkin
C83.5,U lympho không Hodgkin dạng nguyên bào lympho (lan toả)
C83.0,U lympho không Hodgkin tế bào B nhỏ
C83.3,U lympho không Hodgkin tế bào B lớn lan toả
C83.1,U lympho không Hodgkin tế bào Mantle (áo nang)
C91.5,Bệnh bạch cầu tế bào T trưởng thành
C91.1,Bệnh bạch cầu mạn dòng lympho (CLL)
C91.6,Bệnh bạch cầu tế bào tiền lympho T
C91.8,Bệnh bạch cầu tế bào B trưởng thành loại Burkitt
C91.0,Bệnh bạch cầu cấp dòng lympho (ALL)
C91.9,"Bệnh bạch cầu dòng lympho, không đặc hiệu"
C91.4,Bệnh bạch cầu tế bào tóc
C91.7,Bệnh bạch cầu dòng lympho khác
C91.3,Bệnh bạch cầu tế bào tiền lympho B
C85.2,U lympho tế bào B lớn lan toả trung thất (tuyến ức)
C85.1,"U lympho tế bào B, không đặc hiệu"
C85.9,"U lympho không Hodgkin, loại không xác định"
C85.7,Loại xác định khác của u lympho không Hodgkin
C94.4,Bệnh toàn tuỷ cấp tính có xơ tuỷ
C94.3,Bệnh bạch cầu tế bào dòng dưỡng bào
C94.2,Bệnh bạch cầu cấp dòng mẫu tiểu cầu
C94.6,"Bệnh rối loạn sinh tuỷ và tăng sinh tuỷ, không phân loại nơi khác"
C94.0,Bệnh bạch cầu cấp dòng hồng cầu
C94.7,Bệnh bạch cầu xác định khác
C84.9,"U lympho tế bào T/ NK trưởng thành, không đặc hiệu"
C84.5,U lympho tế bào T/ NK trưởng thành khác
C84.7,"U lympho tế bào lớn bất sản, ALK âm tính"
C84.4,"U lympho tế bào T ngoại vi, không phân loại nơi khác"
C84.1,Bệnh Sézary
C84.8,"U lympho tế bào T ở da, không đặc hiệu"
C84.6,"U lympho tế bào lớn bất sản, ALK- dương tính"
C84.0,U lympho tế bào T nguyên phát ở da (Mycosis fungoides)
C90.2,U tương bào ngoài tuỷ
C90.0,Đa u tuỷ xương
C90.3,U tương bào đơn độc
C90.1,Bệnh bạch cầu dòng Plasma [tương bào]
C86.1,U lympho tế bào T gan- lách
C86.2,U lympho tế bào T liên quan đến bệnh lý ruột (EATL)
C86.6,U lympho tế bào T thể da nguyên phát CD- 30 dương tính
C86.3,U lympho tế bào T dạng viê m mô mỡ dư ới da
C86.0,"U lympho tế bào T/ NK ngoài hạch, thể mũi xoang"
C86.5,U lympho tế bào T nguyên bào miễn dịch mạch
C86.4,U lympho nguyên bào NK
C95.0,Bệnh bạch cầu cấp loại tế bào không xác định
C95.9,Bệnh bạch cầu không xác định
C95.7,"Bệnh bạch cầu khác, loại tế bào không xác định"
C95.1,Bệnh bạch cầu mạn loại tế bào không xác định
C92.6,Bệnh bạch cầu cấp dòng tuỷ có bất thường 11q23
C92.0,Bệnh bạch cầu cấp dòng tuỷ
C92.2,"Bệnh bạch cầu mạn dòng tuỷ không điển hình, BCR/ ABL- âm tính"
C92.9,"Bệnh bạch cầu dòng tuỷ, không đặc hiệu"
C92.8,Bệnh bạch cầu cấp dòng tuỷ có loạn sản đa dòng
C92.1,"Bệnh bạch cầu mạn dòng tuỷ [CML], BCR/ ABL- dương tính"
C92.7,Bệnh bạch cầu dòng tuỷ khác
C92.4,Bệnh bạch cầu cấp thể tiền tuỷ bào (PML)
C92.5,Bệnh bạch cầu cấp dòng tuỷ mono
C92.3,U sarcom dòng tuỷ
C96.6,Bệnh mô bào Langerhans đơn ổ
C96.8,U sarcom mô bào
C96.2,Bệnh dưỡng bào tiến triển nhanh hệ thống
C96.9,"U ác tính không đặc hiệu của mô dạng lympho, hệ tạo máu và mô liên quan"
C96.5,Bệnh mô bào Langerhans đa ổ và đơn hệ thống
C96.0,Bệnh mô bào Langerhans đa ổ và đa hệ thống (rải rác) [bệnh Letterer- Siwe]
C96.4,Sarcom tế bào đuôi gai (tế bào phụ)
C96.7,"U ác tính khác của mô dạng lympho, hệ tạo máu và mô liên quan"
C81.3,U lympho Hodgkin kinh điển thể giảm lympho bào
C81.9,"U lympho Hodgkin, không đặc hiệu"
C81.4,U lympho Hodgkin (kinh điển) thể giàu lympho bào
C81.7,U lympho Hodgkin kinh điển khác
C81.2,U lympho Hodgkin kinh điển thể hỗn hợp tế bào
C81.0,U lympho Hodgkin ưu thế lympho bào dạng nốt
C81.1,U lympho Hodgkin kinh điển thể xơ nốt
C93.3,Bệnh bạch cầu dòng tuỷ mono tuổi vị thành niên
C93.7,Bệnh bạch cầu mono khác
C93.9,Bệnh bạch cầu mono không đặc hiệu
C93.0,Bệnh bạch cầu cấp dòng mono
C93.1,Bệnh bạch cầu mạn dòng tuỷ mono
O22.4,Trĩ trong khi có thai
O22.1,Giãn tĩnh mạch sinh dục trong khi có thai
O22.8,Biến chứng tĩnh mạch khác trong khi có thai
O22.9,"Biến chứng tĩnh mạch trong khi có thai, không đặc hiệu"
O22.5,Huyết khối tĩnh mạch não trong khi có thai
O22.3,Viêm tắc tĩnh mạch sâu trong khi có thai
O22.0,Giãn tĩnh mạch chi dưới trong khi có thai
O22.2,Viêm tắc tĩnh mạch nông trong khi có thai
O24.9,"Đái tháo đường thai kỳ, không đặc hiệu"
O24.0,"Đái tháo đường thai kỳ: Đái tháo đường sẵn có, type 1"
O24.1,"Đái tháo đường thai kỳ: Đái tháo đường sẵn có, type 2"
O24.4,Đái tháo đường tăng lên trong khi có thai
O24.3,"Đái tháo đường thai kỳ: Đái tháo đường sẵn có, không đặc hiệu"
O24.2,Đái tháo đường thai kỳ: Đái tháo đường sẵn có liên quan đến thiếu dinh dưỡng
O20.8,Các ra máu khác trong thời kỳ đầu thai kỳ
O20.0,Doạ sảy thai
O20.9,"Ra máu trong thời kỳ đầu thai kỳ, không đặc hiệu"
O28.3,Các phát hiện bất thường siêu âm của bà mẹ khi khám thai
O28.0,Các phát hiện bất thường huyết học của bà mẹ khi khám thai
O28.4,Các phát hiện bất thường X quang của bà mẹ khi khám thai
O28.8,Các phát hiện bất thường khác của bà mẹ khi khám thai
O28.5,Các phát hiện bất thường nhiễm sắc thể và di truyền của bà mẹ khi khám thai
O28.1,Các phát hiện bất thường hoá sinh của bà mẹ khi khám thai
O28.9,"Các phát hiện bất thường ở bà mẹ khi khám thai, không đặc hiệu"
O28.2,Các phát hiện bất thường tế bào học của bà mẹ phát hiện khi khám thai
O23.0,Nhiễm khuẩn thận trong thai kỳ
O23.3,Nhiễm khuẩn phần khác của đường tiết niệu trong khi có thai
O23.2,Nhiễm khuẩn niệu đạo trong khi có thai
O23.9,Nhiễm khuẩn đường tiết niệu sinh dục khác và không xác định trong lúc có thai
O23.4,Nhiễm khuẩn đường tiết niệu không xác định trong khi có thai
O23.1,Nhiễm khuẩn bàng quang trong khi có thai
O23.5,Nhiễm khuẩn đường sinh dục trong khi có thai
O26.0,Tăng cân nặng quá mức trong khi có thai
O26.6,"Rối loạn tại gan trong khi mang thai, khi đẻ và sau đẻ"
O26.8,Các tình trạng xác định khác liên quan đến thai kỳ
O26.9,"Các tình trạng liên quan đến thai kỳ, không đặc hiệu"
O26.1,Tăng cân ít trong khi có thai
O26.7,"Giãn khớp mu trong khi có thai, khi đẻ và sau đẻ"
O26.5,Hội chứng hạ huyết áp bà mẹ
O26.2,Chăm sóc thai kỳ của sảy thai liên tiếp
O26.4,Herpes và thai kỳ
O26.3,Có thai khi mang dụng cụ tử cung
O29.3,Phản ứng ngộ độc do gây tê tại chỗ trong khi có thai
O29.9,"Các biến chứng khác của gây mê trong khi có thai, không xác định"
O29.8,Biến chứng khác của gây mê trong khi có thai
O29.4,Đau đầu do gây tê tuỷ sống và ngoài màng cứng trong khi có thai
O29.5,Biến chứng khác của gây tê tuỷ sống và ngoài màng cứng trong khi có thai
O29.1,Biến chứng tim của gây mê trong khi có thai
O29.6,Không đặt được hay khó đặt nội khí quản trong khi có thai
O29.0,Biến chứng ở phổi do gây mê khi có thai
O29.2,Biến chứng hệ thống thần kinh trung ương của gây mê trong khi có thai
O21.2,Nôn muộn trong khi có thai
O21.9,"Nôn trong khi có thai, không đặc hiệu"
O21.8,Các nôn khác gây biến chứng cho thai kỳ
O21.1,Nôn nghén có rối loạn chuyển hoá
O21.0,Nôn nghén thể trung bình
O66.3,Chuyển dạ đình trệ do bất thường khác của thai
O66.5,"Đặt forcep hay giác hút thất bại, không xác định"
O66.9,"Chuyển dạ đình trệ, không xác định"
O66.1,Chuyển dạ đình trệ do sinh đôi cản trở nhau
O66.0,Chuyển dạ đình trệ do đẻ khó do vai
O66.8,Chuyển dạ đình trệ đặc hiệu khác
O66.2,Chuyển dạ đình trệ do thai to bất thường
O66.4,"Nghiệm pháp chuyển dạ thất bại, không xác định"
O74.2,Biến chứng tim của gây mê trong chuyển dạ và đẻ
O74.0,Viêm phổi do hít vì gây mê trong chuyển dạ và trong đẻ
O74.9,"Biến chứng của gây mê trong chuyển dạ và đẻ, không xác định"
O74.6,Biến chứng khác của gây tê tuỷ sống và gây tê ngoài màng cứng trong chuyển dạ và đẻ
O74.5,Đau đầu do gây tê tuỷ sống và ngoài màng cứng trong chuyển dạ và đẻ
O74.8,Biến chứng khác của gây mê trong chuyển dạ và đẻ
O74.1,Biến chứng khác của phổi do gây mê trong chuyển dạ và đẻ
O74.4,Phản ứng độc của gây tê tại chỗ trong chuyển dạ và đẻ
O74.3,Biến chứng hệ thống thần kinh trung ương của gây mê trong chuyển dạ và đẻ
O74.7,Không đặt được hay khó đặt nội khí quản trong chuyển dạ và đẻ
O71.5,Tổn thương các tạng tiểu khung khác do sản khoa
O71.4,Rách âm đạo cao đơn thuần do sản khoa
O71.1,Vỡ tử cung trong chuyển dạ
O71.3,Rách cổ tử cung sản khoa
O71.9,"Chấn thương sản khoa, không đặc hiệu"
O71.8,Chấn thương sản khoa đặc hiệu khác
O71.7,Máu tụ vùng chậu do sản khoa
O71.0,Vỡ tử cung trước chuyển dạ
O71.2,Lộn tử cung sau đẻ
O71.6,Tổn thương khớp vùng chậu và dây chằng do sản khoa
O63.9,"Chuyển dạ kéo dài, không xác định"
O63.1,Giai đoạn thứ hai của chuyển dạ kéo dài
O63.0,Giai đoạn đầu của chuyển dạ kéo dài
O63.2,"Chậm đẻ thai thứ hai, thứ ba…"
O72.1,Chảy máu ngay sau đẻ khác
O72.0,Chảy máu thời kỳ sổ rau
O72.2,Chảy máu muộn và thứ phát sau đẻ
O72.3,Thiếu hụt đông máu sau đẻ
O62.8,Bất thường khác của động lực chuyển dạ
O62.9,Bất thường không xác định của động lực chuyển dạ
O62.2,Thưa yếu khác của cơn co tử cung
O62.0,Cơn co tử cung yếu nguyên phát
O62.3,Chuyển dạ nhanh
O62.1,Cơn co tử cung yếu thứ phát
O62.4,"Cơn co tử cung tăng trương lực, không đồng bộ và kéo dài"
O73.1,"Sót phần bánh rau và màng rau, không có chảy máu"
O73.0,Sót rau không có chảy máu
O70.2,Rách tầng sinh môn độ III trong đẻ
O70.0,Rách tầng sinh môn độ I trong đẻ
O70.3,Rách tầng sinh môn độ IV trong đẻ
O70.9,"Rách tầng sinh môn, không đặc hiệu"
O70.1,Rách tầng sinh môn độ II trong đẻ
O65.0,Chuyển dạ đình trệ do khung chậu biến dạng
O65.4,"Chuyển dạ đình trệ do bất tương xứng thai- khung chậu, không xác định"
O65.3,Chuyển dạ đình trệ do hẹp eo dưới và eo giữa
O65.2,Chuyển dạ đình trệ do hẹp eo trên
O65.9,"Chuyển dạ đình trệ do bất thường khung chậu mẹ, không đặc hiệu"
O65.1,Chuyển dạ đình trệ do khung chậu hẹp toàn diện
O65.5,Chuyển dạ đình trệ do bất thường các tạng trong tiểu khung của mẹ
O65.8,Chuyển dạ đình trệ do bất thường khác của khung chậu mẹ
O75.7,Đẻ đường dưới sau mổ lấy thai cũ
O75.9,"Biến chứng của chuyển dạ và đẻ, không xác định"
O75.2,"Sốt trong chuyển dạ, không phân loại nơi khác"
O75.6,Đẻ muộn sau khi vỡ ối tự nhiên hay không xác định
O75.5,Đẻ muộn sau khi bấm ối
O75.0,Suy thai mẹ trong chuyển dạ và đẻ
O75.3,Nhiễm khuẩn khác trong chuyển dạ
O75.1,Sốc trong hay sau chuyển dạ và đẻ
O75.4,"Biến chứng khác của phẫu thuật, thủ thuật sản khoa"
O75.8,Biến chứng đặc hiệu khác của chuyển dạ và đẻ
O64.8,Chuyển dạ đình trệ do ngôi và thế bất thường khác
O64.2,Chuyển dạ đình trệ do ngôi mặt
O64.9,"Chuyển dạ đình trệ do ngôi và thế bất thường, không đặc hiệu"
O64.1,Chuyển dạ đình trệ do ngôi mông
O64.3,Chuyển dạ đình trệ do ngôi trán
O64.0,Chuyển dạ đình trệ do đầu thai quay không hoàn toàn
O64.5,Chuyển dạ đình trệ do ngôi thai chờm vệ
O64.4,Chuyển dạ đình trệ do ngôi vai
O60.0,Chuyển dạ sớm không đẻ
O60.1,Chuyển dạ sớm và đẻ non
O60.2,Chuyển dạ sớm và đẻ đúng kỳ
O60.3,Đẻ sớm không có chuyển dạ tự nhiên
O61.0,Gây chuyển dạ bằng thuốc thất bại
O61.8,Gây chuyển dạ bị thất bại khác
O61.9,"Gây chuyển dạ bị thất bại, không xác định"
O61.1,Gây chuyển dạ bằng dụng cụ thất bại
O67.8,Chảy máu trong đẻ khác
O67.9,"Chảy máu trong đẻ, không đặc hiệu"
O67.0,Chảy máu trong đẻ do thiếu hụt yếu tố đông máu
O69.1,Chuyển dạ và đẻ có biến chứng dây rốn quấn quanh cổ bị chèn ép
O69.3,Chuyển dạ và đẻ có dây rốn ngắn
O69.2,Chuyển dạ và đẻ có biến chứng do dây rốn quấn các phần khác của thai
O69.5,Chuyển dạ và đẻ có biến chứng tổn thương mạch
O69.4,Chuyển dạ và đẻ có biến chứng do mạch máu tiền đạo
O69.0,Chuyển dạ và đẻ có biến chứng sa dây rốn
O69.9,"Chuyển dạ và đẻ có biến chứng khác của dây rốn, không xác định"
O69.8,Chuyển dạ và đẻ có biến chứng khác của dây rốn
O68.8,Chuyển dạ và đẻ có các dấu hiệu khác của suy thai
O68.2,Chuyển dạ và đẻ có nhịp tim thai bất thường và nước ối lẫn phân su
O68.0,Chuyển dạ và đẻ có nhịp tim thai bất thường
O68.9,"Chuyển dạ và đẻ có suy thai, không đặc hiệu"
O68.1,Chuyển dạ và đẻ có nước ối lẫn phân su
O68.3,Chuyển dạ và đẻ có biến chứng do bất thường sinh hoá của suy thai
O36.6,Chăm sóc bà mẹ vì thai phát triển quá mức
O36.8,Chăm sóc bà mẹ vì các vấn đề xác định khác của thai
O36.7,Chăm sóc bà mẹ mang thai sống trong chửa ổ bụng
O36.9,"Chăm sóc bà mẹ vì các vấn đề của thai, không xác định"
O36.0,Chăm sóc bà mẹ vì bất đồng nhóm máu Rh
O36.5,Chăm sóc bà mẹ vì thai kém phát triển
O36.3,Chăm sóc bà mẹ vì triệu chứng thiếu oxy thai
O36.4,Chăm sóc bà mẹ vì thai chết lưu trong tử cung
O36.2,Chăm sóc bà mẹ vì phù thai
O36.1,Chăm sóc bà mẹ vì miễn dịch đồng loại khác
O35.9,"Chăm sóc bà mẹ vì bất thường và tổn thương (hay nghi ngờ bất thường và tổn thương) thai, không xác định"
O35.6,Chăm sóc bà mẹ vì tổn thương (hay nghi ngờ tổn thương) thai do tia xạ
O35.3,Chăm sóc bà mẹ vì tổn thương (hay nghi ngờ tổn thương) thai do bệnh vi rút của mẹ
O35.8,Chăm sóc bà mẹ vì bất thường và tổn thương (hay nghi ngờ bất thường và tổn thương) thai khác
O35.1,Chăm sóc bà mẹ vì bất thường (hay nghi ngờ bất thường) nhiễm sắc thể của thai
O35.0,Chăm sóc bà mẹ vì dị dạng (hay nghi ngờ dị dạng) hệ thống thần kinh trung ương của thai
O35.2,Chăm sóc bà mẹ vì mắc (hay nghi ngờ mắc) bệnh di truyền của thai
O35.4,Chăm sóc bà mẹ vì tổn thương (hay nghi ngờ tổn thương) thai do rượu
O35.5,Chăm sóc bà mẹ vì tổn thương (hay nghi ngờ tổn thương) thai do thuốc
O35.7,"Chăm sóc bà mẹ vì tổn thương (hay nghi ngờ tổn thương) thai do các phẫu thuật, thủ thuật y tế khác"
O46.9,"Chảy máu trước đẻ, không đặc hiệu"
O46.0,Chảy máu trước đẻ do thiếu hụt yếu tố đông máu
O46.8,Chảy máu khác trước đẻ
O45.9,"Rau bong non sớm, không đặc hiệu"
O45.8,Rau bong non khác
O45.0,Rau bong non có thiếu hụt yếu tố đông máu
O42.1,"Vỡ ối sớm, xuất hiện chuyển dạ sau 24 giờ"
O42.2,"Vỡ ối sớm, có điều trị để làm chậm chuyển dạ"
O42.0,"Vỡ ối sớm, xuất hiện chuyển dạ trong vòng 24 giờ"
O42.9,"Vỡ ối sớm, không đặc hiệu"
O47.9,"Chuyển dạ giả, không đặc hiệu"
O47.0,Chuyển dạ giả trước tuần thứ 37
O47.1,Chuyển dạ giả trong hay sau tuần thứ 37
O44.1,Rau tiền đạo có chảy máu
O44.0,Rau tiền đạo không có chảy máu
O41.8,Rối loạn xác định khác của nước ối và màng ối
O41.1,Nhiễm khuẩn ối và màng ối
O41.9,"Rối loạn của màng ối và nước ối, không đặc hiệu"
O41.0,Thiểu ối
O34.4,Chăm sóc bà mẹ vì các bất thường khác ở cổ tử cung
O34.9,"Chăm sóc bà mẹ vì các bất thường của các tạng trong tiểu khung, không xác định"
O34.0,Chăm sóc bà mẹ vì tử cung bị dị dạng bẩm sinh
O34.3,Chăm sóc bà mẹ vì hở eo tử cung
O34.6,Chăm sóc bà mẹ vì bất thường của âm đạo
O34.5,Chăm sóc bà mẹ vì các bất thường khác của tử cung có thai
O34.8,Chăm sóc bà mẹ vì các bất thường khác của các tạng trong tiểu khung
O34.1,Chăm sóc bà mẹ vì khối u của thân tử cung
O34.7,Chăm sóc bà mẹ vì bất thường của âm hộ và tầng sinh môn
O34.2,Chăm sóc bà mẹ vì tử cung có sẹo mổ cũ
O31.8,Biến chứng xác định khác do đa thai
O31.2,Thai kỳ tiếp tục tiến triển sau khi một hay nhiều thai bị chết lưu
O31.1,Thai kỳ tiếp tục tiến triển sau khi sảy một hay nhiều thai
O31.0,Thai giấy
O30.2,Thai tư
O30.0,Song thai
O30.1,Thai ba
O30.9,"Đa thai, không xác định"
O30.8,Đa thai khác
O43.0,Hội chứng truyền máu qua bánh rau
O43.2,Rau cài răng lược
O43.9,"Bệnh lý bánh rau, không đặc hiệu"
O43.1,Dị dạng bánh rau
O43.8,Bệnh lý khác của bánh rau
O33.2,Chăm sóc bà mẹ vì bất tương xứng do hẹp eo trên
O33.0,Chăm sóc bà mẹ vì bất tương xứng do biến dạng khung xương chậu
O33.7,Chăm sóc bà mẹ vì bất tương xứng do các dị dạng của thai khác
O33.4,Chăm sóc bà mẹ vì bất tương xứng có nguồn gốc phối hợp cả mẹ và thai
O33.8,Chăm sóc bà mẹ vì bất tương xứng do các nguyên nhân khác
O33.3,Chăm sóc bà mẹ vì bất tương xứng do hẹp eo dưới
O33.6,Chăm sóc bà mẹ vì bất tương xứng do thai bị não úng thuỷ
O33.9,"Chăm sóc bà mẹ vì bất tương xứng, không xác định"
O33.5,Chăm sóc bà mẹ vì bất tương xứng do thai to bất thường
O33.1,Chăm sóc bà mẹ vì bất tương xứng do khung chậu hẹp toàn bộ
O32.8,Chăm sóc bà mẹ vì ngôi thai bất thường khác
O32.0,Chăm sóc bà mẹ vì ngôi thai không ổn định
O32.5,"Chăm sóc bà mẹ vì đa thai, trong đó một hay nhiều thai có ngôi bất thường"
O32.6,Chăm sóc bà mẹ vì ngôi thai chờm vệ
O32.1,Chăm sóc bà mẹ vì ngôi mông
O32.4,Chăm sóc bà mẹ vì ngôi đầu cao lỏng khi đủ tháng
O32.3,"Chăm sóc bà mẹ vì ngôi mặt, ngôi trán và ngôi cằm"
O32.9,"Chăm sóc bà mẹ vì ngôi thai bất thường, không xác định"
O32.2,Chăm sóc sản khoa vì ngôi vai hay ngôi chếch
O12.1,Protein niệu thai kỳ
O12.0,Phù thai kỳ
O12.2,Phù và protein niệu thai kỳ
O14.2,"Hội chứng HELLP (Sự kết hợp của tan máu, tăng men gan và giảm tiểu cầu)"
O14.9,"Tiền sản giật, không đặc hiệu"
O14.1,Tiền sản giật thể nặng
O14.0,Tiền sản giật thể nhẹ đến trung bình
O15.9,"Sản giật, không xác định thời kỳ xảy ra"
O15.0,Sản giật khi có thai
O15.1,Sản giật trong khi chuyển dạ
O15.2,Sản giật trong thời kỳ sau đẻ
O10.3,"Bệnh tim và thận do tăng huyết áp có sẵn gây biến chứng cho thai kỳ, khi đẻ và sau đẻ"
O10.2,"Bệnh thận do tăng huyết áp có sẵn gây biến chứng cho thai kỳ, khi đẻ và sau đẻ"
O10.1,"Bệnh tim do tăng huyết áp có sẵn gây biến chứng cho thai kỳ, khi đẻ và sau đẻ"
O10.9,"Tăng huyết áp có sẵn không đặc hiệu gây biến chứng cho thai kỳ, khi đẻ và sau đẻ"
O10.4,"Tăng huyết áp thứ phát có sẵn gây biến chứng cho thai kỳ, khi đẻ và sau đẻ"
O10.0,"Tăng huyết áp vô căn (nguyên phát) có sẵn gây biến chứng cho thai kỳ, khi đẻ và sau đẻ"
O96.0,Tử vong do nguyên nhân sản khoa trực tiếp
O96.1,Tử vong do nguyên nhân sản khoa gián tiếp
O96.9,Tử vong do nguyên nhân sản khoa không đặc hiệu
O97.1,Tử vong do di chứng của nguyên nhân sản khoa gián tiếp
O97.0,Tử vong do di chứng của nguyên nhân sản khoa trực tiếp
O97.9,"Tử vong do di chứng của nguyên nhân sản khoa, không đặc hiệu"
O99.4,"Bệnh của hệ thống tuần hoàn gây biến chứng cho thai kỳ, khi đẻ và sau đẻ"
O99.8,"Bệnh và các tình trạng xác định khác biến chứng thời kỳ thai kỳ, khi đẻ và sau đẻ"
O99.5,"Bệnh của hệ thống hô hấp gây biến chứng thai kỳ, khi đẻ và sau đẻ"
O99.6,"Bệnh của hệ thống tiêu hoá gây biến chứng cho thai kỳ, khi đẻ và sau đẻ"
O99.3,"Rối loạn tâm thần và bệnh lý hệ thần kinh gây biến chứng cho thai kỳ, khi đẻ và sau đẻ"
O99.1,"Các bệnh khác của máu, cơ quan tạo máu và rối loại cơ chế miễn dịch gây biến chứng cho thai kỳ, khi đẻ và sau đẻ"
O99.0,"Thiếu máu gây biến chứng cho thai kỳ, khi đẻ và sau đẻ"
O99.2,"Bệnh nội tiết, dinh dưỡng và chuyển hoá gây biến chứng cho thai kỳ, khi đẻ và sau đẻ"
O99.7,"Bệnh của da và tổ chức dưới da gây biến chứng cho thai kỳ, khi đẻ và sau đẻ"
O98.1,"Giang mai gây biến chứng cho thai kỳ, khi đẻ và sau đẻ"
O98.8,"Bệnh nhiễm khuẩn và nhiễm ký sinh trùng khác của bà mẹ gây biến chứng cho thai kỳ, khi đẻ và sau đẻ"
O98.0,"Bệnh lao gây biến chứng cho thai kỳ, khi đẻ và sau đẻ"
O98.6,"Bệnh do đơn bào gây biến chứng cho thai kỳ, khi đẻ và sau đẻ"
O98.4,"Viêm gan vi rút gây biến chứng cho thai kỳ, khi đẻ và sau đẻ"
O98.3,"Nhiễm trùng lây qua đường tình dục khác gây biến chứng cho thai kỳ, khi đẻ và sau đẻ"
O98.9,"Bệnh nhiễm khuẩn và nhiễm ký sinh trùng không xác định của bà mẹ gây biến chứng cho thai kỳ, khi đẻ và sau đẻ"
O98.7,"Bệnh do vi rút gây suy giảm miễn dịch ở người [HIV] gây biến chứng cho thai kỳ, khi đẻ và sau đẻ"
O98.5,"Bệnh do vi rút khác gây biến chứng cho thai kỳ, khi đẻ và sau đẻ"
O98.2,"Bệnh lậu gây biến chứng cho thai kỳ, khi đẻ và sau đẻ"
O06.8,"Phá thai không xác định: Hoàn toàn hoặc không xác định, gây biến chứng khác và không xác định"
O06.5,"Phá thai không xác định: Hoàn toàn hoặc không xác định, gây biến chứng nhiễm khuẩn đường sinh dục và tiểu khung"
O06.3,"Phá thai không xác định: Không hoàn toàn, gây biến chứng khác và không xác định"
O06.6,"Phá thai không xác định: Hoàn toàn hoặc không xác định, gây biến chứng ra máu chậm và nhiều quá mức"
O06.9,"Phá thai không xác định: Hoàn toàn hoặc không xác định, không có biến chứng"
O06.7,"Phá thai không xác định: Hoàn toàn hoặc không xác định, gây biến chứng thuyên tắc mạch"
O06.1,"Phá thai không xác định: Không hoàn toàn, gây biến chứng ra máu nhiều hay kéo dài"
O06.2,"Phá thai không xác định: Không hoàn toàn, gây biến chứng thuyên tắc mạch"
O06.0,"Phá thai không xác định: Không hoàn toàn, gây biến chứng nhiễm khuẩn đường sinh dục và tiểu khung"
O06.4,"Phá thai không xác định: Không hoàn toàn, không có biến chứng"
O04.7,"Phá thai nội khoa: Hoàn toàn hoặc không xác định, gây biến chứng thuyên tắc mạch"
O04.5,"Phá thai nội khoa: Hoàn toàn hoặc không xác định, gây biến chứng nhiễm khuẩn đường sinh dục và tiểu khung"
O04.8,"Phá thai nội khoa: Hoàn toàn hoặc không xác định, gây biến chứng khác và không xác định"
O04.2,"Phá thai nội khoa: Không hoàn toàn, gây biến chứng thuyên tắc mạch"
O04.4,"Phá thai nội khoa: Không hoàn toàn, không có biến chứng"
O04.3,"Phá thai nội khoa: Không hoàn toàn, gây biến chứng khác và không xác định"
O04.9,"Phá thai nội khoa: Hoàn toàn hoặc không xác định, không có biến chứng"
O04.6,"Phá thai nội khoa: Hoàn toàn hoặc không xác định, gây biến chứng ra máu chậm và nhiều quá mức"
O04.1,"Phá thai nội khoa: Không hoàn toàn, gây biến chứng ra máu nhiều hay kéo dài"
O04.0,"Phá thai nội khoa: Không hoàn toàn, gây biến chứng nhiễm khuẩn đường sinh dục và tiểu khung"
O02.8,Bất thường xác định khác của trứng
O02.1,Thai chết lưu
O02.9,"Bất thường khác trong thụ thai, không đặc hiệu"
O02.0,Trứng thoái hoá và trứng không phải là chửa trứng
O00.9,"Thai ngoài tử cung, không xác định"
O00.2,Thai ở buồng trứng
O00.1,Thai ở vòi tử cung
O00.8,Thai ngoài tử cung khác
O00.0,Thai trong ổ bụng
O08.6,"Tổn thương các tạng và tổ chức ở tiểu khung sau sảy thai, thai ngoài tử cung hay thai trứng"
O08.9,"Biến chứng sau sảy thai, thai ngoài tử cung hay thai trứng, không xác định"
O08.4,"Suy thận sau sảy thai, thai ngoài tử cung hay thai trứng"
O08.7,"Biến chứng tĩnh mạch khác sau sảy thai, thai ngoài tử cung hay thai trứng"
O08.5,"Rối loạn chuyển hoá sau sảy thai, thai ngoài tử cung hay thai trứng"
O08.1,"Ra máu kéo dài hay quá nhiều sau sảy thai, thai ngoài tử cung và thai trứng"
O08.3,"Sốc sau sảy thai, thai ngoài tử cung hay thai trứng"
O08.2,"Thuyên tắc mạch sau sảy thai, thai ngoài tử cung hay thai trứng"
O08.0,"Nhiễm khuẩn đường sinh dục và tiểu khung sau sảy thai, thai ngoài tử cung và thai trứng"
O08.8,"Biến chứng khác sau sảy thai, thai ngoài tử cung hay thai trứng"
O03.8,"Sảy thai tự nhiên: Hoàn toàn hoặc không xác định, gây biến chứng khác và không xác định"
O03.0,"Sảy thai tự nhiên: Không hoàn toàn, gây biến chứng nhiễm khuẩn đường sinh dục và tiểu khung"
O03.3,"Sảy thai tự nhiên: Không hoàn toàn, gây biến chứng khác và không xác định"
O03.9,"Sảy thai tự nhiên: Hoàn toàn hoặc không xác định, không có biến chứng"
O03.6,"Sảy thai tự nhiên: Hoàn toàn hoặc không xác định, gây biến chứng ra máu chậm và nhiều quá mức"
O03.1,"Sảy thai tự nhiên: Không hoàn toàn, gây biến chứng ra máu nhiều hay kéo dài"
O03.4,"Sảy thai tự nhiên: Không hoàn toàn, không có biến chứng"
O03.5,"Sảy thai tự nhiên: Hoàn toàn hoặc không xác định, gây biến chứng nhiễm khuẩn đường sinh dục và tiểu khung"
O03.7,"Sảy thai tự nhiên: Hoàn toàn hoặc không xác định, gây biến chứng thuyên tắc mạch"
O03.2,"Sảy thai tự nhiên: Không hoàn toàn, gây biến chứng thuyên tắc mạch"
O01.1,Thai trứng không hoàn toàn và bán phần
O01.0,Thai trứng cổ điển
O01.9,"thai trứng, không xác định"
O05.6,"Phá thai khác: Hoàn toàn hoặc không xác định, gây biến chứng ra máu chậm và nhiều quá mức"
O05.4,"Phá thai khác: Không hoàn toàn, không có biến chứng"
O05.2,"Phá thai khác: Không hoàn toàn, gây biến chứng thuyên tắc mạch"
O05.1,"Phá thai khác: Không hoàn toàn, gây biến chứng ra máu nhiều hay kéo dài"
O05.8,"Phá thai khác: Hoàn toàn hoặc không xác định, gây biến chứng khác và không xác định"
O05.7,"Phá thai khác: Hoàn toàn hoặc không xác định, gây biến chứng thuyên tắc mạch"
O05.3,"Phá thai khác (Không hoàn toàn, gây biến chứng không xác định)"
O05.0,"Phá thai khác: Không hoàn toàn, gây biến chứng nhiễm khuẩn đường sinh dục và tiểu khung"
O05.5,"Phá thai khác: Hoàn toàn hoặc không xác định, gây biến chứng nhiễm khuẩn đường sinh dục và tiểu khung"
O05.9,"Phá thai khác: Hoàn toàn hoặc không xác định, không có biến chứng"
O07.8,"Phá thai chủ động thất bại khác hoặc không xác định, có biến chứng khác và không xác định"
O07.4,"Phá thai nội khoa thất bại, không có biến chứng"
O07.1,"Phá thai nội khoa thất bại, gây biến chứng ra máu chậm hoặc nhiều quá mức"
O07.9,"Phá thai chủ động thất bại khác hoặc không xác định, không có biến chứng"
O07.5,"Phá thai chủ động thất bại khác hoặc không xác định, gây biến chứng nhiễm khuẩn đường sinh dục và tiểu khung"
O07.0,"Phá thai nội khoa thất bại, gây biến chứng nhiễm khuẩn đường sinh dục và tiểu khung"
O07.3,"Phá thai nội khoa thất bại, gây biến chứng khác và không xác định"
O07.2,"Phá thai nội khoa thất bại, gây biến chứng thuyên tắc mạch"
O07.7,"Phá thai nội khoa thất bại khác không xác định, gây biến chứng thuyên tắc mạch"
O07.6,"Phá thai chủ động thất bại khác hoặc không xác định, gây biến chứng ra máu chậm và nhiều quá mức"
O90.1,Toác vết khâu tầng sinh môn
O90.2,Tụ máu vết mổ sản khoa
O90.8,"Biến chứng khác sau đẻ, không phân loại nơi khác"
O90.3,Bệnh lý cơ tim trong thời kỳ hậu sản
O90.4,Suy thận cấp tính sau đẻ
O90.0,Toác vết mổ lấy thai
O90.5,Viêm giáp sau đẻ
O90.9,"Biến chứng sau đẻ, không xác định"
O88.8,Thuyên tắc mạch sản khoa khác
O88.1,Thuyên tắc mạch ối
O88.0,Thuyên tắc mạch sản khoa do khí
O88.2,Thuyên tắc mạch sản khoa do cục máu đông
O88.3,Thuyên tắc mạch do mủ huyết và nhiễm khuẩn sản khoa
O92.7,Rối loạn tiết sữa khác không xác định
O92.4,"Thiếu sữa, ít sữa"
O92.6,Tiết sữa
O92.2,Rối loạn khác và không xác định của vú liên quan đến sinh đẻ
O92.5,Cắt sữa
O92.3,Không có sữa
O92.1,Nứt đầu vú phối hợp với đẻ
O92.0,Tụt núm vú phối hợp với đẻ
O91.1,"Áp xe vú liên quan đến thai kỳ, sinh đẻ và hậu sản"
O91.0,Nhiễm khuẩn núm vú phối hợp với đẻ
O91.2,Viêm vú không mủ liên quan đến đẻ
O87.0,Viêm tắc tĩnh mạch nông sau đẻ
O87.1,Viêm tắc tĩnh mạch sâu sau đẻ
O87.2,Trĩ sau đẻ
O87.9,"Biến chứng tĩnh mạch sau đẻ, không đặc hiệu"
O87.8,Biến chứng tĩnh mạch khác sau đẻ
O87.3,Huyết khối tĩnh mạch não sau đẻ
O86.1,Nhiễm khuẩn đường sinh dục khác sau đẻ
O86.2,Nhiễm khuẩn đường tiết niệu sau đẻ
O86.8,Nhiễm khuẩn sau đẻ xác định khác
O86.4,Sốt không rõ nguyên nhân sau đẻ
O86.0,Nhiễm khuẩn vết thương do phẫu thuật sản khoa
O86.3,Nhiễm khuẩn khác của đường tiết niệu sinh dục sau đẻ
O89.3,Phản ứng độc do gây tê tại chỗ trong thời kỳ sau đẻ
O89.9,"Biến chứng, của gây mê trong thời kỳ sau đẻ"
O89.8,Biến chứng khác của gây mê trong thời kỳ sau đẻ
O89.1,Biến chứng tim của gây mê trong thời kỳ sau đẻ
O89.5,Biến chứng khác của gây tê tuỷ sống và ngoài màng cứng trong thời kỳ sau đẻ
O89.4,Đau đầu do gây tê tuỷ sống và ngoài màng cứng trong thời kỳ sau đẻ
O89.2,Biến chứng của hệ thống thần kinh trung ương do gây mê sau đẻ
O89.0,Biến chứng phổi của gây mê trong thời kỳ sau đẻ
O89.6,Đặt nội khí quản khó hay thất bại trong thời kỳ sau đẻ
O83.9,"Các thủ thuật trong đẻ một thai, không xác định"
O83.3,Đẻ thai sống trong chửa trong ổ bụng
O83.8,Các thủ thuật đặc hiệu khác trong đẻ một thai
O83.2,Đẻ nhờ thủ thuật khác bằng tay
O83.1,Thủ thuật khác trong ngôi mông
O83.4,Các phẫu thuật huỷ thai
O83.0,Kéo thai trong ngôi mông
O81.2,Đặt forcep trung bình có quay
O81.4,Đặt giác hút
O81.1,Đặt forcep trung bình
O81.0,Đặt forcep thấp
O81.5,Đặt phối hợp cả forcep và giác hút
O81.3,Đẻ bằng forcep khác và không xác định
O82.9,"Mổ lấy thai, không xác định"
O82.2,Mổ lấy thai tiếp theo cắt tử cung
O82.0,Mổ lấy thai chủ động
O82.1,Mổ lấy thai cấp cứu
O82.8,Mổ lấy thai khác cho một thai
O80.1,Đẻ thường ngôi mông
O80.8,Đẻ thường một thai khác
O80.9,"Đẻ thường một thai, không xác định"
O80.0,Đẻ thường ngôi đầu
O84.0,Đẻ nhiều thai hoàn toàn tự nhiên
O84.9,"Đẻ nhiều thai, không xác định"
O84.8,Đẻ nhiều thai khác
O84.1,"Đẻ nhiều thai, tất cả bằng forcep hay giác hút"
O84.2,"Đẻ nhiều thai, tất cả bằng mổ lấy thai"
